,metric,value
0,accuracy,0.9552929842457214
1,f1,0.9552964042759962
