time,value
0,-0.7105199999999999
1,-1.1833
2,-1.3724
3,-1.5931
4,-1.4669999999999999
5,-1.3724
6,-1.0888
7,0.045967
8,0.92853
9,1.0861
10,1.2753
11,0.96005
12,0.61333
13,0.014447
14,-0.64748
15,-0.26923
16,-0.20619
17,0.61333
18,1.3698
19,1.4644
20,1.0546
21,0.58181
22,0.17205
23,-0.26923
