time,value
0,-0.9930100000000001
1,-1.4268
2,-1.5799
3,-1.6054
4,-1.6309
5,-1.3758
6,-1.0185
7,-0.3551
8,0.71658
9,1.2014
10,1.1248
11,1.0483
12,0.79313
13,0.46142
14,0.48694
15,0.56348
16,0.61452
17,0.30832
18,0.25729
19,1.0993
20,1.0483
21,0.69107
22,-0.048906
23,-0.38061999999999996
