time,value
0,1.3191
1,0.56977
2,0.19513
3,-0.08585599999999999
4,-0.17952
5,-0.27318000000000003
6,-0.08585599999999999
7,-1.3971
8,-1.1161
9,-0.74149
10,0.007805100000000001
11,-0.08585599999999999
12,0.007805100000000001
13,-0.4605
14,-0.55416
15,-0.74149
16,-0.74149
17,-0.74149
18,-1.1161
19,-0.4605
20,0.47611000000000003
21,2.3493
22,2.2557
23,1.6001
