time,value
0,-0.8124399999999999
1,-1.1576
2,-1.4164
3,-1.5314
4,-1.5027
5,-1.4164
6,-1.6465
7,-0.46734
8,0.65427
9,1.0569
10,1.3445
11,1.2007
12,0.9993799999999999
13,0.65427
14,0.74055
15,0.88434
16,0.88434
17,0.68303
18,0.62551
19,0.4242
20,-0.0071898
21,-0.035949
22,0.10785
23,-0.26602
