time,value
0,-0.9728399999999999
1,-1.3905
2,-1.5367
3,-1.6202
4,-1.6202
5,-1.4532
6,-0.99372
7,0.050469
8,0.63522
9,1.032
10,0.80229
11,0.8231700000000001
12,0.6561
13,0.38461
14,0.32195999999999997
15,0.48903
16,0.61433
17,1.3035
18,1.2409
19,1.0738
20,0.5516800000000001
21,0.42638000000000004
22,-0.17925
23,-0.6387
