time,value
0,0.36741999999999997
1,-0.27781
2,-0.76173
3,-0.8692700000000001
4,-1.1381
5,-1.0843
6,-1.1381
7,-0.60042
8,-1.0843
9,-0.27781
10,0.36741999999999997
11,0.47496000000000005
12,0.52873
13,0.098577
14,-0.27781
15,-0.38535
16,-0.60042
17,-0.54665
18,-0.49288999999999994
19,0.36741999999999997
20,2.3031
21,2.088
22,1.7654
23,1.1740000000000002
