time,value
0,0.087213
1,-0.5764600000000001
2,-1.087
3,-1.3933
4,-1.3933
5,-1.2912
6,-1.7506
7,-0.7296100000000001
8,0.34247
9,1.7209
10,1.8230000000000002
11,1.7719
12,1.1593
13,0.80193
14,0.18932000000000002
15,-0.01489
16,-0.065941
17,-0.065941
18,-0.01489
19,0.087213
20,-0.3212
21,-0.2191
22,0.75088
23,0.18932000000000002
