time,value
0,-1.0991
1,-1.3756
2,-1.5230000000000001
3,-1.5599
4,-1.5968
5,-1.4309
6,-1.1359
7,-0.23271999999999998
8,0.6520699999999999
9,0.9470000000000001
10,1.0023
11,0.9101299999999999
12,0.79953
13,0.43087
14,0.5599
15,0.63363
16,0.8364
17,0.7811
18,1.2051
19,0.9838600000000001
20,0.59677
21,0.30184
22,-0.12212
23,-0.5645100000000001
