time,value
0,-1.1499
1,-1.5492
2,-1.4893
3,-1.5692
4,-1.5692
5,-1.4494
6,-1.09
7,0.08819600000000001
8,0.34779
9,1.0667
10,1.1066
11,1.0467
12,0.64732
13,0.50754
14,0.60738
15,0.62735
16,0.68726
17,0.7272
18,1.0667
19,0.9668200000000001
20,0.5874199999999999
21,0.36776
22,-0.071555
23,-0.5108699999999999
