time,value
0,-0.7562399999999999
1,-1.1884
2,-1.3155
3,-1.4426
4,-1.4426
5,-1.2901
6,-1.5443
7,-0.88334
8,0.41307
9,1.2011
10,1.2773
11,1.2519
12,0.9977299999999999
13,0.84521
14,0.89605
15,0.97231
16,1.0231
17,0.71811
18,0.31139
19,0.48933000000000004
20,-0.14615999999999998
21,-0.19699999999999998
22,0.057195
23,-0.24784
