time,value
0,-0.50952
1,-1.2396
2,-1.2396
3,-1.6046
4,-1.6046
5,-1.1483
6,-0.7832899999999999
7,-1.2396
8,-0.14449
9,0.9505899999999999
10,1.3156
11,1.4981
12,1.2244
13,0.8593299999999999
14,0.49431
15,0.76808
16,0.49431
17,0.49431
18,0.12928
19,-0.327
20,-0.69203
21,1.0418
22,0.8593299999999999
23,0.40305
