time,value
0,-1.0048
1,-1.3816
2,-1.5575
3,-1.6077
4,-1.6579
5,-1.4319
6,-1.0802
7,0.22608000000000003
8,0.9294600000000001
9,1.1807
10,1.1053
11,0.8792200000000001
12,0.72849
13,0.52753
14,0.55265
15,0.65313
16,0.57777
17,0.27631999999999995
18,0.22608000000000003
19,1.2058
20,0.77873
21,0.52753
22,0.02512
23,-0.67825
