time,value
0,-0.9748700000000001
1,-1.2824
2,-1.5490000000000002
3,-1.6105
4,-1.631
5,-1.4875
6,-1.0159
7,-0.13414
8,0.68608
9,1.0347
10,1.0142
11,0.89113
12,0.52204
13,0.44001
14,0.39899999999999997
15,0.41951000000000005
16,0.5425399999999999
17,1.3012
18,1.2192
19,0.91164
20,0.58355
21,0.52204
22,-0.19566
23,-0.60577
