time,value
0,-0.87492
1,-1.2653
2,-1.4884
3,-1.6836
4,-1.6836
5,-1.5163
6,-1.2653
7,-0.3172
8,0.51937
9,1.1329
10,1.1886
11,1.1886
12,0.88189
13,0.57514
14,0.6030300000000001
15,0.63092
16,0.88189
17,0.49149
18,0.2684
19,0.35206
20,0.88189
21,0.63092
22,0.15686
23,-0.28931
