time,value
0,-0.9643200000000001
1,-1.4333
2,-1.5271
3,-1.6209
4,-1.6678
5,-1.4333
6,-0.9643200000000001
7,-0.23742
8,0.65363
9,1.146
10,1.146
11,1.0054
12,0.7708699999999999
13,0.37225
14,0.37225
15,0.55984
16,0.5363899999999999
17,0.39569
18,0.46603999999999995
19,1.4040000000000001
20,0.88812
21,0.55984
22,0.067415
23,-0.49535
