time,value
0,0.83967
1,-0.36945
2,-0.42703
3,-0.8300700000000001
4,-0.9452299999999999
5,-0.88765
6,-1.8089
7,-1.521
8,-1.1179999999999999
9,-0.42703
10,0.37905
11,0.66694
12,0.83967
13,0.14874
14,-0.081568
15,-0.31188
16,-0.54219
17,-0.2543
18,-0.023991
19,0.37905
20,0.95483
21,2.164
22,1.7033
23,1.473
