time,value
0,-0.5855199999999999
1,-0.8197200000000001
2,-1.1878
3,-1.4554
4,-1.79
5,-1.3885
6,-1.0539
7,-0.41823
8,-0.45168
9,0.1171
10,0.5186
11,0.6524300000000001
12,0.55206
13,0.21748
14,-0.1171
15,-0.48513999999999996
16,0.016729
17,1.1543
18,1.422
19,1.6227
20,1.5223
21,1.3216
22,0.68589
23,-0.050187
