time,value
0,-0.25806
1,-0.73144
2,-1.1259
3,-1.3626
4,-1.4809999999999999
5,-1.4415
6,-1.0865
7,-0.77088
8,-0.81033
9,0.018080000000000002
10,0.33366999999999997
11,0.64925
12,0.6887
13,-0.10026
14,-0.21861
15,-0.29751
16,-0.25806
17,0.88594
18,1.5171
19,1.7144
20,1.6355
21,1.3593
22,0.84649
23,0.29422
