time,value
0,-0.8695799999999999
1,-1.2261
2,-1.4181
3,-1.5278
4,-1.5278
5,-1.4729
6,-1.5552
7,-0.6501899999999999
8,0.50164
9,1.1873
10,1.2147
11,1.2969
12,1.0227
13,0.6936100000000001
14,0.6936100000000001
15,0.8033100000000001
16,0.8033100000000001
17,0.66619
18,0.39194
19,0.33709
20,0.090272
21,0.1177
22,0.44678999999999996
23,-0.019426
