time,value
0,-1.0707
1,-1.314
2,-1.4824
3,-1.5573
4,-1.5573
5,-1.4824
6,-1.052
7,-0.17234000000000002
8,0.46398999999999996
9,0.9693
10,0.9318700000000001
11,0.9131600000000001
12,0.68857
13,0.63243
14,0.4827
15,0.52013
16,0.6511399999999999
17,1.2875
18,1.0816
19,1.0629
20,0.66986
21,0.31426
22,-0.26592
23,-0.71509
