time,value
0,-1.042
1,-1.3488
2,-1.5214
3,-1.6173
4,-1.6365
5,-1.2146
6,-1.0995
7,-0.2557
8,0.77988
9,1.1442
10,1.1634
11,0.97165
12,0.85659
13,0.49222
14,0.45386000000000004
15,0.53057
16,0.70317
17,0.68399
18,1.1059
19,1.01
20,0.51139
21,0.24291
22,-0.21734
23,-0.69677
