time,value
0,-0.81287
1,-1.1727
2,-1.5069
3,-1.5583
4,-1.6097
5,-1.3783
6,-1.1213
7,-0.63294
8,0.62652
9,1.3205
10,1.3976
11,1.3976
12,1.1663
13,0.7550399999999999
14,0.65222
15,0.70363
16,0.67793
17,0.42089
18,0.29238000000000003
19,0.086749
20,0.0096387
21,0.52371
22,0.18955999999999998
23,-0.42732
