time,value
0,-1.0945
1,-1.3614
2,-1.6061
3,-1.6505
4,-1.6505
5,-1.4726
6,-1.1167
7,0.26227
8,0.8405600000000001
9,1.1297
10,1.1075
11,1.0185
12,0.77384
13,0.37348000000000003
14,0.37348000000000003
15,0.5959
16,0.55142
17,0.35124
18,0.50693
19,1.1742
20,0.7516
21,0.46245
22,0.017608000000000002
23,-0.33826
