time,value
0,-0.83894
1,-1.1511
2,-1.4633
3,-1.5881
4,-1.713
5,-1.4321
6,-1.0262
7,-0.43313
8,0.22241999999999998
9,0.44093000000000004
10,0.9716100000000001
11,1.034
12,0.81553
13,0.44093000000000004
14,0.097551
15,0.097551
16,0.12877
17,1.034
18,1.3774
19,1.4711
20,1.0965
21,0.69066
22,0.066335
23,-0.33948
