time,value
0,-0.9655100000000001
1,-1.345
2,-1.5584
3,-1.6533
4,-1.6296
5,-1.4636
6,-1.0604
7,0.078071
8,0.62358
9,1.264
10,1.1928
11,0.95562
12,0.7896
13,0.36268
14,0.41012
15,0.33896
16,0.5049899999999999
17,0.33896
18,0.52871
19,1.43
20,0.8133199999999999
21,0.5049899999999999
22,-0.0168
23,-0.44372
