time,value
0,-0.40498
1,-1.0099
2,-1.3326
3,-1.4535
4,-1.4939
5,-1.2922
6,-0.8486
7,-0.5259699999999999
8,0.80491
9,1.4099
10,1.4099
11,1.2082
12,0.76458
13,0.11930999999999999
14,-0.32432
15,-0.24366
16,-0.163
17,-0.44531000000000004
18,-0.163
19,1.7325
20,1.4099
21,0.9259
22,0.15964
23,-0.24366
