time,value
0,-0.92025
1,-1.3825
2,-1.5366
3,-1.6136
4,-1.6393
5,-1.4339
6,-0.99729
7,-0.3039
8,0.67199
9,1.1343
10,1.2113
11,1.2113
12,0.77472
13,0.36382
14,0.3895
15,0.33814
16,0.46653999999999995
17,0.3895
18,0.3895
19,1.3911
20,0.9031299999999999
21,0.62063
22,-0.098445
23,-0.32958000000000004
