time,value
0,-0.64847
1,-1.0947
2,-1.3736
3,-1.4852
4,-1.6525
5,-1.4294
6,-0.81581
7,-0.87159
8,0.13248
9,1.0808
10,1.3597
11,1.3597
12,1.3039
13,0.85765
14,0.80187
15,0.91343
16,1.0808
17,0.5787399999999999
18,0.35561
19,-0.034864
20,-0.70425
21,0.18825999999999998
22,0.29983000000000004
23,-0.20221
