time,value
0,-0.9738600000000001
1,-1.2951
2,-1.5629
3,-1.6432
4,-1.5093
5,-1.5093
6,-1.081
7,-0.38486
8,0.47186999999999996
9,1.3822
10,1.3286
11,1.2751
12,0.9002399999999999
13,0.65928
14,0.71283
15,0.71283
16,0.63251
17,0.36478
18,0.28446
19,0.12382
20,0.31123
21,0.8466899999999999
22,0.23092
23,-0.27776999999999996
