time,value
0,-0.8882200000000001
1,-1.3608
2,-1.5847
3,-1.6096
4,-1.5847
5,-1.4603
6,-0.98772
7,-0.5151
8,0.50474
9,1.1017
10,1.1763
11,1.0271
12,0.67886
13,0.33061999999999997
14,0.45498999999999995
15,0.45498999999999995
16,0.57936
17,0.43012
18,0.45498999999999995
19,1.45
20,0.9524799999999999
21,0.75348
22,0.057004
23,-0.41561000000000003
