time,value
0,-1.0434
1,-1.3483
2,-1.5008
3,-1.577
4,-1.6342
5,-1.4627
6,-1.0815
7,-0.2811
8,0.8433
9,0.9767100000000001
10,0.9767100000000001
11,0.86236
12,0.7099
13,0.38592
14,0.53838
15,0.51932
16,0.74802
17,1.0148
18,1.1673
19,1.0339
20,0.51932
21,0.30969
22,-0.10958
23,-0.56697
