time,value
0,0.33926
1,-0.32542
2,-0.71315
3,-0.93471
4,-1.1009
5,-1.1009
6,-0.8793200000000001
7,-0.54698
8,-0.9901
9,-0.32542
10,0.28386999999999996
11,0.61621
12,0.50543
13,0.1177
14,-0.38081
15,-0.54698
16,-0.71315
17,-0.71315
18,-0.38081
19,0.45003999999999994
20,2.3887
21,2.0564
22,1.724
23,1.1701
