time,value
0,-0.75213
1,-1.0693
2,-1.36
3,-1.4921
4,-1.5186
5,-1.3864
6,-1.4921
7,-0.59355
8,0.41075
9,1.1508
10,1.3093
11,1.2829
12,1.0715
13,0.86005
14,0.9393299999999999
15,0.9129
16,0.99219
17,0.7279
18,0.46361
19,0.27860999999999997
20,-0.17069
21,-0.19712000000000002
22,-0.11782999999999999
23,-0.24996999999999997
