time,value
0,-0.35731
1,-0.85205
2,-1.3056
3,-1.4705
4,-1.5117
5,-1.4705
6,-1.0170000000000001
7,-0.72836
8,-0.43977
9,0.013743
10,0.6733899999999999
11,0.75585
12,0.75585
13,0.17865999999999999
14,-0.39854
15,-0.27485
16,-0.027485000000000002
17,1.0857
18,1.5392
19,1.6629
20,1.5392
21,1.0857
22,0.5909399999999999
23,-0.027485000000000002
