time,value
0,0.065389
1,-0.52988
2,-1.1251
3,-1.3957
4,-1.4498
5,-1.2875
6,-1.9909999999999999
7,-0.74634
8,0.55243
9,1.4724
10,1.8512
11,1.743
12,1.2559
13,0.49831000000000003
14,-0.096956
15,0.17362
16,0.1195
17,0.065389
18,0.065389
19,0.28185
20,0.011274
21,-0.096956
22,0.55243
23,0.011274
