time,value
0,-0.89604
1,-1.2313
2,-1.4117
3,-1.4891
4,-1.4891
5,-1.4375
6,-1.4891
7,-0.74133
8,0.47058
9,1.2184
10,1.1926
11,1.141
12,1.1152
13,0.75422
14,0.72844
15,0.85736
16,0.8315799999999999
17,0.9605
18,0.29009
19,0.36744
20,0.006446300000000001
21,0.058017
22,0.2643
23,-0.07091
