time,value
0,-1.1149
1,-1.3384
2,-1.5213
3,-1.6025
4,-1.6025
5,-1.501
6,-1.0337
7,-0.078731
8,0.49016000000000004
9,0.73397
10,0.69334
11,0.93715
12,0.97778
13,0.55111
14,0.55111
15,0.73397
16,0.81524
17,1.0997
18,1.0387
19,1.0794
20,0.61207
21,0.24635
22,-0.16
23,-0.6069899999999999
