time,value
0,0.2081
1,-0.56485
2,-1.0405
3,-1.2783
4,-1.3378
5,-1.1
6,-1.8135
7,-0.74322
8,0.32702
9,1.6945
10,2.2297
11,1.8135
12,1.0405
13,0.2081
14,-0.029729000000000002
15,0.029729000000000002
16,0.029729000000000002
17,0.029729000000000002
18,-0.14864000000000002
19,0.029729000000000002
20,-0.2081
21,-0.26755999999999996
22,0.74322
23,0.14864000000000002
