time,value
0,-1.1455
1,-1.3888
2,-1.6077
3,-1.6321
4,-1.5834
5,-1.3401
6,-0.9022
7,-0.48861000000000004
8,0.5332100000000001
9,1.1658
10,1.0928
11,0.9711299999999999
12,0.7035100000000001
13,0.46021999999999996
14,0.38724000000000003
15,0.58187
16,0.5575399999999999
17,0.38724000000000003
18,0.31425
19,1.3361
20,1.1171
21,0.7035100000000001
22,0.07096000000000001
23,-0.29398
