time,value
0,-0.88008
1,-1.2583
2,-1.462
3,-1.5492
4,-1.6074
5,-1.5201
6,-1.0256
7,-0.7928
8,0.34185
9,0.7782600000000001
10,1.2438
11,1.2438
12,1.1565
13,0.66188
14,0.72007
15,0.80735
16,1.0692
17,0.86554
18,0.48732
19,0.42913
20,0.22548
21,0.51641
22,-0.094555
23,-0.3564
