time,value
0,-0.41136999999999996
1,-0.67348
2,-1.1103
3,-1.2414
4,-1.4161
5,-1.3288
6,-0.8482299999999999
7,-0.58611
8,-0.8045399999999999
9,0.06916900000000001
10,0.68077
11,0.7681399999999999
12,0.63708
13,0.06916900000000001
14,-0.36769
15,-0.49873999999999996
16,-0.36769
17,-0.018202
18,1.7729
19,2.035
20,1.5545
21,1.4234
22,0.63708
23,0.025483000000000002
