time,value
0,-0.98674
1,-1.3844
2,-1.5037
3,-1.5833
4,-1.6230000000000002
5,-1.3446
6,-0.98674
7,-0.091963
8,0.92211
9,1.121
10,1.121
11,1.0016
12,0.80281
13,0.3256
14,0.34548
15,0.38525
16,0.52444
17,0.74316
18,1.2204
19,1.1408
20,0.54432
21,0.26595
22,-0.27092
23,-0.68848
