time,value
0,-0.8899600000000001
1,-1.2677
2,-1.4421
3,-1.5293
4,-1.5293
5,-1.4712
6,-1.1806
7,-0.7156
8,0.24338
9,1.0571
10,1.2605
11,1.3186
12,1.0861
13,0.7374
14,0.82458
15,0.8827
16,0.96988
17,0.62116
18,0.4468
19,0.18525999999999998
20,0.098077
21,0.5921
22,0.098077
23,-0.39594
