time,value
0,-0.026951999999999997
1,-0.6276
2,-1.1821
3,-1.5979
4,-1.4593
5,-1.2283
6,-1.7827
7,-1.2283
8,0.34268000000000004
9,1.3592
10,1.6826
11,1.544
12,0.8971299999999999
13,0.43509
14,0.065456
15,0.15786
16,-0.026951999999999997
17,0.15786
18,-0.026951999999999997
19,0.11166
20,0.15786
21,1.0819
22,0.8971299999999999
23,0.29648
