time,value
0,-1.0644
1,-1.3238
2,-1.5615
3,-1.6047
4,-1.5831
5,-1.4318
6,-0.91312
7,-0.07024
8,0.6429699999999999
9,0.9023200000000001
10,0.9023200000000001
11,0.8590899999999999
12,0.6645800000000001
13,0.36201
14,0.36201
15,0.5132899999999999
16,0.5997399999999999
17,0.6429699999999999
18,1.3562
19,1.3778
20,0.8374799999999999
21,0.36201
22,-0.048628
23,-0.78345
