time,value
0,-0.78046
1,-1.1359
2,-1.382
3,-1.4641
4,-1.4641
5,-1.382
6,-1.4914
7,-0.67108
8,0.23129
9,1.2429999999999999
10,1.4618
11,1.4071
12,1.2977
13,0.69615
14,0.69615
15,0.8328700000000001
16,0.86021
17,0.45005
18,0.36801
19,0.25863
20,-0.014812
21,0.039876999999999996
22,0.20394
23,-0.26091
