time,value
0,0.3222
1,-0.084789
2,-0.54992
3,-0.84062
4,-0.95691
5,-1.015
6,-0.72434
7,-1.4802
8,-1.1313
9,-0.37549
10,0.26406
11,0.49662
12,0.49662
13,0.14778
14,-0.25921
15,-0.25921
16,-0.6662
17,-0.43363999999999997
18,-0.49178
19,0.20592
20,2.1827
21,2.2409
22,1.7176
23,1.1943
