time,value
0,-0.76022
1,-1.2362
2,-1.3948
3,-1.5799
4,-1.6857
5,-1.3948
6,-1.4742
7,-0.6015699999999999
8,0.58835
9,1.1172
10,1.3023
11,1.2494
12,0.9321
13,0.7205600000000001
14,0.747
15,0.8263299999999999
16,0.85277
17,0.61479
18,0.50902
19,0.40325
20,0.19171
21,0.085938
22,0.19171
23,-0.20493000000000003
