time,value
0,0.50632
1,-0.34943
2,-0.8628899999999999
3,-1.2622
4,-1.3763
5,-1.2052
6,-0.8628899999999999
7,-1.6045
8,-0.9769899999999999
9,-0.064182
10,0.73452
11,0.79157
12,0.79157
13,0.16402
14,-0.34943
15,-0.23533
16,-0.23533
17,-0.29238000000000003
18,-0.064182
19,1.0198
20,1.0198
21,2.3319
22,1.4762
23,0.9056700000000001
