time,value
0,-0.4688
1,-0.89854
2,-1.3673
3,-1.4455
4,-1.4845
5,-1.2501
6,-0.74227
7,-0.5078699999999999
8,0.5078699999999999
9,1.4455
10,1.4845
11,1.2111
12,0.8204
13,0.19533
14,-0.31253000000000003
15,-0.31253000000000003
16,-0.42973
17,-0.42973
18,-0.1172
19,1.7189
20,1.4845
21,0.9376
22,0.19533
23,-0.2344
