time,value
0,-1.0668
1,-1.3888
2,-1.5498
3,-1.6418
4,-1.6188
5,-1.4348
6,-0.9747399999999999
7,-0.35367
8,0.63545
9,1.2335
10,1.0495
11,0.79647
12,0.58945
13,0.38242
14,0.47443
15,0.5434399999999999
16,0.5434399999999999
17,0.35941999999999996
18,0.45143
19,1.4175
20,1.0265
21,0.77347
22,0.083385
23,-0.33066999999999996
