time,value
0,-0.19934000000000002
1,-0.70591
2,-1.2125
3,-1.5502
4,-1.5502
5,-1.4939
6,-1.0999
7,-0.93106
8,-0.25563
9,1.1515
10,1.7144
11,1.4892
12,1.1515
13,1.0952
14,0.082083
15,-0.19934000000000002
16,-0.030488
17,-0.030488
18,-0.086774
19,0.025798
20,0.47608
21,1.4892
22,0.53237
23,0.13837
