time,value
0,-0.98161
1,-1.3422
2,-1.5345
3,-1.6547
4,-1.6066
5,-1.4384
6,-0.98161
7,-0.45274
8,0.7492300000000001
9,1.3021
10,1.3743
11,1.23
12,0.9896299999999999
13,0.77327
14,0.6530699999999999
15,0.41268
16,0.67711
17,0.4848
18,0.2444
19,0.19632
20,0.14824
21,0.7492300000000001
22,0.2444
23,-0.23639000000000002
