time,value
0,0.29828000000000005
1,-0.51807
2,-1.0832
3,-1.3344
4,-1.2716
5,-1.2088
6,-1.9624
7,-0.76926
8,0.48667
9,1.617
10,1.9938
11,1.6798
12,1.2402
13,0.54947
14,-0.20409000000000002
15,-0.015699
16,0.10989000000000002
17,-0.07849600000000001
18,-0.015699
19,-0.015699
20,-0.015699
21,-0.26689
22,0.7378600000000001
23,0.047097
