time,value
0,-0.4595
1,-0.9311
2,-1.439
3,-1.5115
4,-1.6204
5,-1.4027
6,-0.8948200000000001
7,0.012092
8,0.48368999999999995
9,1.318
10,1.3543
11,1.1004
12,0.5199600000000001
13,0.19347999999999999
14,-0.3144
15,-0.20556999999999997
16,-0.3144
17,-0.24184
18,0.3023
19,1.6808
20,1.6808
21,0.84645
22,0.12092
23,-0.27812
