time,value
0,-0.95324
1,-1.6212
2,-1.3707
3,-1.4542
4,-1.4542
5,-1.5655
6,-1.1481
7,-0.25744
8,0.6609999999999999
9,1.1898
10,1.2176
11,1.2455
12,0.9949899999999999
13,0.60534
14,0.6609999999999999
15,0.71667
16,0.9114899999999999
17,0.52185
18,0.46618000000000004
19,0.27136
20,0.7445
21,0.29919
22,-0.17395
23,-0.50793
