time,value
0,-0.82904
1,-1.1944
2,-1.5035
3,-1.6440000000000001
4,-1.5878
5,-1.4754
6,-1.4473
7,-0.21076999999999999
8,0.68852
9,1.2787
10,1.2506
11,1.2506
12,0.99766
13,0.66042
14,0.63232
15,0.85714
16,0.77283
17,0.60422
18,0.29508
19,0.15457
20,0.12646
21,0.21076999999999999
22,0.32318
23,-0.21076999999999999
