time,value
0,-1.119
1,-1.4021
2,-1.5437
3,-1.6043
4,-1.5437
5,-1.3819
6,-1.0583
7,-0.20897
8,0.45838
9,0.96394
10,1.0044
11,0.6606
12,0.72127
13,0.5594899999999999
14,0.5999399999999999
15,0.88305
16,0.80216
17,1.0651
18,1.1055
19,1.0044
20,0.5797100000000001
21,0.27637
22,-0.24941
23,-0.57297
