time,value
0,-0.052621
1,-0.5752
2,-1.0978
3,-1.3591
4,-1.4462
5,-1.4026
6,-0.9671299999999999
7,-0.61875
8,-0.83649
9,-0.13972
10,0.55705
11,0.6006
12,0.55705
13,0.12157000000000001
14,-0.35746
15,-0.31390999999999997
16,-0.53165
17,-0.052621
18,1.4716
19,1.5587
20,1.9069999999999998
21,1.5587
22,1.1232
23,0.29575999999999997
