time,value
0,1.209
1,0.57029
2,-0.25093000000000004
3,-0.34217
4,-0.70715
5,-0.6159100000000001
6,-0.34217
7,-1.3459
8,-0.9808899999999999
9,-0.43341999999999997
10,0.11406
11,0.38779
12,0.29655
13,-0.15968
14,-0.43341999999999997
15,-0.70715
16,-0.52466
17,-0.88965
18,-0.70715
19,-0.43341999999999997
20,-0.25093000000000004
21,2.2127
22,2.2127
23,2.1215
