time,value
0,-0.81595
1,-1.0806
2,-1.3452
3,-1.4334
4,-1.5216
5,-1.4334
6,-1.5216
7,-0.66894
8,0.15437
9,1.1835
10,1.3305
11,1.3011
12,1.2423
13,0.80125
14,0.80125
15,0.86006
16,0.9188700000000001
17,0.65423
18,0.47781
19,0.3602
20,-0.13967000000000002
21,-0.16907
22,0.15437
23,-0.11026
