time,value
0,-1.2386
1,-1.3335
2,-1.5045
3,-1.5615
4,-1.5425
5,-1.4855
6,-1.0106
7,-0.13692000000000001
8,0.60385
9,1.0027
10,1.0027
11,0.90776
12,0.7558
13,0.52788
14,0.50888
15,0.64184
16,0.71782
17,1.0977
18,1.1357
19,0.92675
20,0.52788
21,0.29995
22,-0.26987
23,-0.5737800000000001
