time,value
0,-1.0379
1,-1.3017
2,-1.4695
3,-1.5894
4,-1.6133
5,-1.5174
6,-1.0619
7,-0.0069927999999999995
8,1.2157
9,1.1438
10,1.1198
11,1.0959
12,0.9759899999999999
13,0.35264
14,0.42456000000000005
15,0.44853999999999994
16,0.44853999999999994
17,0.30469
18,0.44853999999999994
19,1.2157
20,0.6643100000000001
21,0.35264
22,-0.10289000000000001
23,-0.51047
