time,value
0,-0.37358
1,-0.9866299999999999
2,-1.4464
3,-1.6763
4,-1.7529
5,-1.3698
6,-0.91
7,-0.9866299999999999
8,-0.22032
9,0.8525299999999999
10,1.0058
11,1.3123
12,1.2357
13,0.7759
14,0.46937
15,0.7759
16,0.92916
17,0.39274000000000003
18,0.16284
19,0.009579
20,-0.37358
21,1.3123
22,0.92916
23,-0.067053
