time,value
0,-1.1592
1,-1.3014
2,-1.5249
3,-1.5656
4,-1.6062
5,-1.4436
6,-1.0779
7,0.019474
8,0.7307100000000001
9,1.1778
10,1.1778
11,1.0965
12,1.0355
13,0.79168
14,0.71039
15,0.48686
16,0.44622
17,0.48686
18,0.26333
19,0.89328
20,0.66975
21,0.46653999999999995
22,-0.12277
23,-0.65112
