time,value
0,-0.69492
1,-1.2358
2,-1.4161
3,-1.5063
4,-1.5063
5,-1.5063
6,-1.0555
7,-1.0105
8,-0.06385700000000001
9,1.1081
10,1.3786
11,1.3335
12,1.1081
13,0.74751
14,0.61228
15,1.063
16,0.92781
17,0.61228
18,0.25167
19,0.16152
20,0.026294
21,0.65736
22,0.2066
23,-0.19908
