time,value
0,0.98403
1,0.16965999999999998
2,-0.51942
3,-0.8326399999999999
4,-0.8952899999999999
5,-0.70736
6,-0.70736
7,-1.7723
8,-0.8952899999999999
9,0.48288000000000003
10,0.67081
11,0.73346
12,0.73346
13,0.42023999999999995
14,-0.51942
15,-0.64471
16,-0.70736
17,-0.77
18,-0.70736
19,-0.26885
20,0.2323
21,2.4248
22,1.9237
23,1.172
