time,value
0,0.47297
1,-0.39603
2,-0.72191
3,-1.1564
4,-1.2107
5,-1.0478
6,-0.77622
7,-1.3193
8,-0.8305299999999999
9,0.25572
10,0.9617899999999999
11,1.1247
12,0.5816
13,0.20140999999999998
14,-0.23309000000000002
15,-0.34171999999999997
16,-0.66759
17,-0.72191
18,-0.45033999999999996
19,-0.015841
20,0.79885
21,2.2653
22,1.9394
23,1.2877
