time,value
0,-1.0987
1,-1.1346
2,-1.6003
3,-1.7078
4,-1.6362
5,-1.4569999999999999
6,-1.0271
7,-0.70462
8,0.47771
9,1.2301
10,1.2659
11,1.1226
12,0.7643399999999999
13,0.65685
14,0.51354
15,0.62103
16,0.72851
17,0.37023
18,0.40606
19,0.37023
20,0.0836
21,1.0151
22,0.62103
23,0.11943
