time,value
0,-1.0294
1,-1.2402
2,-1.3455
3,-1.5562
4,-1.4772
5,-1.3455
6,-1.4509
7,-0.76605
8,0.2612
9,0.9723700000000001
10,1.1304
11,1.1831
12,0.76166
13,0.89335
14,0.89335
15,1.0777
16,1.1041
17,0.78799
18,0.6299600000000001
19,0.36656
20,0.050483999999999994
21,-0.054874
22,0.2612
23,-0.10755
