time,value
0,0.29127
1,-0.3239
2,-0.8831399999999999
3,-1.1068
4,-1.2746
5,-0.6594399999999999
6,-0.8831399999999999
7,-0.49167
8,-1.1628
9,-0.3239
10,0.5709
11,0.6268199999999999
12,0.6268199999999999
13,-0.1002
14,-0.3239
15,-0.3239
16,-0.6594399999999999
17,-0.5476
18,-0.5476
19,0.40312
20,2.3605
21,2.0249
22,1.8012
23,0.90645
