time,value
0,-0.8146100000000001
1,-1.2711
2,-1.5666
3,-1.6203
4,-1.6471
5,-1.4054
6,-1.0294
7,-0.46548999999999996
8,0.7967
9,1.4144
10,1.307
11,1.3338
12,1.0921
13,0.55501
14,0.68928
15,0.55501
16,0.52815
17,0.2596
18,0.12532000000000001
19,0.20589000000000002
20,0.23274
21,0.7967
22,0.2596
23,-0.33121
