time,value
0,-1.1461
1,-1.4167
2,-1.5833
3,-1.5833
4,-1.625
5,-1.4584
6,-0.8753799999999999
7,-0.00086758
8,0.39475
9,1.0194
10,0.97775
11,0.8320000000000001
12,0.62379
13,0.37392
14,0.43638999999999994
15,0.5405
16,0.5613199999999999
17,0.64461
18,1.2901
19,1.3525
20,0.7278899999999999
21,0.47803
22,-0.021689
23,-0.54223
