time,value
0,-0.97403
1,-1.0925
2,-1.2999
3,-1.4481
4,-1.4481
5,-1.2999
6,-1.3296
7,-0.70738
8,0.27036
9,1.2185
10,1.3074
11,1.4259
12,1.0407
13,0.80367
14,0.95181
15,1.0703
16,0.89256
17,0.80367
18,0.53701
19,-0.055553
20,-0.23331999999999997
21,-0.26295
22,0.092589
23,-0.26295
