time,value
0,0.15975999999999999
1,-0.26043
2,-0.8382
3,-1.1008
4,-1.2059
5,-1.1533
6,-1.1533
7,-1.6261
8,-0.99577
9,-0.10286
10,0.47491000000000005
11,0.73753
12,0.73753
13,0.5274300000000001
14,-0.20790999999999998
15,-0.10286
16,-0.26043
17,-0.31296
18,0.10724000000000002
19,0.31733
20,0.73753
21,2.2082
22,2.1032
23,1.2102
