time,value
0,-0.9479200000000001
1,-1.2676
2,-1.4807
3,-1.5606
4,-1.6139
5,-1.534
6,-1.1078
7,-0.25529
8,0.54389
9,1.2365
10,1.3431
11,1.3431
12,0.9701200000000001
13,0.57053
14,0.59717
15,0.73037
16,0.8369200000000001
17,0.51725
18,0.35741
19,0.19758
20,0.65045
21,0.46397
22,-0.095458
23,-0.49505
