time,value
0,-0.78213
1,-1.0598
2,-1.2819
3,-1.4763
4,-1.4763
5,-1.4208
6,-1.4763
7,-0.8376600000000001
8,0.32859
9,1.0506
10,1.2727
11,1.2172
12,1.1061
13,0.80064
14,0.8284100000000001
15,1.0228
16,1.1061
17,0.8561799999999999
18,0.55073
19,0.18975
20,-0.1157
21,-0.087931
22,0.050908
23,-0.36561
