time,value
0,0.591
1,-0.08151699999999999
2,-0.44833999999999996
3,-0.63176
4,-0.75403
5,-0.81517
6,-1.8545
7,-1.9156
8,-0.9985799999999999
9,-0.44833999999999996
10,0.71327
11,0.89669
12,0.83555
13,0.46871999999999997
14,-0.020378999999999998
15,-0.20379
16,-0.57062
17,-0.32606999999999997
18,-0.20379
19,-0.08151699999999999
20,0.77441
21,1.3246
22,2.3029
23,1.4469
