time,value
0,-0.94847
1,-1.2804
2,-1.557
3,-1.5846
4,-1.6399
5,-1.5293
6,-1.2527
7,-0.42295
8,0.18554
9,0.95999
10,1.043
11,1.043
12,0.84936
13,0.71106
14,0.7663800000000001
15,0.9323299999999999
16,1.043
17,0.60043
18,0.43446999999999997
19,0.40681999999999996
20,0.7663800000000001
21,0.65574
22,0.13022999999999998
23,-0.31231
