time,value
0,-0.42086
1,-0.9957
2,-1.4063
3,-1.4884
4,-1.4884
5,-1.3242
6,-0.9957
7,-1.5705
8,-0.010265
9,0.81093
10,1.1394
11,1.0573
12,1.3858
13,0.7288100000000001
14,0.56457
15,0.64669
16,0.48245
17,0.48245
18,0.15397
19,-0.09238500000000001
20,-0.50298
21,1.3858
22,1.0573
23,0.40033
