time,value
0,-0.9097200000000001
1,-1.2692
2,-1.5328
3,-1.6287
4,-1.6287
5,-1.4369999999999998
6,-1.2692
7,-0.33453
8,0.6480899999999999
9,1.0795
10,1.0315
11,1.0555
12,0.8398200000000001
13,0.36049000000000003
14,0.60016
15,0.50429
16,0.43238999999999994
17,0.28859
18,0.36049000000000003
19,1.415
20,0.93568
21,0.69602
22,0.12082999999999999
23,-0.3585
