time,value
0,-0.89764
1,-1.2205
2,-1.4537
3,-1.4896
4,-1.5613
5,-1.3999
6,-1.1667
7,-0.82589
8,0.7347
9,1.0576
10,1.0935
11,1.0217
12,0.94996
13,0.6450100000000001
14,0.5373899999999999
15,0.62707
16,0.8423299999999999
17,1.0935
18,0.9678899999999999
19,0.75264
20,0.4477
21,0.10687999999999999
22,-0.28775
23,-0.57476
