time,value
0,0.17739000000000002
1,-0.43881000000000003
2,-0.9990000000000001
3,-1.2231
4,-1.2231
5,-1.2231
6,-1.5032
7,-0.9429799999999999
8,0.5135
9,1.7459
10,2.138
11,2.026
12,1.1857
13,0.28943
14,-0.046682
15,-0.046682
16,-0.046682
17,-0.27076
18,-0.27076
19,0.009336399999999998
20,-0.15872
21,-0.38279
22,0.56952
23,0.12137
