time,value
0,-1.071
1,-1.3514
2,-1.5384
3,-1.5757
4,-1.5757
5,-1.501
6,-0.94015
7,-0.042839999999999996
8,0.55537
9,0.9666299999999999
10,1.0788
11,1.0414
12,0.87316
13,0.53667
14,0.6301399999999999
15,0.70492
16,0.83578
17,1.0601
18,1.0227
19,0.70492
20,0.38711999999999996
21,0.20018
22,-0.32325
23,-0.6784399999999999
