time,value
0,-1.0254
1,-1.4202
2,-1.5957
3,-1.6615
4,-1.5957
5,-1.486
6,-1.0474
7,-0.10419
8,0.70738
9,0.97059
10,1.0145
11,0.97059
12,0.81705
13,0.57577
14,0.55384
15,0.64157
16,0.64157
17,0.57577
18,0.9047799999999999
19,0.97059
20,0.75124
21,0.4661
22,-0.038385
23,-0.5867399999999999
