time,value
0,-0.55696
1,-0.86175
2,-1.2972
3,-1.4713
4,-1.689
5,-1.2972
6,-1.1665
7,-0.64404
8,-0.55696
9,-0.078011
10,0.61865
11,0.83635
12,0.87989
13,0.18324000000000001
14,-0.12155
15,-0.25218
16,-0.12155
17,1.0976
18,1.3588
19,1.4895
20,1.4459
21,1.2718
22,0.66219
23,0.27032
