time,value
0,-0.9405700000000001
1,-1.3966
2,-1.5391
3,-1.6246
4,-1.7101
5,-1.4821
6,-1.1116
7,-4.0799e-09
8,0.57004
9,1.3681
10,1.2826
11,1.2826
12,0.9405700000000001
13,0.42753
14,0.22801999999999997
15,0.68405
16,0.68405
17,0.5130399999999999
18,0.25651999999999997
19,0.39903
20,0.5415399999999999
21,0.5415399999999999
22,0.34203
23,-0.25651999999999997
