time,value
0,-0.83105
1,-1.2198
2,-1.5188
3,-1.6085
4,-1.7281
5,-1.4889
6,-0.89085
7,-0.47222
8,0.7239
9,1.4416
10,1.3818
11,1.1425
12,0.9033100000000001
13,0.36506
14,0.48467
15,0.51458
16,0.42486999999999997
17,0.18565
18,0.15574000000000002
19,0.7538
20,1.0229
21,0.66409
22,-0.023673
23,-0.38251
