time,value
0,-0.19044
1,-0.70301
2,-1.1729
3,-1.301
4,-1.4292
5,-1.301
6,-1.002
7,-0.57487
8,-0.70301
9,-0.14772000000000002
10,0.53571
11,0.57843
12,0.19399999999999998
13,-0.06229199999999999
14,-0.27586
15,-0.31858000000000003
16,-0.40401
17,0.15128
18,1.6463
19,1.9026
20,1.6463
21,1.6036
22,1.0483
23,0.27942
