time,value
0,-1.0085
1,-1.3532
2,-1.6183
3,-1.3797
4,-1.6979
5,-1.5918
6,-1.0351
7,-0.26621999999999996
8,0.7147100000000001
9,1.2449
10,1.298
11,1.1389
12,0.9002899999999999
13,0.50262
14,0.58215
15,0.6882
16,0.79425
17,0.29052
18,0.37006
19,0.2375
20,0.9268
21,0.52913
22,0.05191900000000001
23,-0.31925
