time,value
0,-0.9955799999999999
1,-1.3813
2,-1.5742
3,-1.6385
4,-1.5956
5,-1.4885
6,-1.0384
7,0.16162
8,0.6545
9,1.1902
10,1.3188
11,1.0831
12,0.7187899999999999
13,0.41877
14,0.50449
15,0.5687800000000001
16,0.5259199999999999
17,0.54735
18,0.84736
19,0.9973700000000001
20,0.6545
21,0.18304
22,-0.1384
23,-0.52413
