time,value
0,-0.35403
1,-1.1384
2,-1.4521
3,-1.6089
4,-1.5828
5,-1.4782
6,-1.6874
7,-0.79848
8,0.50872
9,1.1623
10,1.1885
11,1.0577
12,0.9531700000000001
13,0.58715
14,0.56101
15,0.6917300000000001
16,0.7963
17,0.6655800000000001
18,0.56101
19,0.45643
20,0.84859
21,0.32571
22,0.038127
23,-0.30175
