time,value
0,-0.8686299999999999
1,-1.4191
2,-1.6345
3,-1.5149
4,-1.6824
5,-1.4669999999999999
6,-1.0362
7,-0.0069809
8,0.56745
9,1.1658
10,1.2855
11,1.1419
12,0.9264700000000001
13,0.39991
14,0.44778
15,0.37596999999999997
16,0.42383999999999994
17,0.28023000000000003
18,0.30417
19,1.3812
20,0.78286
21,0.47171
22,0.016954
23,-0.34207
