time,value
0,-0.020367
1,-0.65583
2,-1.1446
3,-1.4379
4,-1.3402
5,-1.389
6,-0.80247
7,-0.4603
8,-0.50918
9,0.3218
10,0.5173300000000001
11,0.6150899999999999
12,0.46845
13,0.028513999999999998
14,-0.4603
15,-0.75359
16,-0.80247
17,-0.11813
18,1.3972
19,1.9349
20,1.7882
21,1.3483
22,1.0061
23,0.46845
