time,value
0,-0.17490999999999998
1,-0.74549
2,-0.94926
3,-1.2753
4,-1.1938
5,-1.1123
6,-0.90851
7,-0.5824600000000001
8,-1.0715
9,-0.29718
10,0.23265
11,0.47718
12,0.43642
13,-0.011887
14,-0.33793
15,-0.4602
16,-0.41944
17,-0.093398
18,1.6591
19,2.1074
20,1.7406
21,1.5368
22,1.0478
23,0.39566999999999997
