time,value
0,-0.63956
1,-0.96442
2,-1.2893
3,-1.4246
4,-1.5059
5,-1.4246
6,-1.6412
7,-0.69371
8,0.41622
9,1.1472
10,1.2284
11,1.4179
12,1.093
13,0.57865
14,0.79523
15,1.0118
16,1.0389
17,0.8223
18,0.5515800000000001
19,0.17257999999999998
20,-0.23349
21,-0.043991
22,-0.016919999999999998
23,-0.39592
