time,value
0,-1.0897
1,-1.3974
2,-1.5422
3,-1.5603
4,-1.5965
5,-1.3793
6,-1.0716
7,-0.22096
8,0.7745
9,0.9736
10,1.046
11,0.8288
12,0.8469
13,0.44871000000000005
14,0.41252
15,0.5211100000000001
16,0.5754100000000001
17,1.1365
18,1.1184
19,1.0098
20,0.5392100000000001
21,0.37632
22,-0.14857
23,-0.60105
