time,value
0,-0.7912899999999999
1,-1.2071
2,-1.4844
3,-1.6923
4,-1.7847
5,-1.5075
6,-1.1840000000000002
7,-0.1444
8,0.57181
9,1.1494
10,1.1956
11,1.0801
12,0.89525
13,0.43318999999999996
14,0.36388000000000004
15,0.57181
16,0.47939
17,0.31767
18,0.6180100000000001
19,1.3342
20,0.73353
21,0.41008
22,-0.098189
23,-0.25991
