time,value
0,-0.9618399999999999
1,-1.3469
2,-1.4967
3,-1.6251
4,-1.6892
5,-1.4753
6,-1.0688
7,0.12925999999999999
8,0.49295
9,1.1348
10,1.0064
11,0.9422299999999999
12,0.79247
13,0.17204
14,0.40738
15,0.62132
16,0.6641100000000001
17,0.9208299999999999
18,1.2417
19,0.74968
20,0.74968
21,0.38598000000000005
22,-0.084685
23,-0.66232
