time,value
0,-0.018251
1,-0.60229
2,-0.89431
3,-1.1863
4,-1.3323
5,-1.235
6,-1.089
7,-0.65096
8,-0.55362
9,-0.018251
10,0.61446
11,0.66313
12,0.61446
13,0.07908899999999999
14,-0.35894000000000004
15,-0.50495
16,-0.50495
17,-0.60229
18,-0.21293
19,1.1498
20,2.0259
21,2.0259
22,1.4905
23,1.1012
