time,value
0,-0.97254
1,-1.1832
2,-1.3939
3,-1.4642
4,-1.4642
5,-1.4642
6,-1.5578
7,-0.6682
8,0.43213
9,1.0642
10,1.1111
11,1.0408
12,1.0642
13,0.87695
14,0.80671
15,1.0174
16,1.0642
17,0.73648
18,0.5726
19,0.26825
20,0.080964
21,-0.012681
22,0.24484
23,-0.19997
