time,value
0,-0.12519
1,-0.66174
2,-1.3056
3,-1.5202
4,-1.5202
5,-1.3056
6,-0.87636
7,-1.7348
8,-0.2325
9,0.84059
10,1.1625
11,1.1625
12,0.84059
13,0.62597
14,0.51866
15,0.30404000000000003
16,0.30404000000000003
17,0.41135
18,-0.017884999999999998
19,-0.017884999999999998
20,-0.66174
21,1.4844
22,1.4844
23,0.84059
