time,value
0,-0.95305
1,-1.2705
2,-1.5284
3,-1.5879
4,-1.6077
5,-1.4093
6,-1.1713
7,-0.31823
8,0.85221
9,1.0704
10,1.1101
11,0.9117200000000001
12,0.9117200000000001
13,0.5546399999999999
14,0.57448
15,0.5546399999999999
16,0.6935
17,1.0506
18,1.0506
19,0.79269
20,0.35625999999999997
21,0.17772000000000002
22,-0.23888
23,-0.57613
