time,value
0,-0.51602
1,-0.9557100000000001
2,-1.5419999999999998
3,-1.6152
4,-1.6885
5,-1.5419999999999998
6,-0.9557100000000001
7,-1.1023
8,0.21679
9,0.9496
10,1.3893
11,1.3159999999999998
12,1.1694
13,0.7297600000000001
14,0.14351
15,0.5832
16,0.6564800000000001
17,0.36335
18,0.36335
19,0.14351
20,-0.29618
21,0.8763200000000001
22,0.9496
23,0.36335
