time,value
0,-0.46629
1,-0.9850700000000001
2,-1.3556
3,-1.3556
4,-1.5409
5,-1.3927
6,-0.9850700000000001
7,-0.65157
8,0.42306000000000005
9,1.2012
10,1.3865
11,1.2383
12,0.60834
13,0.16366
14,-0.058672
15,-0.058672
16,-0.16984000000000002
17,-0.16984000000000002
18,-0.16984000000000002
19,1.3865
20,1.9794
21,0.9047799999999999
22,0.34894000000000003
23,-0.28101
