time,value
0,-0.8204899999999999
1,-1.1717
2,-1.4958
3,-1.6038
4,-1.6579
5,-1.5498
6,-1.1717
7,-0.73946
8,0.58414
9,1.1514
10,1.4215
11,0.96231
12,0.85426
13,0.5031
14,0.69219
15,0.80024
16,0.8812700000000001
17,0.47608999999999996
18,0.36804000000000003
19,0.61115
20,0.36804000000000003
21,0.74621
22,0.15194000000000002
23,-0.36129
