time,value
0,-0.8373200000000001
1,-1.1801
2,-1.4372
3,-1.5443
4,-1.63
5,-1.48
6,-1.1373
7,-0.43027
8,0.59809
9,1.2837
10,1.3908
11,1.198
12,1.0051
13,0.55524
14,0.51239
15,0.61951
16,0.55524
17,0.31958000000000003
18,0.49096999999999996
19,1.0694
20,0.68379
21,0.2553
22,-0.21603000000000003
23,-0.64451
