time,value
0,-0.60117
1,-1.0125
2,-1.3605
3,-1.4871
4,-1.4871
5,-1.4238
6,-1.6769999999999998
7,-0.91758
8,0.34805
9,1.1391
10,1.3289
11,1.1707
12,0.9492200000000001
13,0.69609
14,0.8543
15,1.1074
16,0.8543
17,0.7277399999999999
18,0.60117
19,0.22148
20,0.031641
21,-0.1582
22,0.22148
23,-0.12655999999999998
