time,value
0,-0.71845
1,-1.0186
2,-1.4278
3,-1.5096
4,-1.5369
5,-1.4005
6,-1.5915
7,-0.71845
8,0.48200000000000004
9,1.3278
10,1.3823
11,1.1368
12,1.0822
13,0.7548199999999999
14,0.70026
15,0.9458
16,0.83667
17,0.59113
18,0.40015
19,0.29102
20,-0.11823
21,-0.11823
22,0.3183
23,-0.090943
