time,value
0,-0.63788
1,-1.0646
2,-1.4113
3,-1.4113
4,-1.4380000000000002
5,-1.3847
6,-1.6247
7,-0.8779100000000001
8,0.32227
9,1.0424
10,1.2557
11,1.2024
12,1.1224
13,0.77567
14,0.80235
15,0.9357
16,1.0957
17,0.77567
18,0.72233
19,0.24226
20,-0.07779
21,-0.26448
22,0.055563999999999995
23,-0.1578
