time,value
0,0.52579
1,0.07105299999999999
2,-0.61105
3,-0.9521
4,-1.1795
5,-0.9521
6,-0.38368
7,-1.6342
8,-1.5205
9,0.4121
10,1.0942
11,1.0942
12,1.2079
13,0.29841999999999996
14,-0.61105
15,-0.83842
16,-0.49737
17,-0.27
18,-0.042631999999999996
19,-0.042631999999999996
20,0.07105299999999999
21,2.2311
22,1.6626
23,0.8668399999999999
