time,value
0,-0.95004
1,-1.2766
2,-1.4687
3,-1.5839
4,-1.6416
5,-1.4879
6,-1.1805
7,-0.29694
8,0.74034
9,1.0861
10,1.0861
11,1.0285
12,0.8748
13,0.58667
14,0.49063
15,0.6250899999999999
16,0.77876
17,0.77876
18,1.0285
19,0.93243
20,0.45221000000000006
21,0.18328
22,-0.29694
23,-0.48903
