time,value
0,-0.94014
1,-1.2398
2,-1.5394
3,-1.5394
4,-1.6085
5,-1.4241
6,-1.2398
7,-0.68662
8,0.37356
9,1.1341
10,1.3185
11,1.1802
12,1.065
13,0.65013
14,0.58098
15,0.76536
16,0.78841
17,0.6040300000000001
18,0.55794
19,0.51184
20,0.32746
21,0.6040300000000001
22,0.12004000000000001
23,-0.36396
