time,value
0,1.1843
1,0.4492
2,0.20418
3,-0.12251
4,-0.20418
5,0.040837
6,0.20418
7,-1.756
8,-1.511
9,-0.69422
10,-0.36753
11,-0.20418
12,-0.28586
13,-0.4492
14,-0.4492
15,-0.36753
16,-0.69422
17,-0.61255
18,-0.61255
19,-0.20418
20,0.20418
21,2.4094
22,2.1643
23,1.6743
