time,value
0,-1.0971
1,-1.4084
2,-1.5419
3,-1.6086
4,-1.5863
5,-1.4307
6,-1.0749
7,-0.34099
8,0.50407
9,1.1935
10,1.2157
11,1.0378
12,0.9266
13,0.50407
14,0.54855
15,0.5707899999999999
16,0.48183000000000004
17,0.28169
18,0.37064
19,1.2157
20,0.8821200000000001
21,0.54855
22,-0.0074128
23,-0.18532
