time,value
0,0.8861600000000001
1,0.18392
2,-0.31768
3,-0.51832
4,-0.71896
5,-0.61864
6,-0.21736
7,-1.3209
8,-1.2206
9,-0.21736
10,0.18392
11,0.18392
12,0.18392
13,-0.418
14,-1.0199
15,-0.418
16,-0.31768
17,-0.31768
18,-0.31768
19,0.18392
20,-0.21736
21,3.2939
22,1.7890000000000001
23,1.2874
