time,value
0,-0.9000100000000001
1,-1.2265
2,-1.5279
3,-1.6535
4,-1.6786
5,-1.5028
6,-1.0256
7,-0.44791000000000003
8,0.55675
9,1.3102
10,1.1344
11,1.1847
12,0.8330299999999999
13,0.53163
14,0.50652
15,0.45628
16,0.53163
17,0.38093
18,0.25535
19,0.9586100000000001
20,1.034
21,0.60698
22,0.18
23,-0.49813999999999997
