time,value
0,-0.52649
1,-0.8184
2,-1.2771
3,-1.4856
4,-1.6107
5,-1.4856
6,-1.2354
7,-0.69329
8,0.30755
9,1.225
10,1.3084
11,1.3918
12,1.0582
13,0.68287
14,0.59946
15,0.97478
16,1.1416
17,0.89138
18,0.7245699999999999
19,0.22415
20,-0.44308000000000003
21,-0.44308000000000003
22,-0.06776599999999999
23,-0.44308000000000003
