time,value
0,-0.7397600000000001
1,-0.99916
2,-1.3738
3,-1.5468
4,-1.4603
5,-1.345
6,-1.4603
7,-0.62448
8,0.35547
9,1.1625
10,1.3931
11,1.4795
12,1.2201
13,0.73016
14,0.75898
15,0.75898
16,0.98955
17,0.73016
18,0.49958
19,0.1249
20,-0.1345
21,-0.1345
22,-0.048037
23,-0.33626
