time,value
0,-0.73277
1,-1.1008
2,-1.39
3,-1.4688
4,-1.4951
5,-1.3637
6,-1.574
7,-0.65391
8,0.37132
9,1.1337
10,1.2651
11,1.1862
12,1.0285
13,0.76563
14,0.94965
15,0.9759399999999999
16,1.0022
17,0.71306
18,0.73935
19,0.21359
20,-0.07557799999999999
21,-0.15444000000000002
22,-0.023002
23,-0.31217
