time,value
0,-0.6368199999999999
1,-1.1261
2,-1.4140000000000001
3,-1.4715
4,-1.4715
5,-1.3276
6,-1.4140000000000001
7,-0.69439
8,0.3418
9,1.2341
10,1.3780000000000001
11,1.2341
12,1.1765
13,0.68719
14,1.0038
15,0.8886700000000001
16,0.9750200000000001
17,0.7447600000000001
18,0.48571000000000003
19,0.19788
20,-0.14751
21,-0.26264
22,0.025185
23,-0.40656
