time,value
0,-0.98162
1,-1.3164
2,-1.5631
3,-1.5807
4,-1.5631
5,-1.3517
6,-1.1402
7,-0.31203000000000003
8,0.4809
9,0.9919
10,1.0448
11,1.08
12,0.9566600000000001
13,0.6571
14,0.46328
15,0.55138
16,0.86855
17,1.0624
18,1.0271
19,0.83331
20,0.46328
21,0.19897
22,-0.22393000000000002
23,-0.64683
