time,value
0,-1.0574
1,-1.3837
2,-1.6633
3,-1.6167
4,-1.6167
5,-1.4536
6,-1.0574
7,-0.42821000000000004
8,0.52725
9,1.1332
10,1.1798
11,1.1098
12,0.8768100000000001
13,0.6670699999999999
14,0.64377
15,0.6670699999999999
16,0.78359
17,0.52725
18,0.38743
19,0.59716
20,0.34081999999999996
21,0.78359
22,0.31751999999999997
23,-0.26508000000000004
