time,value
0,-0.066714
1,-0.60042
2,-0.9740200000000001
3,-1.1875
4,-1.6145
5,-1.2409
6,-1.8813
7,-1.2409
8,0.41363
9,1.6945
10,1.9080000000000001
11,1.3209
12,1.1608
13,0.467
14,0.040027999999999994
15,0.093399
16,0.040027999999999994
17,-0.12007999999999999
18,-0.013343
19,0.25351
20,0.093399
21,0.25351
22,0.89397
23,0.30688000000000004
