time,value
0,-0.76494
1,-1.2014
2,-1.5214
3,-1.6378
4,-1.6087
5,-1.4923
6,-1.1432
7,-0.64857
8,0.51522
9,1.3881
10,1.3008
11,1.2135
12,1.0971
13,0.74797
14,0.5443100000000001
15,0.7770699999999999
16,0.5734
17,0.48612
18,0.28246
19,0.16608
20,0.16608
21,0.74797
22,0.28246
23,-0.27034
