time,value
0,-0.87292
1,-1.1823
2,-1.4353
3,-1.4916
4,-1.4916
5,-1.4635
6,-1.2947
7,-0.67607
8,0.84246
9,1.1799
10,1.3205
11,1.2361
12,1.0955
13,0.81434
14,0.58937
15,0.8705799999999999
16,0.9268200000000001
17,0.72997
18,0.3644
19,0.33628
20,-0.085535
21,-0.057414
22,-0.0011717000000000001
23,-0.25426
