time,value
0,-0.98813
1,-1.2604
2,-1.5327
3,-1.696
4,-1.6144
5,-1.4509999999999998
6,-1.097
7,-0.3619
8,0.67275
9,1.4623
10,1.2173
11,1.1901
12,1.0267
13,0.67275
14,0.61829
15,0.67275
16,0.56384
17,0.45493
18,0.31879
19,0.29156
20,0.26433
21,0.69997
22,0.10097
23,-0.22576
