time,value
0,-0.6764899999999999
1,-1.0202
2,-1.3904
3,-1.4698
4,-1.6549
5,-1.4962
6,-1.6284
7,-0.7558199999999999
8,0.40765999999999997
9,1.2274
10,1.3332
11,1.2274
12,1.0952
13,0.64564
14,0.6192
15,0.77786
16,0.77786
17,0.46053999999999995
18,0.4341
19,0.35477
20,0.19612000000000002
21,0.30189
22,0.53987
23,-0.3063
