time,value
0,0.79402
1,0.5905699999999999
2,-0.29105
3,-0.42668
4,-0.4945
5,-0.9692200000000001
6,-1.3761
7,-2.3934
8,-0.9692200000000001
9,-0.22323
10,0.18367
11,0.5905699999999999
12,0.5905699999999999
13,0.45493999999999996
14,-0.4945
15,-0.35886
16,-0.5623100000000001
17,-0.42668
18,-0.35886
19,0.38711999999999996
20,0.5905699999999999
21,1.2687
22,2.3538
23,1.54
