time,value
0,-0.7709600000000001
1,-1.3399
2,-1.6119999999999999
3,-1.6119999999999999
4,-1.6368
5,-1.5625
6,-1.2409999999999999
7,-0.15254
8,0.73798
9,1.208
10,1.1338
11,1.1338
12,0.9606100000000001
13,0.49061000000000005
14,0.51535
15,0.6143
16,0.54009
17,0.29272
18,0.21850999999999998
19,0.26798
20,1.109
21,0.6143
22,0.39166999999999996
23,-0.30096
