time,value
0,-0.98055
1,-1.1842
2,-1.5914
3,-1.6496
4,-1.7078
5,-1.5042
6,-0.86419
7,-0.39876
8,0.70662
9,1.3466
10,1.3175
11,1.143
12,1.0557
13,0.64845
14,0.61936
15,0.61936
16,0.6775399999999999
17,0.53209
18,0.15392999999999998
19,0.29938000000000003
20,0.15392999999999998
21,0.8229799999999999
22,0.066663
23,-0.28241
