time,value
0,-0.98806
1,-1.2272
2,-1.5216
3,-1.6871
4,-1.5768
5,-1.4112
6,-1.1536
7,-0.32578
8,0.5572699999999999
9,1.1276
10,1.2012
11,1.1644
12,0.90681
13,0.5756600000000001
14,0.5572699999999999
15,0.63085
16,0.74123
17,0.74123
18,0.9620000000000001
19,0.79642
20,0.50208
21,0.13414
22,-0.25219
23,-0.45455
