time,value
0,-0.70835
1,-1.1179999999999999
2,-1.374
3,-1.4508
4,-1.4764
5,-1.3996
6,-1.6557
7,-0.78515
8,0.44378
9,1.0326
10,1.2119
11,1.2119
12,1.0583
13,0.8022199999999999
14,0.72541
15,0.9558399999999999
16,0.9558399999999999
17,0.69981
18,0.72541
19,0.52059
20,-0.093877
21,-0.22189
22,0.18775
23,-0.24749000000000002
