time,value
0,-0.38645999999999997
1,-1.1509
2,-1.3038
3,-1.5076
4,-1.5586
5,-1.3547
6,-1.6096
7,-1.2528
8,-0.08069
9,0.8366299999999999
10,1.1424
11,1.2953
12,1.1934
13,0.78567
14,0.53086
15,0.53086
16,0.4799
17,0.37797
18,0.17412
19,0.32700999999999997
20,0.12315999999999999
21,0.63278
22,1.2953
23,0.4799
