time,value
0,-0.96239
1,-1.2514
2,-1.4959
3,-1.5626
4,-1.5626
5,-1.5181
6,-1.2514
7,-0.40663
8,0.43812
9,1.0606
10,1.1717
11,1.0383
12,0.90496
13,0.52704
14,0.50481
15,0.6382
16,0.79381
17,0.94942
18,1.0828
19,0.79381
20,0.48258
21,0.21581999999999998
22,-0.1621
23,-0.42886
