time,value
0,-0.62617
1,-1.1476
2,-1.6076
3,-1.6689
4,-1.6996
5,-1.4236
6,-0.99421
7,-0.56483
8,0.87664
9,1.306
10,1.4594
11,1.2447
12,1.03
13,0.53927
14,0.72329
15,0.72329
16,0.72329
17,0.44727
18,0.17124
19,0.14057
20,0.04856
21,0.5086
22,0.1099
23,-0.31948000000000004
