time,value
0,-0.9018299999999999
1,-1.2058
2,-1.5706
3,-1.6618
4,-1.6314
5,-1.5706
6,-1.1146
7,0.040532
8,0.8005
9,1.3477
10,1.2261
11,1.1653
12,0.8309
13,0.34452
14,0.43572
15,0.5573100000000001
16,0.49651000000000006
17,0.19253
18,0.10132999999999999
19,0.28371999999999997
20,1.2261
21,0.70931
22,0.19253
23,-0.29386
