time,value
0,-1.1112
1,-1.3828
2,-1.531
3,-1.6051
4,-1.6051
5,-1.2841
6,-1.0125
7,-0.56801
8,0.46903999999999996
9,1.1851
10,1.2839
11,1.2592
12,1.111
13,0.51842
14,0.49373
15,0.7653399999999999
16,0.86411
17,0.56781
18,0.32089
19,0.34558
20,0.2962
21,0.71596
22,0.32089
23,-0.41739
