time,value
0,-1.0649
1,-1.3944
2,-1.5591
3,-1.6298
4,-1.6533
5,-1.3709
6,-1.112
7,-0.005883600000000001
8,0.70015
9,1.3119999999999998
10,1.3356
11,1.1944
12,0.98256
13,0.5118699999999999
14,0.48833999999999994
15,0.53541
16,0.53541
17,0.41773000000000005
18,0.25299
19,0.4648
20,0.48833999999999994
21,0.77075
22,0.22946
23,-0.4295
