time,value
0,-0.34528000000000003
1,-0.94376
2,-1.266
3,-1.4962
4,-1.4502
5,-1.3581
6,-1.22
7,-0.71358
8,0.20717
9,0.94376
10,1.3581
11,1.3121
12,0.94376
13,0.16113
14,-0.023019
15,-0.16113
16,-0.2532
17,-0.20717
18,-0.20717
19,0.34528000000000003
20,1.9566
21,1.4041
22,0.80565
23,0.20717
