time,value
0,-0.98413
1,-1.2033
2,-1.4468
3,-1.6172
4,-1.5442
5,-1.5685
6,-1.0815
7,-0.083195
8,1.0125
9,1.3047
10,1.4021
11,1.1343
12,0.76904
13,0.47685
14,0.4038
15,0.4525
16,0.2577
17,0.23335
18,0.2577
19,1.1343
20,0.89079
21,0.37945
22,-0.058845
23,-0.52149
