time,value
0,-0.9960700000000001
1,-1.2325
2,-1.5477
3,-1.6528
4,-1.6266
5,-1.3639
6,-1.1537
7,-0.28678000000000003
8,0.50132
9,0.7902899999999999
10,1.1318
11,1.053
12,0.94791
13,0.36996999999999997
14,0.23861999999999997
15,0.18608
16,0.21235
17,0.55386
18,1.3682
19,1.3419999999999999
20,0.7902899999999999
21,0.55386
22,0.10727
23,-0.28678000000000003
