time,value
0,-0.8403299999999999
1,-1.1591
2,-1.5068
3,-1.4778
4,-1.5068
5,-1.3909
6,-1.4778
7,-0.7534
8,0.3767
9,1.1011
10,1.3619
11,1.246
12,1.0432
13,0.81135
14,0.8403299999999999
15,0.81135
16,0.89828
17,0.60852
18,0.40568000000000004
19,0.3767
20,0.3767
21,-0.057954
22,0.086931
23,-0.17386
