time,value
0,-1.0095
1,-1.3793
2,-1.4409999999999998
3,-1.5643
4,-1.5643
5,-1.4615
6,-1.0711
7,-0.37244
8,0.51115
9,1.0659999999999998
10,1.0454
11,0.9426700000000001
12,0.6755399999999999
13,0.4084
14,0.32621
15,0.30566
16,0.5727899999999999
17,1.3125
18,1.2098
19,1.0659999999999998
20,0.6755399999999999
21,0.34676
22,-0.10530999999999999
23,-0.49573999999999996
