time,value
0,0.36401999999999995
1,-0.39823000000000003
2,-0.9259299999999999
3,-1.2191
4,-1.5123
5,-1.395
6,-1.8054
7,-1.0432
8,0.59856
9,1.5953
10,1.7712
11,1.8299
12,1.2435
13,0.12947999999999998
14,0.24675
15,0.012215
16,0.24675
17,-0.22232
18,0.12947999999999998
19,-0.10505
20,-0.16369
21,-0.33959
22,0.59856
23,0.36401999999999995
