time,value
0,-0.9882200000000001
1,-1.3995
2,-1.5366
3,-1.4909
4,-1.6051
5,-1.4224
6,-1.171
7,-0.097109
8,0.72546
9,1.2281
10,1.251
11,1.1139
12,0.9311
13,0.6340600000000001
14,0.45127
15,0.47412
16,0.47412
17,0.29133000000000003
18,0.10853
19,1.2053
20,0.74831
21,0.58836
22,0.017137
23,-0.5312399999999999
