time,value
0,-0.9998100000000001
1,-1.3811
2,-1.5002
3,-1.5955
4,-1.6432
5,-1.4049
6,-0.95215
7,-0.18964
8,0.52522
9,0.9779700000000001
10,0.95414
11,0.90648
12,0.66819
13,0.40608
14,0.31077
15,0.47757
16,0.38225
17,0.52522
18,1.4069
19,1.4307
20,0.88265
21,0.50139
22,-0.16580999999999999
23,-0.5232399999999999
