time,value
0,-0.18641
1,-0.62192
2,-1.097
3,-1.295
4,-1.3742
5,-1.4533
6,-1.2158
7,-0.66151
8,-1.097
9,-0.18641
10,0.40747
11,0.76379
12,0.96175
13,0.36787
14,-0.226
15,-0.10722999999999999
16,-0.18641
17,-0.028044
18,0.60542
19,1.7536
20,1.9515
21,1.516
22,0.9221600000000001
23,0.48665
