time,value
0,-0.87877
1,-1.2233
2,-1.5432
3,-1.5186
4,-1.5432
5,-1.5432
6,-1.2725
7,-0.58345
8,0.5732
9,1.2377
10,1.2377
11,1.2377
12,1.09
13,0.96695
14,0.77007
15,0.74546
16,0.77007
17,0.52398
18,0.3271
19,0.22866
20,0.007177800000000001
21,0.081006
22,0.30249000000000004
23,0.007177800000000001
