time,value
0,1.1199
1,0.39545
2,-0.11169000000000001
3,-0.47393
4,-0.69128
5,-0.76373
6,-1.8505
7,-1.6331
8,-1.0535
9,-0.40149
10,0.39545
11,0.68524
12,0.54035
13,0.25055
14,-0.18414
15,-0.54638
16,-0.54638
17,-0.40149
18,-0.32904
19,-0.11169000000000001
20,0.39545
21,0.83014
22,2.4965
23,1.9893
