time,value
0,-0.059532
1,-0.4961
2,-0.8929799999999999
3,-1.012
4,-1.1311
5,-1.0914
6,-1.0517
7,-1.0517
8,-1.4883
9,-0.77391
10,0.33735
11,0.41672
12,0.4961
13,-0.09922
14,0.059532
15,-0.059532
16,0.1786
17,-0.13890999999999998
18,0.57547
19,1.012
20,2.4011
21,1.8455
22,1.3692
23,0.65485
