time,value
0,-0.75367
1,-1.1758
2,-1.3707
3,-1.4356
4,-1.5330000000000001
5,-1.4356
6,-1.0784
7,-0.81862
8,0.4154
9,1.2597
10,1.2922
11,1.3896
12,1.0324
13,0.77261
14,0.77261
15,1.0324
16,1.0974
17,0.7401399999999999
18,0.38292
19,0.22055
20,-0.29903
21,-0.26655999999999996
22,0.025709
23,-0.26655999999999996
