time,value
0,-0.9185700000000001
1,-1.2542
2,-1.4349
3,-1.4349
4,-1.4865
5,-1.3832
6,-1.5898
7,-0.58298
8,0.37216
9,1.1982
10,1.0692
11,1.1724
12,1.1466
13,0.63031
14,0.86264
15,0.99172
16,0.9659
17,0.7852
18,0.50124
19,0.21727
20,-0.015059000000000001
21,-0.092503
22,0.29472
23,-0.015059000000000001
