time,value
0,0.11857999999999999
1,-0.58044
2,-1.1297
3,-1.2795
4,-1.3294
5,-1.2795
6,-1.9785
7,-1.0298
8,0.4681
9,1.4667
10,1.8162
11,1.8162
12,1.2171
13,0.4681
14,-0.031207
15,0.11857999999999999
16,0.31831
17,0.21845
18,-0.18100000000000002
19,0.31831
20,-0.081137
21,-0.18100000000000002
22,0.56796
23,0.16852
