time,value
0,-1.1111
1,-1.3842
2,-1.5844
3,-1.5662
4,-1.6026
5,-1.4388
6,-1.1111
7,-0.2556
8,0.72736
9,0.9640000000000001
10,1.0368
11,0.98221
12,0.7819699999999999
13,0.5999399999999999
14,0.5999399999999999
15,0.65455
16,0.65455
17,0.69096
18,1.1096
19,0.9458
20,0.5817399999999999
21,0.27229000000000003
22,-0.055367999999999994
23,-0.49223999999999996
