time,value
0,-0.8347399999999999
1,-1.1255
2,-1.3369
3,-1.4691
4,-1.5219
5,-1.4162
6,-1.6012
7,-0.67616
8,0.38103000000000004
9,1.0946
10,1.3061
11,1.2268
12,1.0418
13,0.80391
14,0.83034
15,0.9096299999999999
16,0.8832
17,0.7774800000000001
18,0.5924699999999999
19,0.27531
20,-0.12114000000000001
21,-0.14757
22,0.27531
23,-0.14757
