time,value
0,-0.8957799999999999
1,-1.1576
2,-1.5242
3,-1.629
4,-1.6028
5,-1.4719
6,-1.21
7,-0.84341
8,0.49208
9,1.1991
10,1.1991
11,1.0682
12,0.88487
13,0.5706399999999999
14,0.51827
15,0.51827
16,0.54445
17,0.8063100000000001
18,0.88487
19,0.78013
20,0.43971000000000005
21,0.6492
22,0.099289
23,-0.31969000000000003
