time,value
0,0.20776
1,-0.36959000000000003
2,-0.8419700000000001
3,-1.1044
4,-1.1569
5,-1.2619
6,-1.0519
7,-1.4718
8,-0.7894800000000001
9,0.10279
10,0.57516
11,0.89008
12,1.1
13,0.26025
14,-0.42208
15,-0.054673
16,-0.47457
17,-0.26461999999999997
18,-0.15965
19,-0.0021869
20,0.94257
21,2.2547
22,1.9923
23,1.1
