time,value
0,-1.0649
1,-1.3625
2,-1.485
3,-1.5726
4,-1.5551
5,-1.415
6,-1.0299
7,-0.3822
8,0.40554
9,1.0707
10,1.1408
11,0.93071
12,0.79066
13,0.52808
14,0.5981
15,0.6681199999999999
16,0.8256700000000001
17,1.0883
18,1.0532
19,0.9132
20,0.52808
21,0.17797000000000002
22,-0.29467
23,-0.5572600000000001
