time,value
0,-0.9266200000000001
1,-1.3079
2,-1.5619999999999998
3,-1.6383
4,-1.5874
5,-1.5874
6,-1.1808
7,0.039182999999999996
8,0.8270700000000001
9,1.4879
10,1.1321
11,1.1066
12,0.8270700000000001
13,0.44583
14,0.36959000000000003
15,0.47125
16,0.44583
17,0.16626
18,0.11542999999999999
19,0.5475
20,1.0558
21,0.7508199999999999
22,0.064598
23,-0.062479999999999994
