time,value
0,-0.42589
1,-0.72108
2,-1.3484
3,-1.496
4,-1.6067
5,-1.5329
6,-1.0532
7,-0.61038
8,-0.27829
9,0.016912
10,0.5704100000000001
11,0.6442100000000001
12,0.49661000000000005
13,0.090712
14,-0.31519
15,-0.16759000000000002
16,-0.13069
17,1.1239
18,1.3822
19,1.7512
20,1.5667
21,1.2715
22,0.42281
23,0.34901
