time,value
0,0.11233
1,-0.52617
2,-1.0228
3,-1.0228
4,-1.3065
5,-1.1647
6,-1.3775
7,-1.1647
8,0.11233
9,1.6021
10,2.2406
11,1.9569
12,1.3184
13,0.3961
14,-0.1005
15,-0.24239000000000002
16,-0.17145
17,-0.38428
18,-0.17145
19,0.041384
20,-0.17145
21,0.53799
22,0.60893
23,-0.1005
