time,value
0,-0.05380599999999999
1,-0.43643000000000004
2,-1.1538
3,-1.3452
4,-1.3452
5,-1.3452
6,-1.2495
7,-1.0104
8,-0.8668799999999999
9,-0.43643000000000004
10,0.56796
11,0.95058
12,0.71144
13,0.4723
14,-0.29295
15,-0.10163
16,-0.43643000000000004
17,0.4723
18,1.5723
19,1.6680000000000001
20,1.5723
21,1.4289
22,0.52013
23,0.13751
