time,value
0,-0.37159000000000003
1,-0.9232299999999999
2,-1.3829
3,-1.5668
4,-1.5668
5,-1.4749
6,-0.73935
7,-1.291
8,-0.27965
9,0.73169
10,1.3753
11,1.1914
12,1.2833
13,0.9155700000000001
14,0.27199
15,0.45587
16,0.73169
17,0.36393000000000003
18,0.18005
19,-0.18771
20,-0.55547
21,1.2833
22,1.0994
23,0.45587
