time,value
0,-1.1309
1,-1.4048
2,-1.4469
3,-1.5734
4,-1.5101
5,-1.4891
6,-0.94121
7,-0.28798
8,0.53382
9,1.1028
10,1.0185
11,0.8499
12,0.63918
13,0.34417
14,0.36524
15,0.49168
16,0.5970300000000001
17,0.74454
18,1.2924
19,1.2924
20,0.9131100000000001
21,0.3231
22,-0.14048
23,-0.58299
