time,value
0,-0.78154
1,-1.2111
2,-1.4688
3,-1.5547
4,-1.5547
5,-1.4402
6,-0.9247200000000001
7,-0.18017
8,0.8793799999999999
9,1.1657
10,1.2803
11,1.2803
12,0.79347
13,0.39255999999999996
14,0.020284
15,0.020284
16,0.27801
17,0.93665
18,1.2517
19,1.1371
20,0.62165
21,0.048921
22,-0.29472
23,-0.69563
