time,value
0,-0.73917
1,-1.2326
2,-1.5241
3,-1.569
4,-1.6587
5,-1.5017
6,-1.1653
7,-0.44761000000000006
8,0.56162
9,1.1672
10,1.1896
11,1.1447
12,0.7410399999999999
13,0.49433999999999995
14,0.47191000000000005
15,0.60647
16,0.60647
17,0.47191000000000005
18,0.7410399999999999
19,1.2344
20,0.76346
21,0.3822
22,-0.1112
23,-0.62703
