time,value
0,-0.9711700000000001
1,-1.3479
2,-1.574
3,-1.6242
4,-1.5991
5,-1.5237
6,-1.2977
7,-0.29303
8,0.48558999999999997
9,1.0381
10,1.0381
11,0.9628
12,0.8372200000000001
13,0.58605
14,0.43535
15,0.7618699999999999
16,0.73675
17,0.56094
18,0.48558999999999997
19,0.38511999999999996
20,1.0633
21,0.7618699999999999
22,0.48558999999999997
23,-0.39349
