time,value
0,-0.7367100000000001
1,-1.0028
2,-1.4167
3,-1.3576
4,-1.4463
5,-1.4463
6,-1.6237
7,-0.7367100000000001
8,0.4164
9,1.126
10,1.2738
11,1.2443
12,1.126
13,0.74163
14,0.80077
15,1.0964
16,1.0373
17,0.65293
18,0.44597
19,0.3277
20,0.032031
21,-0.26364
22,0.0024638999999999998
23,-0.2932
