time,value
0,-0.98769
1,-1.2928
2,-1.5789
3,-1.5979
4,-1.5598
5,-1.3691
6,-1.0258
7,-0.2058
8,0.55702
9,1.0338
10,1.0147
11,1.0147
12,0.86214
13,0.46166
14,0.42352
15,0.57609
16,0.7477199999999999
17,1.0719
18,1.1482
19,1.0528
20,0.48073
21,0.19468
22,-0.32022
23,-0.70163
