time,value
0,-0.7810199999999999
1,-1.2416
2,-1.5409
3,-1.5179
4,-1.564
5,-1.5179
6,-1.2646
7,-0.044136
8,0.80789
9,1.2915
10,1.2915
11,1.2915
12,1.1994
13,0.8539399999999999
14,0.71578
15,0.60064
16,0.64669
17,0.27825
18,0.18614
19,0.18614
20,0.4855
21,0.27825
22,-0.1823
23,-0.45863000000000004
