time,value
0,-0.0032255
1,-0.62253
2,-1.0483
3,-1.2031
4,-1.358
5,-1.2805
6,-0.9708899999999999
7,-1.5128
8,-1.0096
9,-0.041932
10,0.38384
11,0.6160800000000001
12,0.5773699999999999
13,0.19030999999999998
14,-0.11935
15,0.035481
16,-0.080639
17,-0.11935
18,0.42255
19,1.7773
20,1.8159999999999998
21,1.545
22,1.4289
23,0.5773699999999999
