time,value
0,0.97426
1,0.29057
2,-0.32475
3,-0.52986
4,-0.8033399999999999
5,-0.9400700000000001
6,-1.9656
7,-1.2819
8,-1.0768
9,-0.18800999999999998
10,0.63241
11,0.83752
12,0.63241
13,0.017092
14,-0.25638
15,-0.39311999999999997
16,-0.52986
17,-0.52986
18,-0.32475
19,0.017092
20,0.42731
21,0.90589
22,2.5467
23,1.8631
