time,value
0,-0.1102
1,-0.68987
2,-1.3782
3,-1.7043
4,-1.5594
5,-1.5594
6,-1.1608
7,-0.1102
8,0.32455
9,1.0854
10,1.4839
11,1.2303
12,0.94045
13,0.21586999999999998
14,-0.14643
15,-0.14643
16,-0.1102
17,-0.21889
18,0.28833000000000003
19,1.5926
20,1.4114
21,0.7230800000000001
22,0.14340999999999998
23,-0.54495
