time,value
0,-0.8217
1,-1.2345
2,-1.3616
3,-1.6156
4,-1.6156
5,-1.4251
6,-1.0758
7,-0.21833000000000002
8,0.73437
9,0.9884200000000001
10,1.2107
11,1.0837
12,0.7026100000000001
13,0.16275
14,-0.15481
15,-0.0913
16,0.099239
17,1.0837
18,1.2107
19,1.3377
20,0.92491
21,0.51207
22,0.035726
23,-0.47238
