time,value
0,-0.86816
1,-1.2694
2,-1.5273
3,-1.5847
4,-1.5847
5,-1.47
6,-1.0115
7,-0.5242399999999999
8,0.65082
9,1.31
10,1.482
11,1.3387
12,1.0521
13,0.67948
14,0.5935
15,0.82278
16,0.5935
17,0.42153999999999997
18,0.24958000000000002
19,0.13494
20,-0.0083592
21,0.62216
22,0.1636
23,-0.2663
