time,value
0,-0.9697600000000001
1,-1.2823
2,-1.4907
3,-1.6157
4,-1.6365
5,-1.574
6,-1.1573
7,-0.032123
8,1.0097
9,1.0722
10,1.1139
11,0.94719
12,0.67632
13,0.38461
14,0.38461
15,0.50963
16,0.59297
17,0.48878999999999995
18,1.1972
19,1.0514
20,0.59297
21,0.3221
22,-0.21965
23,-0.36551
