time,value
0,-0.46531999999999996
1,-0.91746
2,-1.3696
3,-1.5052
4,-1.5957
5,-1.5052
6,-1.234
7,-0.10361
8,0.30330999999999997
9,1.2076
10,1.3884
11,1.2528
12,0.66502
13,0.25809
14,-0.28447
15,-0.14883
16,-0.10361
17,-0.3749
18,0.032026
19,1.1172
20,1.7049
21,1.1172
22,0.48416000000000003
23,0.07724
