time,value
0,-0.80506
1,-1.1529
2,-1.311
3,-1.5008
4,-1.5324
5,-1.4375
6,-0.9948
7,-0.26748
8,0.5230899999999999
9,0.93419
10,1.2819999999999998
11,1.0607
12,0.68121
13,0.080375
14,-0.17260999999999999
15,-0.10935999999999998
16,-0.014494
17,0.58634
18,1.5034
19,1.6299
20,1.1239
21,0.58634
22,-0.20423
23,-0.48883999999999994
