time,value
0,-0.13243
1,-0.91399
2,-1.2266
3,-1.4871
4,-1.5392
5,-1.4871
6,-1.0182
7,-0.39295
8,0.33651
9,1.4307
10,1.8996
11,1.5349
12,1.1181
13,0.70123
14,-0.23664000000000002
15,-0.18454
16,-0.13243
17,-0.34085
18,-0.18454
19,-0.028223
20,0.54492
21,1.3265
22,0.64913
23,-0.23664000000000002
