time,value
0,-0.081478
1,-0.62235
2,-1.0384
3,-1.2464
4,-1.3296
5,-1.08
6,-0.91359
7,-1.3712
8,-0.8303799999999999
9,0.0017335999999999999
10,0.75063
11,0.8338399999999999
12,0.75063
13,0.25137
14,-0.16469
15,-0.12308
16,-0.41431999999999997
17,-0.41431999999999997
18,-0.16469
19,1.7492
20,1.7908
21,1.7908
22,1.1667
23,0.70903
