time,value
0,-1.0137
1,-1.3692
2,-1.5074
3,-1.5469
4,-1.6654
5,-1.4284
6,-1.0532
7,-0.046077999999999994
8,0.68458
9,1.0795
10,1.0005
11,0.86231
12,0.68458
13,0.36862
14,0.34886999999999996
15,0.46736000000000005
16,0.54635
17,1.119
18,1.2375
19,1.0598
20,0.6450899999999999
21,0.32913000000000003
22,-0.14482
23,-0.65825
