time,value
0,0.010431000000000001
1,-0.61546
2,-0.9909899999999999
3,-1.6169
4,-1.7421
5,-1.2413
6,-0.74063
7,-1.8672
8,-0.49028
9,0.5111399999999999
10,0.7615
11,1.3874
12,1.0118
13,1.0118
14,0.26079
15,0.26079
16,0.010431000000000001
17,-0.11475
18,0.26079
19,0.13560999999999998
20,0.13560999999999998
21,1.7629
22,1.2622
23,0.63632
