time,value
0,0.27547
1,-0.61929
2,-1.2158
3,-1.6632
4,-1.3649
5,-1.5141
6,-1.2158
7,-0.61929
8,-0.072493
9,-0.32104
10,0.32518
11,0.77256
12,0.67315
13,0.17605
14,-0.42046000000000006
15,-0.27133
16,-0.32104
17,0.17605
18,1.5182
19,1.7169999999999999
20,1.6673
21,1.4188
22,0.72285
23,0.17605
