time,value
0,-0.92038
1,-1.1829
2,-1.4857
3,-1.6069
4,-1.6877
5,-1.5059
6,-1.1627
7,-0.21369000000000002
8,0.5333899999999999
9,1.0785
10,0.9574
11,0.81606
12,0.71511
13,0.35166
14,0.43243000000000004
15,0.37185999999999997
16,0.69492
17,1.0785
18,1.2401
19,1.2199
20,0.6545300000000001
21,0.31128
22,-0.23388
23,-0.45598999999999995
