time,value
0,-0.9983
1,-1.2737
2,-1.4114
3,-1.5261
4,-1.5719999999999998
5,-1.4573
6,-1.2278
7,-0.58521
8,0.37867
9,1.113
10,1.2048
11,1.0671
12,0.81471
13,0.37867
14,0.49341
15,0.6311100000000001
16,0.8376600000000001
17,0.72291
18,0.92945
19,1.2048
20,0.67701
21,0.14917
22,-0.17212
23,-0.37867
