time,value
0,-0.9681200000000001
1,-1.3995
2,-1.4583
3,-1.5956
4,-1.5956
5,-1.3995
6,-1.1642
7,-0.22303
8,0.58087
9,1.0122
10,1.2083
11,1.0514
12,0.87498
13,0.56126
14,0.48283000000000004
15,0.62008
16,0.58087
17,0.9338
18,1.0514
19,0.9730200000000001
20,0.50244
21,0.1299
22,-0.18382
23,-0.57597
