time,value
0,-0.8881399999999999
1,-1.1495
2,-1.506
3,-1.5535
4,-1.5535
5,-1.506
6,-1.2208
7,-0.79308
8,0.41881999999999997
9,0.84655
10,0.8227899999999999
11,0.7515
12,0.79902
13,0.20495
14,0.22871999999999998
15,0.58516
16,0.96536
17,0.96536
18,1.1792
19,1.3931
20,0.79902
21,0.53763
22,-0.056437
23,-0.2703
