time,value
0,-0.65173
1,-1.3662
2,-1.4427
3,-1.4427
4,-1.4938
5,-1.4427
6,-1.4938
7,-0.80483
8,0.29236999999999996
9,1.0068
10,1.1854
11,1.2109999999999999
12,1.0068
13,0.6496
14,0.70063
15,0.70063
16,1.3385
17,0.75167
18,0.57305
19,0.34341
20,-0.013821
21,0.26686
22,0.26686
23,-0.1414
