time,value
0,0.40066
1,-0.40583
2,-0.9641799999999999
3,-0.9021399999999999
4,-1.3364
5,-1.1503
6,-0.7780600000000001
7,-1.4605
8,-1.2123
9,0.33863000000000004
10,0.95901
11,1.0831
12,0.95901
13,0.4627
14,0.27659
15,0.58678
16,-0.65399
17,-0.7780600000000001
18,-0.65399
19,-0.28176
20,0.83493
21,1.9516
22,1.5794
23,1.1451
