time,value
0,1.1751
1,0.23501
2,-0.12655
3,-0.48811000000000004
4,-0.70504
5,-0.70504
6,-1.5728
7,-1.9344
8,-1.2112
9,-0.27116999999999997
10,0.66889
11,0.5242600000000001
12,0.45195
13,0.1627
14,-0.12655
15,-0.4158
16,-0.48811000000000004
17,-0.56042
18,-0.27116999999999997
19,0.09039
20,0.45195
21,0.59658
22,2.3321
23,2.1874
