time,value
0,-0.9142100000000001
1,-1.0958
2,-1.4069999999999998
3,-1.4069999999999998
4,-1.4848
5,-1.4069999999999998
6,-1.5366
7,-0.65486
8,0.25287
9,1.1087
10,1.1606
11,1.3162
12,1.1606
13,0.74563
14,0.97905
15,0.9012399999999999
16,1.0828
17,0.7197
18,0.40848
19,0.25287
20,-0.084289
21,-0.21395999999999998
22,0.097256
23,0.019451
