time,value
0,0.021728
1,-0.40493
2,-0.8316
3,-0.97382
4,-1.1634
5,-1.3057
6,-0.879
7,-1.4005
8,-0.7841899999999999
9,0.021728
10,0.4958
11,0.68543
12,0.4958
13,0.069135
14,-0.26271
15,-0.45233999999999996
16,-0.5945600000000001
17,-0.5471600000000001
18,0.21136
19,1.7758
20,2.0602
21,1.7758
22,1.3965
23,0.5906100000000001
