time,value
0,-0.6916
1,-1.2853
2,-1.3886
3,-1.5951
4,-1.5435
5,-1.5176
6,-1.2853
7,-0.58834
8,0.52166
9,0.96049
10,0.98631
11,0.96049
12,0.6765399999999999
13,0.39259
14,0.28933000000000003
15,0.72817
16,0.49583999999999995
17,0.36677
18,1.2961
19,1.2186
20,1.167
21,0.44421000000000005
22,-0.072064
23,-0.53671
