time,value
0,-0.42981
1,-0.9455899999999999
2,-1.2985
3,-1.3799
4,-1.4614
5,-1.3528
6,-1.4885
7,-0.70127
8,0.46601000000000004
9,1.2532
10,1.3618
11,1.6333
12,1.4704
13,0.79176
14,0.76462
15,0.90035
16,0.62889
17,0.5745899999999999
18,0.1674
19,0.14025
20,-0.37551999999999996
21,-0.40267
22,-0.022622
23,-0.29408
