time,value
0,-0.20377
1,-0.7043699999999999
2,-1.3975
3,-1.4745
4,-1.6671
5,-1.59
6,-1.0124
7,-0.7043699999999999
8,0.48936999999999997
9,1.2595
10,1.375
11,0.9899600000000001
12,0.48936999999999997
13,0.1428
14,-0.24228000000000002
15,-0.24228000000000002
16,-0.20377
17,0.06578400000000001
18,1.298
19,1.6061
20,1.2595
21,0.6434
22,0.1428
23,-0.31929
