time,value
0,0.9549
1,0.27723000000000003
2,-0.46205
3,-0.70848
4,-0.8316899999999999
5,-0.8933
6,-1.7558
7,-1.571
8,-0.9549
9,0.27723000000000003
10,0.8316899999999999
11,0.8933
12,0.8933
13,0.27723000000000003
14,-0.27723000000000003
15,-0.21561999999999998
16,-0.46205
17,-0.58526
18,-0.58526
19,-0.21561999999999998
20,-0.030802999999999997
21,0.8933
22,2.1254
23,2.1254
