time,value
0,-1.1358
1,-1.4565
2,-1.5968
3,-1.6569
4,-1.5567
5,-1.4565
6,-0.9153100000000001
7,-0.37414000000000003
8,0.52781
9,0.9687600000000001
10,1.1291
11,0.9487200000000001
12,0.7082
13,0.46768000000000004
14,0.66811
15,0.54785
16,0.7082
17,0.7683300000000001
18,0.52781
19,1.2494
20,0.78837
21,0.5077699999999999
22,-0.053449
23,-0.31401
