time,value
0,1.4048
1,0.79182
2,0.1788
3,-0.1715
4,-0.43422
5,-0.43422
6,-0.25908000000000003
7,-1.6603
8,-1.0472
9,-0.5218
10,0.0036489000000000005
11,0.26637
12,0.1788
13,-0.083926
14,-0.8721
15,-0.43422
16,-0.69695
17,-1.1348
18,-0.8721
19,-0.34665
20,0.26637
21,1.4048
22,2.2806
23,2.193
