time,value
0,-0.53438
1,-1.092
2,-1.5381
3,-1.6124
4,-1.7239
5,-1.5009
6,-1.0176
7,-0.7946
8,0.39497
9,1.25
10,1.2872
11,1.3615
12,1.1756
13,0.6551899999999999
14,0.76671
15,0.76671
16,0.76671
17,0.54367
18,0.2091
19,-0.088288
20,-0.12546
21,0.6923699999999999
22,0.13476
23,0.023234
