time,value
0,0.8731
1,0.33234
2,-0.4112
3,-0.68158
4,-0.95196
5,-1.0196
6,-0.4112
7,-1.6279
8,-1.2899
9,-0.5463899999999999
10,0.12955999999999998
11,0.53513
12,0.53513
13,0.26475
14,-0.27601
15,-0.27601
16,-0.4788
17,-0.6139899999999999
18,-0.4788
19,-0.34360999999999997
20,0.67032
21,2.3602
22,2.0898
23,1.6166
