time,value
0,-1.0865
1,-1.4192
2,-1.5301
3,-1.4377
4,-1.3822
5,-1.4377
6,-1.4007
7,-0.34729
8,0.61373
9,0.87246
10,0.9094200000000001
11,0.76157
12,0.59524
13,0.33651
14,0.41043
15,0.68765
16,0.8355
17,1.2606
18,1.2606
19,1.0573
20,0.7246100000000001
21,0.18866
22,-0.14400000000000002
23,-0.32881
