time,value
0,-0.1735
1,-0.9980399999999999
2,-1.2042
3,-1.4103
4,-1.534
5,-1.4515
6,-1.0393
7,-0.66822
8,0.15632000000000001
9,1.2282
10,1.3107
11,1.3107
12,0.6922699999999999
13,0.23876999999999998
14,-0.21472
15,-0.1735
16,-0.25595
17,-0.29718
18,0.19755
19,1.9703
20,1.3931
21,0.89841
22,0.28
23,-0.25595
