time,value
0,-0.17239000000000002
1,-0.78358
2,-1.1597
3,-1.3948
4,-1.4888
5,-1.4888
6,-1.3478
7,-0.17239000000000002
8,0.48582
9,1.3321
10,1.6612
11,1.4261
12,0.8619399999999999
13,0.20373
14,-0.17239000000000002
15,-0.2194
16,-0.26642
17,-0.45448
18,-0.45448
19,0.39179
20,1.7552
21,1.097
22,0.43881000000000003
23,-0.07835800000000001
