time,value
0,-1.1578
1,-1.3178
2,-1.4778
3,-1.5667
4,-1.5667
5,-1.46
6,-1.1222
7,-0.28667
8,0.35334
9,0.97557
10,1.0289
11,1.0822
12,0.90446
13,0.60223
14,0.60223
15,0.65557
16,0.83335
17,1.0289
18,1.0467
19,0.8689100000000001
20,0.46001000000000003
21,0.14
22,-0.16222999999999999
23,-0.46445
