time,value
0,-0.94695
1,-1.2333
2,-1.4676
3,-1.5978
4,-1.6498
5,-1.4676
6,-1.1552
7,-0.42628999999999995
8,0.45883
9,0.9013899999999999
10,1.1097
11,0.9013899999999999
12,0.82329
13,0.4328
14,0.30263
15,0.589
16,0.40676
17,0.97949
18,1.3179
19,1.2138
20,0.69313
21,0.32866999999999996
22,-0.087861
23,-0.42628999999999995
