time,value
0,-0.5634899999999999
1,-0.76279
2,-1.5030000000000001
3,-1.4746
4,-1.5030000000000001
5,-1.5030000000000001
6,-1.7308
7,-0.73432
8,0.57535
9,1.2017
10,1.2017
11,1.3441
12,1.0594
13,0.68924
14,0.7461800000000001
15,0.91701
16,0.91701
17,0.7177100000000001
18,0.40453
19,0.20523000000000002
20,-0.02254
21,-0.1649
22,0.034402999999999996
23,-0.051011
