time,value
0,1.0431
1,-0.034937
2,-0.75365
3,-0.39429000000000003
4,-0.9932200000000001
5,-0.75365
6,-0.51408
7,-1.2328
8,-0.51408
9,0.9233399999999999
10,1.5223
11,1.5223
12,1.0431
13,-0.034937
14,-0.8734299999999999
15,-1.4724
16,-0.39429000000000003
17,-0.75365
18,-0.6338600000000001
19,-0.39429000000000003
20,-0.6338600000000001
21,1.7618
22,1.2827
23,1.2827
