time,value
0,-1.1149
1,-1.2295
2,-1.4588
3,-1.5505
4,-1.5046
5,-1.5275
6,-1.1607
7,-0.5875199999999999
8,0.37544
9,1.4989
10,1.1091
11,0.94863
12,0.6735
13,0.32958000000000004
14,0.37544
15,0.513
16,0.55886
17,0.44422
18,1.1779
19,1.155
20,0.62764
21,0.513
22,0.054452999999999994
23,-0.22068000000000002
