time,value
0,-0.8566600000000001
1,-1.2035
2,-1.5007
3,-1.5255
4,-1.5007
5,-1.4264
6,-1.5007
7,-0.5594100000000001
8,0.65436
9,1.2489
10,1.2241
11,1.1993
12,0.95162
13,0.80299
14,1.0012
15,0.82776
16,0.82776
17,0.55528
18,0.2828
19,0.30756999999999995
20,-0.01445
21,-0.039221
22,0.23326
23,0.010320999999999999
