time,value
0,-0.59915
1,-0.92596
2,-1.2528
3,-1.4979
4,-1.3889
5,-1.2528
6,-1.5523
7,-0.73532
8,0.62638
9,1.5523
10,1.6885
11,1.2528
12,1.0894
13,0.59915
14,0.65362
15,0.84426
16,0.92596
17,0.65362
18,0.27234
19,-2.4653e-09
20,-0.27234
21,-0.35404
22,-0.13617
23,-0.19064
