time,value
0,-0.98059
1,-1.2456
2,-1.5346
3,-1.7032
4,-1.5828
5,-1.5587
6,-1.1251
7,-0.18567999999999998
8,0.56105
9,1.1633
10,1.1873
11,1.1151
12,0.7296699999999999
13,0.29608
14,0.41652
15,0.48878999999999995
16,0.4647
17,0.32016999999999995
18,0.58514
19,1.2837
20,0.9464600000000001
21,0.60923
22,0.0070257
23,-0.25794
