time,value
0,-0.92842
1,-1.3455
2,-1.4772
3,-1.7187
4,-1.7187
5,-1.3455
6,-1.126
7,0.01555
8,0.67414
9,1.2669
10,1.1791
11,1.0254
12,0.8497600000000001
13,0.49851
14,0.38875
15,0.45461
16,0.45461
17,0.38875
18,0.7399899999999999
19,1.2229999999999999
20,0.71804
21,0.4107
22,-0.16007000000000002
23,-0.46741000000000005
