time,value
0,0.31561999999999996
1,-0.59701
2,-1.0533
3,-1.2815
4,-1.099
5,-1.2815
6,-0.55138
7,-1.3271
8,-0.59701
9,0.26999
10,0.6350399999999999
11,0.8632
12,0.68067
13,0.22435
14,-0.46012
15,-0.50575
16,-0.55138
17,-0.55138
18,-0.32322
19,1.7302
20,1.8671
21,1.8671
22,1.137
23,0.58941
