time,value
0,-1.1355
1,-1.3928
2,-1.5907
3,-1.6105
4,-1.6105
5,-1.3334
6,-1.1553
7,-0.027213
8,0.70506
9,1.0811
10,1.1603
11,0.90297
12,0.8436
13,0.46757
14,0.44778
15,0.40819
16,0.56652
17,0.40819
18,1.1603
19,1.1009
20,0.6259
21,0.46757
22,-0.10638
23,-0.38345
