time,value
0,-0.030968
1,-0.59932
2,-1.0802
3,-1.3426
4,-1.4737
5,-1.0802
6,-1.0802
7,-0.55561
8,-0.9490799999999999
9,-0.64304
10,0.10019
11,1.1057
12,0.97459
13,0.66855
14,-0.074688
15,-0.20585
16,-0.33701
17,-0.55561
18,0.36251
19,1.7178
20,1.8927
21,1.4555
22,1.1495
23,0.58111
