time,value
0,0.80828
1,0.0076979
2,-0.6081300000000001
3,-0.79288
4,-0.9776299999999999
5,-1.1008
6,-1.8398
7,-1.963
8,-0.8544700000000001
9,0.0076979
10,0.62353
11,0.8698600000000001
12,0.80828
13,0.31561
14,-0.17705
15,-0.23863
16,-0.17705
17,-0.17705
18,-0.17705
19,0.25403000000000003
20,0.62353
21,0.7467
22,2.1631
23,1.8552
