time,value
0,-0.81884
1,-1.2747
2,-1.3507
3,-1.6039
4,-1.6039
5,-1.5786
6,-1.1481
7,-0.74287
8,0.49806000000000006
9,1.0299
10,0.95391
11,0.77664
12,0.6500100000000001
13,0.16883
14,0.59936
15,0.5233800000000001
16,0.54871
17,0.42208
18,1.3844
19,1.4098
20,0.8526100000000001
21,0.54871
22,-0.0084417
23,-0.23636999999999997
