time,value
0,-1.1294
1,-1.3954
2,-1.5647
3,-1.6130000000000002
4,-1.7098
5,-1.5163
6,-0.9118
7,-0.25893
8,0.51484
9,1.2886
10,1.1919
11,1.1435
12,0.92591
13,0.65992
14,0.70828
15,0.63574
16,0.75665
17,0.5390199999999999
18,0.29722
19,0.27304
20,0.39394
21,0.73246
22,0.15214
23,-0.11385
