time,value
0,-0.83454
1,-1.4847
2,-1.6597
3,-1.6097
4,-1.6347
5,-1.3096
6,-1.0346
7,-0.58449
8,0.69076
9,1.1909
10,1.1659
11,1.0158
12,0.79078
13,0.49072
14,0.51573
15,0.54073
16,0.54073
17,0.31569
18,0.34069
19,1.1659
20,0.9658100000000001
21,0.5907399999999999
22,0.11565
23,-0.28443
