time,value
0,-0.9838100000000001
1,-1.0872
2,-1.48
3,-1.5421
4,-1.5834
5,-1.3973
6,-1.2939
7,-0.32219000000000003
8,0.60821
9,1.1044
10,1.2698
11,1.0424
12,0.9183399999999999
13,0.40145
14,0.40145
15,0.50483
16,0.58753
17,1.0424
18,1.1458
19,0.9596899999999999
20,0.4428
21,0.17402
22,-0.34287
23,-0.5703
