time,value
0,-0.9606899999999999
1,-1.315
2,-1.4095
3,-1.6458
4,-1.6694
5,-1.4095
6,-1.1261
7,-0.44097
8,0.4331
9,1.0473
10,1.1182
11,1.0001
12,0.7402
13,0.26773
14,0.22049000000000002
15,0.40947
16,0.64571
17,0.9055700000000001
18,1.2599
19,1.2127
20,0.71658
21,0.38585
22,-0.11024
23,-0.27560999999999997
