time,value
0,-0.6937800000000001
1,-1.1622
2,-1.3751
3,-1.4177
4,-1.5029
5,-1.4603
6,-1.077
7,-0.73636
8,0.072749
9,0.8818600000000001
10,1.2225
11,1.6058
12,1.3077
13,0.8818600000000001
14,0.8392700000000001
15,0.9244399999999999
16,1.0522
17,0.7115199999999999
18,0.32826
19,0.11533
20,-0.3531
21,-0.52344
22,-0.012421
23,0.37084
