time,value
0,-0.4298
1,-1.0147
2,-1.1742
3,-1.5198
4,-1.4135
5,-1.4401
6,-1.5464
7,-0.77541
8,0.42094
9,1.1653
10,1.4578
11,1.4046
12,1.1653
13,0.8728899999999999
14,0.92606
15,1.0324
16,0.79314
17,0.63362
18,0.23484000000000002
19,0.1285
20,-0.27029000000000003
21,-0.11077000000000001
22,-0.16394
23,-0.37663
