time,value
0,-0.6093
1,-0.9735799999999999
2,-1.1817
3,-1.494
4,-1.546
5,-1.494
6,-1.6501
7,-0.5572600000000001
8,0.37945999999999996
9,1.056
10,1.3162
11,1.3682
12,1.0039
13,1.056
14,0.6916899999999999
15,0.89985
16,0.95189
17,0.4315
18,0.11925999999999999
19,-0.19297999999999998
20,-0.3491
21,0.8478100000000001
22,0.22334
23,-0.29706
