time,value
0,-0.78337
1,-1.2859
2,-1.4459
3,-1.4687
4,-1.6286
5,-1.5601
6,-1.2174
7,-0.48639
8,0.58729
9,1.2498
10,1.1584
11,1.3183
12,1.1127
13,0.7015100000000001
14,0.6101300000000001
15,0.77004
16,0.72435
17,0.47307
18,0.42738000000000004
19,0.42738000000000004
20,0.6101300000000001
21,0.40453
22,-0.12088
23,-0.57777
