time,value
0,-0.38381
1,-0.7350899999999999
2,-1.2425
3,-1.5547
4,-1.4377
5,-1.2815
6,-0.9692799999999999
7,-0.69606
8,0.43585
9,1.5678
10,1.4116
11,1.2165
12,0.90423
13,0.16263
14,-0.22768000000000002
15,-0.22768000000000002
16,-0.18865
17,-0.22768000000000002
18,-0.22768000000000002
19,1.6458
20,1.5287
21,0.90423
22,0.006505199999999999
23,-0.38381
