time,value
0,0.37346
1,-0.047623
2,-0.52886
3,-0.76949
4,-1.0101
5,-1.1304
6,-1.7921
7,-1.8523
8,-0.70933
9,0.49377
10,0.91486
11,1.1555
12,0.91486
13,0.37346
14,0.43362
15,0.25315
16,-0.3484
17,-0.46871
18,-0.58902
19,-0.46871
20,0.31331
21,0.6140800000000001
22,1.9977
23,1.8773
