time,value
0,0.18444000000000002
1,-0.36130999999999996
2,-0.8464200000000001
3,-0.9677
4,-1.089
5,-0.8464200000000001
6,-0.54322
7,-0.9677
8,-0.30067
9,0.48763999999999996
10,0.73019
11,0.73019
12,0.42700000000000005
13,-0.058112
14,-0.48258999999999996
15,-0.78578
16,-0.9070600000000001
17,-0.72514
18,-0.6645
19,-0.058112
20,0.79083
21,2.3068
22,2.1855
23,1.7611
