time,value
0,0.013715999999999999
1,-0.77635
2,-0.9080299999999999
3,-1.4347
4,-1.5664
5,-1.5006
6,-0.9738700000000001
7,-1.1055
8,-0.052122
9,1.133
10,1.6597
11,1.5938
12,1.4622
13,0.079555
14,-0.38132
15,-0.052122
16,-0.11796
17,-0.31548000000000004
18,-0.1838
19,0.27707
20,0.40875
21,1.5938
22,0.8696200000000001
23,0.27707
