time,value
0,-0.42461000000000004
1,-0.98492
2,-1.2301
3,-1.4402
4,-1.6503
5,-1.4402
6,-1.0199
7,-0.66975
8,-0.73979
9,0.065662
10,0.55593
11,0.7310300000000001
12,0.69601
13,0.38084
14,-0.17947000000000002
15,-0.074416
16,-0.039397
17,0.55593
18,1.5015
19,1.6766
20,1.5715
21,1.2213
22,0.7310300000000001
23,0.20574
