time,value
0,-0.7225600000000001
1,-0.94529
2,-1.2635
3,-1.5817
4,-1.5817
5,-1.6771
6,-1.3271
7,-0.7862
8,0.6138399999999999
9,1.3775
10,1.4411
11,1.3457
12,1.0593
13,0.45475
14,0.7093
15,0.58203
16,0.8365799999999999
17,0.42293000000000003
18,0.13656
19,0.10474000000000001
20,-0.086177
21,0.7093
22,0.2002
23,-0.022539
