time,value
0,0.35757
1,-7.222200000000001e-10
2,-0.8343299999999999
3,-1.1919
4,-1.4899
5,-1.1919
6,-1.6687
7,-1.0131
8,0.59595
9,1.4303
10,2.0262
11,1.9666
12,1.3111
13,0.65555
14,0.059595
15,-7.222200000000001e-10
16,0.23838
17,0.11919
18,-0.17879
19,-0.059595
20,-0.59595
21,-0.5363600000000001
22,0.11919
23,-0.11919
