time,value
0,-0.82688
1,-1.3632
2,-1.5992
3,-1.5563
4,-1.4061
5,-1.492
6,-1.213
7,-0.18325
8,0.58909
9,1.2971
10,1.1254
11,1.104
12,0.82509
13,0.5676399999999999
14,0.31019
15,0.28874
16,0.37455
17,0.3531
18,1.1254
19,1.2113
20,0.868
21,0.24583000000000002
22,-0.1618
23,-0.48361000000000004
