time,value
0,-0.86429
1,-1.3307
2,-1.6744
3,-1.5516
4,-1.6989
5,-1.4780000000000002
6,-1.3307
7,-0.029662
8,0.70678
9,1.1486
10,1.075
11,0.95225
12,0.58404
13,0.38765
14,0.33855999999999997
15,0.5594899999999999
16,0.58404
17,0.33855999999999997
18,0.5594899999999999
19,1.2959
20,0.92771
21,0.5594899999999999
22,0.019434
23,-0.07875800000000001
