time,value
0,-0.8871
1,-1.2159
2,-1.6543
3,-1.5721
4,-1.7091
5,-1.4625
6,-1.1063
7,-0.33909
8,0.81175
9,1.3324
10,1.3598
11,1.168
12,1.031
13,0.53774
14,0.37334
15,0.67475
16,0.64735
17,0.40074
18,0.23633
19,0.20893
20,0.31854
21,0.78435
22,0.29113
23,-0.22948000000000002
