time,value
0,-0.66198
1,-1.0718
2,-1.1033
3,-1.4816
4,-1.4185
5,-1.4816
6,-1.3555
7,-0.9141600000000001
8,0.31523
9,1.1979
10,1.3555
11,1.2609
12,1.1979
13,0.88264
14,1.0087
15,0.97721
16,0.9456899999999999
17,0.6935
18,0.53589
19,0.15761
20,-0.28371
21,-0.34675
22,-0.22066
23,-0.18914
