time,value
0,1.0961
1,0.50422
2,-1.0742
3,-1.0742
4,-1.4031
5,-1.2715
6,-1.9292
7,-1.2715
8,0.30691999999999997
9,1.2934
10,1.6223
11,1.3592
12,1.3592
13,0.70153
14,0.043845999999999996
15,-0.08769099999999999
16,-0.08769099999999999
17,-0.41653
18,-0.35076
19,-0.35076
20,-0.285
21,-0.15345999999999999
22,0.9646
23,0.50422
