time,value
0,-0.93615
1,-1.2613
2,-1.4387
3,-1.4092
4,-1.5274
5,-1.35
6,-1.2613
7,-0.49271000000000004
8,0.63067
9,1.1037
10,1.281
11,1.0741
12,0.9263
13,0.42373
14,0.068979
15,0.09854199999999999
16,0.21679
17,1.015
18,1.1037
19,1.2515
20,0.8376100000000001
21,0.33504
22,-0.1084
23,-0.5814
