time,value
0,-0.8547299999999999
1,-1.307
2,-1.4933
3,-1.7061
4,-1.7061
5,-1.2538
6,-1.0676
7,-0.45563000000000003
8,0.74165
9,1.194
10,1.2206
11,0.9545
12,0.9279
13,0.5288
14,0.5021899999999999
15,0.5021899999999999
16,0.47558999999999996
17,0.34256
18,0.28934
19,1.2206
20,0.98111
21,0.6352300000000001
22,-0.16296
23,-0.50885
