time,value
0,-0.6199600000000001
1,-0.88513
2,-1.2387
3,-1.3271
4,-1.5333
5,-1.5039
6,-1.7690000000000001
7,-0.97352
8,0.3818
9,1.1478
10,1.2952
11,1.2952
12,1.0005
13,0.70589
14,0.7648199999999999
15,0.9416
16,1.0889
17,0.73536
18,0.44072
19,0.17555
20,-0.17801
21,-0.17801
22,0.20501999999999998
23,0.028236
