time,value
0,-0.54884
1,-1.0943
2,-1.367
3,-1.4488
4,-1.4761
5,-1.3397
6,-1.6943
7,-0.73974
8,0.40567
9,1.0875
10,1.1693
11,1.3329
12,1.1693
13,0.67838
14,0.8147399999999999
15,0.8692799999999999
16,1.0875
17,0.78747
18,0.5693
19,0.35112
20,-0.057952
21,-0.35794000000000004
22,-0.057952
23,-0.13977
