time,value
0,-0.90249
1,-1.375
2,-1.4496
3,-1.375
4,-1.5490000000000002
5,-1.5242
6,-1.3252
7,-0.38027
8,0.5149699999999999
9,1.0621
10,1.1118
11,1.0123
12,0.61444
13,0.44036000000000003
14,0.39063000000000003
15,0.4155
16,0.4901
17,0.4155
18,1.3853
19,1.3605
20,0.76364
21,0.44036000000000003
22,-0.15646
23,-0.38027
