time,value
0,-0.92785
1,-1.2531
2,-1.6
3,-1.6217
4,-1.535
5,-1.4482
6,-1.1881
7,-0.6026100000000001
8,0.65501
9,0.93689
10,1.0236
11,1.1320000000000001
12,0.80679
13,0.6333300000000001
14,0.67669
15,0.72006
16,0.74174
17,0.69838
18,0.65501
19,1.1537
20,0.61164
21,0.30808
22,-0.12558
23,-0.45083
