time,value
0,-1.0335
1,-1.2906
2,-1.4405
3,-1.6333
4,-1.5904
5,-1.5048
6,-1.2049
7,-0.17672000000000002
8,0.76577
9,1.1085
10,1.0657
11,0.8942899999999999
12,0.78719
13,0.35879
14,0.31595
15,0.35879
16,0.63725
17,0.87287
18,1.237
19,1.1085
20,0.59441
21,0.29453
22,-0.17672000000000002
23,-0.34808
