time,value
0,-1.0388
1,-1.556
2,-1.4847
3,-1.5203
4,-1.5917
5,-1.5382
6,-1.0567
7,-0.21846
8,0.78023
9,1.1012
10,1.1191
11,1.0656
12,0.85157
13,0.47706000000000004
14,0.42355
15,0.5483899999999999
16,0.5483899999999999
17,0.90507
18,0.85157
19,0.9407399999999999
20,0.58406
21,0.24522
22,-0.057960000000000005
23,-0.37897
