time,value
0,-0.84085
1,-1.1696
2,-1.5489
3,-1.6501
4,-1.4225
5,-1.4478
6,-1.1949
7,-0.23392
8,0.55003
9,1.1064
10,1.334
11,1.0305
12,0.90407
13,0.47416
14,0.34772
15,0.52474
16,0.47416
17,0.65118
18,1.2834
19,1.0305
20,0.65118
21,0.14540999999999998
22,-0.2845
23,-0.71441
