time,value
0,-0.83973
1,-1.2349
2,-1.4819
3,-1.7041
4,-1.556
5,-1.5313
6,-1.1855
7,-0.49396
8,0.59275
9,1.2843
10,1.0126
11,1.062
12,0.88912
13,0.44456
14,0.49396
15,0.54335
16,0.51865
17,0.44456
18,0.74093
19,1.2843
20,0.74093
21,0.44456
22,-0.07409299999999999
23,-0.39516999999999997
