time,value
0,-1.0449
1,-1.3185
2,-1.4279
3,-1.6103
4,-1.5739
5,-1.3368
6,-1.1908
7,-0.22419
8,0.9066200000000001
9,1.0708
10,0.9795799999999999
11,0.9978100000000001
12,0.83367
13,0.45065
14,0.46889
15,0.72423
16,0.81543
17,0.9795799999999999
18,1.1072
19,0.8519
20,0.39593
21,0.12235
22,-0.40657
23,-0.57072
