time,value
0,-0.96701
1,-1.3627
2,-1.4791
3,-1.6188
4,-1.5490000000000002
5,-1.5024
6,-1.1067
7,-0.26866999999999996
8,0.49951
9,1.1047
10,1.1047
11,0.94179
12,0.70901
13,0.26673
14,0.35984
15,0.38311999999999996
16,0.42967
17,0.4064
18,1.3841
19,1.3142
20,0.8486799999999999
21,0.45295
22,-0.035887
23,-0.31522
