time,value
0,-0.31592
1,-0.81662
2,-1.0312
3,-1.2816
4,-1.5319
5,-1.3531
6,-1.21
7,-0.85239
8,-0.95968
9,-0.17285999999999999
10,0.50666
11,0.75702
12,0.75702
13,0.22055
14,-0.20863
15,-0.28015999999999996
16,-0.28015999999999996
17,0.93584
18,1.2935
19,1.6511
20,1.6869
21,1.222
22,0.90007
23,0.36361
