time,value
0,-1.0615
1,-1.4047
2,-1.5763
3,-1.6989
4,-1.5518
5,-1.3802
6,-1.0369
7,-0.22782
8,0.5813
9,1.2188
10,1.1697
11,0.9981200000000001
12,0.77745
13,0.40967
14,0.5322600000000001
15,0.70389
16,0.55678
17,0.60582
18,0.65485
19,1.2188
20,0.6303300000000001
21,0.43418999999999996
22,-0.17878
23,-0.37493000000000004
