time,value
0,-0.46343
1,-1.2412
2,-1.6301
3,-1.5134
4,-1.5523
5,-1.5523
6,-1.1634
7,-0.26898
8,0.23658
9,1.2477
10,1.5199
11,1.3644
12,1.0921
13,0.62547
14,0.8588100000000001
15,0.7421399999999999
16,0.78103
17,0.46991000000000005
18,0.1588
19,0.04213
20,-0.15232
21,0.6643600000000001
22,0.0032408000000000003
23,-0.26898
