time,value
0,-1.0508
1,-1.3295
2,-1.4888
3,-1.6281
4,-1.5684
5,-1.429
6,-1.1504
7,-0.21481
8,0.64112
9,1.0591
10,1.0392
11,0.9397
12,0.8003600000000001
13,0.30273
14,0.48188000000000003
15,0.46197
16,0.60131
17,1.1786
18,1.1388
19,0.9397
20,0.5615
21,0.34254
22,-0.035664
23,-0.59301
