time,value
0,-1.0474
1,-1.3445
2,-1.4188
3,-1.6417
4,-1.716
5,-1.4931
6,-1.0721
7,-0.5272899999999999
8,0.6119100000000001
9,1.0824
10,1.3549
11,1.1567
12,0.93386
13,0.53761
14,0.6862
15,0.7605
16,0.7605
17,0.51285
18,0.21566
19,0.24043
20,0.042307
21,0.7852600000000001
22,0.53761
23,0.042307
