time,value
0,-0.82081
1,-0.86345
2,-1.4604
3,-1.5030000000000001
4,-1.5457
5,-1.5030000000000001
6,-1.1193
7,-0.9487200000000001
8,0.11725999999999999
9,1.1832
10,1.2685
11,1.2685
12,1.2685
13,0.75685
14,0.9274
15,0.9274
16,1.0127
17,0.45837
18,0.45837
19,0.1599
20,-0.47968999999999995
21,0.24518
22,0.28781999999999996
23,-0.095938
