time,value
0,-0.79079
1,-0.9558200000000001
2,-1.5334
3,-1.2859
4,-1.6159999999999999
5,-1.3684
6,-0.87331
7,-1.2859
8,0.034381999999999996
9,0.9420700000000001
10,1.1071
11,1.3547
12,1.1896
13,1.0246
14,0.19942000000000001
15,0.612
16,0.9420700000000001
17,0.52949
18,0.034381999999999996
19,-0.048135000000000004
20,-0.62576
21,0.85955
22,1.1071
23,0.44697
