time,value
0,-0.16402
1,-0.21650999999999998
2,-0.5314399999999999
3,-0.95134
4,-1.0563
5,-1.1088
6,-0.84636
7,-0.58392
8,-0.42646000000000006
9,-0.84636
10,-0.47895
11,-0.16402
12,0.1509
13,-0.16402
14,-0.6889
15,-0.5314399999999999
16,-0.58392
17,-0.059049000000000004
18,1.5156
19,1.883
20,2.0405
21,2.0929
22,1.1482
23,0.5708
