time,value
0,0.18083
1,-0.3828
2,-0.66462
3,-1.2282
4,-1.341
5,-1.2282
6,-0.89007
7,-0.60825
8,-0.21370999999999998
9,-0.49553
10,0.63174
11,1.0263
12,0.63174
13,0.12447000000000001
14,-1.1155
15,-1.1719
16,-0.8337100000000001
17,0.068106
18,1.4772
19,1.6463
20,1.7590000000000001
21,1.4208
22,0.91355
23,0.29356
