time,value
0,-1.1252
1,-1.3811
2,-1.4992
3,-1.5583
4,-1.6173
5,-1.4796
6,-1.0859
7,-0.14107
8,0.54786
9,1.0203
10,1.0006
11,0.8824799999999999
12,0.68565
13,0.42976000000000003
14,0.44943999999999995
15,0.48881
16,0.62659
17,0.80375
18,1.1974
19,1.1777
20,0.70533
21,0.50849
22,-0.082015
23,-0.55442
