time,value
0,-0.75408
1,-1.0642
2,-1.5152
3,-1.7689
4,-1.6280000000000001
5,-1.6280000000000001
6,-1.1206
7,-0.6131300000000001
8,0.37351999999999996
9,1.1065
10,1.1346
11,1.2756
12,1.0219
13,0.57085
14,0.59904
15,0.79637
16,0.9937
17,0.65542
18,0.37351999999999996
19,0.34533
20,0.59904
21,0.48628000000000005
22,-0.10570999999999998
23,-0.1339
