time,value
0,-0.69499
1,-0.86635
2,-1.409
3,-1.6375
4,-1.4947
5,-1.4661
6,-1.6089
7,-0.5807399999999999
8,0.79019
9,1.39
10,1.3329
11,1.4185
12,0.79019
13,0.7045100000000001
14,0.67595
15,0.7045100000000001
16,0.9329999999999999
17,0.5617
18,0.33321
19,0.10472000000000001
20,-0.038081
21,-0.095204
22,0.21896999999999997
23,-0.066643
