time,value
0,0.48686999999999997
1,0.017126
2,-0.3939
3,-0.5113300000000001
4,-0.98108
5,-1.0398
6,-0.86364
7,-1.3921
8,-1.1572
9,-0.57005
10,0.31072
11,0.252
12,0.6043
13,-0.041592000000000004
14,-0.33518000000000003
15,-0.3939
16,-0.57005
17,-0.74621
18,-0.5113300000000001
19,0.42815
20,2.0722
21,1.9548
22,1.7199
23,1.6612
