time,value
0,1.1711
1,0.66005
2,-0.055359000000000005
3,-0.15755999999999998
4,-0.46416999999999997
5,-0.36196999999999996
6,-0.15755999999999998
7,-1.895
8,-1.3840000000000001
9,-0.5663699999999999
10,0.25125
11,-0.055359000000000005
12,-0.25976
13,-0.25976
14,-0.66857
15,-0.66857
16,-0.66857
17,-0.66857
18,-0.055359000000000005
19,-0.055359000000000005
20,0.14904
21,1.6821
22,2.3975
23,2.0909
