time,value
0,-0.75759
1,-1.2642
2,-1.3486
3,-1.6301
4,-1.5175
5,-1.4049
6,-1.1516
7,-0.56057
8,0.50897
9,1.5222
10,1.4659
11,1.3533
12,1.1
13,0.6497
14,0.67784
15,0.81857
16,0.84672
17,0.2838
18,0.11492999999999999
19,0.058637
20,0.25566
21,0.36824
22,-0.082092
23,-0.30726
