time,value
0,-1.1717
1,-1.4754
2,-1.5766
3,-1.5766
4,-1.5766
5,-1.4754
6,-1.0705
7,-0.037961
8,0.48843000000000003
9,1.0553
10,1.1159999999999999
11,0.9945700000000001
12,0.67064
13,0.42768999999999996
14,0.42768999999999996
15,0.52892
16,0.46818000000000004
17,0.67064
18,1.3185
19,0.9945700000000001
20,0.5896600000000001
21,0.44793999999999995
22,-0.037961
23,-0.19993
