time,value
0,-0.04318
1,-0.70643
2,-1.1624
3,-1.3282
4,-1.4111
5,-1.3282
6,-0.9966
7,-0.70643
8,-0.78933
9,-0.33335
10,0.78588
11,0.9516899999999999
12,0.9516899999999999
13,-0.0017272000000000001
14,-0.16754000000000002
15,-0.2919
16,-0.49916000000000005
17,-0.33335
18,1.0346
19,1.7393
20,1.7393
21,1.4906
22,0.9931399999999999
23,0.4128
