time,value
0,-0.8203
1,-1.0797
2,-1.5697
3,-1.5409
4,-1.6274
5,-1.5697
6,-1.2239
7,-0.47441000000000005
8,1.0533
9,1.4857
10,1.3704
11,1.1686
12,0.96683
13,0.41916000000000003
14,0.50563
15,0.59211
16,0.6785800000000001
17,0.36151
18,-0.042036000000000004
19,0.24620999999999998
20,0.18855999999999998
21,0.6785800000000001
22,0.24620999999999998
23,-0.013211
