time,value
0,-0.66141
1,-1.4295
2,-1.5924
3,-1.5924
4,-1.6622
5,-1.5924
6,-1.0105
7,-0.17263
8,0.82821
9,1.1541
10,1.1541
11,0.89804
12,0.75839
13,0.33943
14,0.31616
15,0.50236
16,0.47908
17,0.40926
18,1.1773
19,1.1773
20,0.73511
21,0.24633000000000002
22,-0.12607000000000002
23,-0.33555
