time,value
0,0.45373
1,-0.34185
2,-1.038
3,-1.038
4,-1.4855
5,-1.2369
6,-1.5352
7,-1.1374
8,0.80179
9,2.0449
10,1.8957
11,1.6471
12,1.1001
13,0.40399999999999997
14,-0.093231
15,-0.14295
16,0.006215399999999999
17,-0.4413
18,-0.093231
19,-0.14295
20,-0.2424
21,0.10565999999999999
22,0.5531699999999999
23,-0.043508
