time,value
0,-0.73731
1,-1.1184
2,-1.3907
3,-1.7174
4,-1.6357
5,-1.3635
6,-1.2546
7,-0.68286
8,0.70555
9,1.3589
10,1.495
11,1.2228
12,1.0595
13,0.46053
14,0.51498
15,0.8961100000000001
16,0.73277
17,0.43331000000000003
18,0.43331000000000003
19,0.079402
20,-0.056715999999999996
21,0.56943
22,0.10662999999999999
23,-0.11116
