time,value
0,-1.1054
1,-1.4045
2,-1.5914
3,-1.5914
4,-1.5914
5,-1.3671
6,-1.0867
7,-0.26406999999999997
8,0.57722
9,1.0446
10,1.0446
11,0.9885200000000001
12,0.85765
13,0.53983
14,0.53983
15,0.44635
16,0.55853
17,1.0259
18,1.1007
19,0.9885200000000001
20,0.5211399999999999
21,0.29679
22,-0.1519
23,-0.37625
