time,value
0,-0.9113600000000001
1,-1.3151
2,-1.4813
3,-1.6238
4,-1.5526
5,-1.4813
6,-1.1963
7,-0.12765
8,0.9173
9,1.131
10,1.1073
11,0.98855
12,0.79855
13,0.32358000000000003
14,0.29983000000000004
15,0.29983000000000004
16,0.44232
17,0.51357
18,1.2973
19,1.1785
20,0.67981
21,0.27608
22,-0.080152
23,-0.48388000000000003
