time,value
0,-0.17079
1,-0.83999
2,-1.2164
3,-1.5092
4,-1.6765
5,-1.4674
6,-0.96546
7,-0.75634
8,-0.25444
9,-0.42173999999999995
10,0.24747
11,0.70754
12,0.8330200000000001
13,0.20564000000000002
14,-0.04531
15,-0.21261
16,-0.12896
17,0.8330200000000001
18,1.3767
19,1.7113
20,1.6695
21,1.2931
22,0.66572
23,0.12199000000000002
