time,value
0,-1.2003
1,-1.3323
2,-1.6340000000000001
3,-1.5397
4,-1.5586
5,-1.4454
6,-1.0872
7,-0.12569
8,0.70387
9,0.98667
10,1.0432
11,0.94896
12,0.77928
13,0.47762
14,0.40221
15,0.55304
16,0.57189
17,1.0809
18,1.0809
19,0.94896
20,0.5153300000000001
21,0.40221
22,-0.050276
23,-0.52162
