time,value
0,-0.7398100000000001
1,-1.3472
2,-1.4874
3,-1.6276
4,-1.6276
5,-1.3940000000000001
6,-1.0669
7,-0.13239
8,0.7086600000000001
9,1.3161
10,1.3862
11,1.1292
12,1.1993
13,0.35823
14,0.33486
15,0.33486
16,0.35823
17,0.26478
18,0.26478
19,1.246
20,0.77875
21,0.35823
22,-0.13239
23,-0.48283000000000004
