time,value
0,-1.0170000000000001
1,-1.3482
2,-1.4756
3,-1.6284
4,-1.6539
5,-1.501
6,-1.0424
7,-0.48195
8,0.61358
9,1.276
10,1.1996
11,1.1741
12,0.99574
13,0.6645399999999999
14,0.6390600000000001
15,0.6390600000000001
16,0.74097
17,0.48618999999999996
18,0.28236999999999995
19,0.15499000000000002
20,0.23142
21,0.9193100000000001
22,0.33333
23,-0.2017
