time,value
0,0.54096
1,0.13269
2,-0.19393
3,-0.6022
4,-0.76551
5,-0.6022
6,-0.52054
7,-1.5004
8,-1.4187
9,-0.6022
10,-0.030619999999999998
11,0.13269
12,0.13269
13,-0.11227000000000001
14,-0.27558
15,-0.52054
16,-0.52054
17,-0.43888999999999995
18,-0.35724
19,0.051033999999999996
20,0.8675700000000001
21,2.5007
22,2.174
23,1.9291
