time,value
0,-0.8728899999999999
1,-1.3261
2,-1.5024
3,-1.6535
4,-1.6786
5,-1.4268
6,-0.9987799999999999
7,0.033573
8,0.7386
9,1.5192
10,1.3933
11,1.3177
12,1.1163
13,0.4868
14,0.26019000000000003
15,0.5875199999999999
16,0.63788
17,0.31055
18,0.15947
19,0.08393099999999999
20,0.20983000000000002
21,0.7134199999999999
22,0.18465
23,-0.29375999999999997
