time,value
0,-0.9965799999999999
1,-1.2337
2,-1.3654
3,-1.4971
4,-1.4444
5,-1.3127
6,-1.4180000000000001
7,-0.73317
8,0.5575600000000001
9,1.2424
10,1.2951
11,1.2688
12,0.95268
13,0.7156100000000001
14,0.7946300000000001
15,0.9263399999999999
16,1.058
17,0.6892699999999999
18,0.42585
19,0.2678
20,-0.18
21,-0.12732000000000002
22,0.24145999999999998
23,-0.12732000000000002
