time,value
0,-0.9542
1,-1.3606
2,-1.5232
3,-1.6451
4,-1.6451
5,-1.4622
6,-1.0355
7,-0.22266999999999998
8,0.75269
9,1.0981
10,1.1794
11,1.0981
12,0.75269
13,0.38693
14,0.30565
15,0.36661
16,0.5494899999999999
17,0.61045
18,1.1997
19,1.0981
20,0.65109
21,0.24469000000000002
22,-0.10075
23,-0.34459
