time,value
0,-0.30273
1,-0.89756
2,-1.2375
3,-1.4924
4,-1.5774
5,-1.4499
6,-1.0675
7,-0.60015
8,-0.21775
9,-0.34521999999999997
10,0.41957
11,0.5895199999999999
12,0.6745
13,0.24961999999999998
14,-0.26024
15,-0.21775
16,-0.34521999999999997
17,0.6745
18,1.4393
19,1.6942
20,1.6942
21,1.2268
22,0.92943
23,0.41957
