time,value
0,-0.9073399999999999
1,-1.2994
2,-1.4201
3,-1.5407
4,-1.5407
5,-1.4502
6,-1.028
7,-0.72637
8,0.23876999999999998
9,1.1134
10,1.1436
11,1.0833
12,0.99279
13,0.87215
14,0.9023100000000001
15,0.99279
16,1.1134
17,0.81183
18,0.6007
19,0.41973999999999995
20,-0.0025134
21,-0.30412
22,0.26893
23,-0.33428
