time,value
0,-0.775
1,-1.1173
2,-1.4597
3,-1.5453
4,-1.6879
5,-1.4311
6,-1.4597
7,-0.48973
8,0.50874
9,1.1078
10,1.3359999999999999
11,1.2790000000000001
12,0.96519
13,0.70844
14,0.79402
15,0.99372
16,0.85108
17,0.5658
18,0.33758
19,0.30905
20,-0.061810000000000004
21,0.023773
22,0.36611
23,-0.11887
