time,value
0,-0.77764
1,-1.1287
2,-1.3334
3,-1.5090000000000001
4,-1.5090000000000001
5,-1.3627
6,-1.5090000000000001
7,-0.71913
8,0.39247
9,1.2993
10,1.3578
11,1.3578
12,1.036
13,0.74351
14,0.685
15,0.8312700000000001
16,0.9482799999999999
17,0.71425
18,0.48023000000000005
19,0.24620999999999998
20,-0.10482000000000001
21,-0.16333
22,0.21696
23,-0.19258
