time,value
0,0.20626999999999998
1,-0.17453
2,-0.9905299999999999
3,-1.2081
4,-1.2081
5,-1.3169
6,-0.66413
7,-1.1537
8,-0.8817299999999999
9,-0.22893000000000002
10,0.53267
11,0.75027
12,0.58707
13,0.20626999999999998
14,0.15187
15,-0.33773000000000003
16,-0.60973
17,-0.44653000000000004
18,-0.22893000000000002
19,0.53267
20,0.69587
21,2.4367
22,2.1103
23,1.2399
