time,value
0,0.52589
1,-0.07774
2,-0.51674
3,-0.846
4,-1.0106
5,-1.1204
6,-1.8338
7,-1.724
8,-1.285
9,-0.13262000000000002
10,0.47102
11,0.74539
12,0.74539
13,0.25151
14,-0.07774
15,-0.022865
16,-0.18749000000000002
17,-0.29724
18,-0.13262000000000002
19,0.52589
20,1.0746
21,2.1173
22,1.5685
23,1.2393
