time,value
0,-0.95006
1,-1.275
2,-1.5187
3,-1.6
4,-1.6812
5,-1.4375
6,-1.0313
7,-0.54386
8,0.5393399999999999
9,1.1351
10,1.0539
11,0.97262
12,0.7830600000000001
13,0.34978000000000004
14,0.48518
15,0.5393399999999999
16,0.4581
17,0.3227
18,0.4581
19,1.433
20,1.1622
21,0.64766
22,0.024822999999999998
23,-0.32721999999999996
