time,value
0,-0.7955
1,-1.2037
2,-1.4235
3,-1.4863
4,-1.5491
5,-1.4863
6,-1.2351
7,-0.41868999999999995
8,0.58616
9,1.1514
10,1.2456
11,1.2456
12,0.93158
13,0.80597
14,0.8373700000000001
15,1.2142
16,0.96298
17,0.74317
18,0.39775
19,0.20934
20,-0.26168
21,-0.16747
22,0.052336
23,-0.35588000000000003
