time,value
0,-0.50665
1,-0.9853799999999999
2,-1.4641
3,-1.4162
4,-1.5119999999999998
5,-1.129
6,-1.3205
7,-0.31516
8,0.4508
9,1.4561
10,1.6955
11,1.3604
12,1.0253
13,0.40293
14,-0.075798
15,-0.075798
16,-0.17154
17,-0.41091000000000005
18,-0.31516
19,0.35506
20,1.5519
21,0.92953
22,0.49867
23,-0.027926
