time,value
0,-0.66859
1,-1.0931
2,-1.3195
3,-1.3761
4,-1.4327
5,-1.2912
6,-1.5459
7,-1.0648
8,0.095513
9,1.0859999999999999
10,1.2841
11,1.369
12,1.3124
13,0.85962
14,0.88792
15,0.97282
16,0.88792
17,0.68982
18,0.37851999999999997
19,0.26531
20,-0.15919
21,-0.10259000000000001
22,0.15211
23,-0.18749000000000002
