time,value
0,-0.7690600000000001
1,-1.0395
2,-1.3776
3,-1.6480000000000001
4,-1.5128
5,-1.5128
6,-0.90428
7,-1.1071
8,-0.29579
9,0.78596
10,1.5297
11,1.1916
12,0.98879
13,0.71835
14,0.44792
15,0.78596
16,0.78596
17,0.44792
18,0.3127
19,0.17748
20,-0.29579
21,1.3268
22,0.65074
23,0.3127
