time,value
0,0.0018942
1,-0.45271000000000006
2,-0.8164
3,-1.0437
4,-1.1801
5,-1.0437
6,-0.8164
7,-1.1801
8,-0.77094
9,-0.13449
10,0.5928800000000001
11,0.5928800000000001
12,0.41103999999999996
13,0.2292
14,-0.31633
15,-0.45271000000000006
16,-0.63456
17,-0.63456
18,-0.27087
19,1.9567
20,2.1385
21,1.7749
22,1.2748
23,0.77473
