time,value
0,-0.9103399999999999
1,-1.1901
2,-1.3173
3,-1.4699
4,-1.5208
5,-1.419
6,-1.2155
7,-0.8340299999999999
8,0.8955
9,1.4551
10,1.4551
11,1.3533
12,1.0481
13,0.69203
14,0.71746
15,0.6411600000000001
16,0.53942
17,0.23421
18,0.056166999999999995
19,-0.020135
20,0.23421
21,0.6411600000000001
22,0.25964
23,-0.32535
