time,value
0,0.27486
1,-0.49218999999999996
2,-0.90128
3,-1.3104
4,-1.2592
5,-1.157
6,-1.0036
7,-0.6456
8,-1.1058
9,-0.083097
10,0.4794
11,0.58168
12,0.63281
13,0.070313
14,-0.28764
15,-0.18537
16,-0.38992
17,-0.59446
18,-0.13423
19,0.7350899999999999
20,2.218
21,2.0646
22,1.5021
23,0.99077
