time,value
0,-0.84155
1,-1.214
2,-1.4718
3,-1.5864
4,-1.5864
5,-1.5005
6,-1.2426
7,-0.35453
8,0.30439
9,1.1065
10,1.3644
11,1.3644
12,1.1065
13,0.7054699999999999
14,0.5908800000000001
15,0.8487100000000001
16,0.96331
17,0.56223
18,0.33304
19,0.10385
20,-0.039392
21,0.61952
22,0.16115
23,-0.29723
