time,value
0,-0.81666
1,-1.2326
2,-1.3885
3,-1.5965
4,-1.6225
5,-1.4145
6,-1.5185
7,-0.1408
8,0.3271
9,1.0809
10,1.1849
11,1.1589
12,0.87298
13,0.7430100000000001
14,0.8469899999999999
15,1.0290000000000001
16,1.1069
17,0.795
18,0.48307
19,0.17113
20,-0.11481
21,-0.06282
22,0.3011
23,-0.19279000000000002
