time,value
0,-0.64889
1,-1.1346
2,-1.2864
3,-1.5292
4,-1.5596
5,-1.4685
6,-1.2864
7,-0.67924
8,0.26183
9,1.1725
10,1.2636
11,1.2636
12,0.92969
13,0.89933
14,0.68683
15,1.1725
16,1.1422
17,0.86898
18,0.41362
19,0.1404
20,-0.13280999999999998
21,-0.041741
22,-0.041741
23,-0.40603
