time,value
0,-1.0302
1,-1.4011
2,-1.5539
3,-1.6194
4,-1.6194
5,-1.423
6,-1.0738
7,0.19185
8,0.99926
9,1.1957
10,1.2175
11,1.1084
12,0.9119700000000001
13,0.45371000000000006
14,0.3446
15,0.41007
16,0.41007
17,0.25732
18,0.27914
19,1.1302
20,0.80286
21,0.47553
22,-0.04819
23,-0.41916000000000003
