time,value
0,-1.1442
1,-1.3795
2,-1.5424
3,-1.5967
4,-1.6148
5,-1.3614
6,-0.9993700000000001
7,-0.23909
8,0.62979
9,0.97372
10,1.0823
11,1.0642
12,0.95562
13,0.53928
14,0.53928
15,0.7022
16,0.7565
17,0.7565
18,0.97372
19,0.9194200000000001
20,0.55738
21,0.21345
22,-0.16669
23,-0.6192300000000001
