time,value
0,-0.7622800000000001
1,-1.1933
2,-1.337
3,-1.5285
4,-1.5285
5,-1.5285
6,-1.0975
7,-0.6186
8,0.33923000000000003
9,1.1055
10,1.345
11,1.3929
12,1.2492
13,1.0097
14,0.7702600000000001
15,0.8660399999999999
16,0.67447
17,0.81815
18,0.48291000000000006
19,0.003991
20,-0.33125
21,-0.13968
22,0.24345
23,-0.23546999999999998
