time,value
0,-0.7288399999999999
1,-0.98608
2,-1.3719
3,-1.5327
4,-1.7256
5,-1.4362
6,-1.0182
7,-0.053591
8,0.62166
9,1.0397
10,1.1361
11,1.0397
12,0.68597
13,0.10718
14,-0.15006
15,-0.24652
16,-0.1179
17,0.10718
18,1.3291
19,1.6185
20,1.2969
21,0.71812
22,0.075028
23,-0.40729
