time,value
0,-0.66987
1,-1.1857
2,-1.3863
3,-1.4723
4,-1.5869
5,-1.5009
6,-1.5869
7,-0.44061000000000006
8,0.59107
9,1.2215
10,1.3362
11,1.2788
12,1.1356
13,0.73435
14,0.73435
15,0.84898
16,0.84898
17,0.5050899999999999
18,0.24716999999999997
19,0.21850999999999998
20,0.046569
21,0.1612
22,0.18986
23,-0.26866999999999996
