time,value
0,-0.8884799999999999
1,-1.3066
2,-1.5575
3,-1.6968
4,-1.5575
5,-1.5017
6,-0.99998
7,-0.47036999999999995
8,0.6724600000000001
9,1.3414
10,1.3136
11,1.2578
12,0.9512
13,0.56096
14,0.5888399999999999
15,0.70033
16,0.70033
17,0.44947
18,0.36585
19,0.11498
20,0.14285
21,0.78396
22,0.33797
23,-0.30313
