time,value
0,-1.0437
1,-1.3267
2,-1.5288
3,-1.5693
4,-1.6097
5,-1.5086
6,-1.1852
7,0.007581
8,0.65449
9,1.079
10,1.0386
11,0.8970899999999999
12,0.5534100000000001
13,0.35125
14,0.37146999999999997
15,0.43212
16,0.57363
17,0.93752
18,1.261
19,1.1195
20,0.65449
21,0.37146999999999997
22,-0.053066999999999996
23,-0.4776
