time,value
0,-0.6017899999999999
1,-0.9969899999999999
2,-1.3563
3,-1.5
4,-1.5359
5,-1.4641
6,-1.1766
7,-0.70957
8,-0.31437
9,-0.27844
10,0.36826
11,0.65568
12,0.7993899999999999
13,0.40419
14,0.044910000000000005
15,-0.026945999999999998
16,0.008981900000000001
17,1.0868
18,1.3024
19,1.5898
20,1.482
21,1.1946
22,0.6916100000000001
23,0.33233
