time,value
0,-1.028
1,-1.3236
2,-1.5117
3,-1.6461
4,-1.5923
5,-1.4580000000000002
6,-1.1623
7,-0.27547
8,0.6382800000000001
9,1.122
10,1.2295
11,1.0952
12,0.79953
13,0.53078
14,0.55765
15,0.69203
16,0.6382800000000001
17,0.45015
18,0.31578
19,0.9339
20,0.96078
21,0.45015
22,0.12766
23,-0.54422
