time,value
0,-0.91105
1,-1.3139
2,-1.5153
3,-1.6943
4,-1.6272
5,-1.4258
6,-0.93343
7,-0.12775
8,0.96886
9,1.1703
10,1.1479
11,0.9241
12,0.7003
13,0.25271
14,0.29746999999999996
15,0.23033
16,0.6107899999999999
17,1.0584
18,1.0808
19,1.0136
20,0.6107899999999999
21,0.25271
22,-0.15012999999999999
23,-0.62011
