time,value
0,-0.99766
1,-1.3447
2,-1.5582
3,-1.6116
4,-1.6383
5,-1.4781
6,-1.0243
7,-0.30363
8,0.57724
9,0.79078
10,1.031
11,0.89756
12,0.8708600000000001
13,0.44377
14,0.20354
15,0.36369
16,0.41708
17,0.7374
18,1.3513
19,1.2713
20,0.81748
21,0.49716000000000005
22,0.043376
23,-0.35702
