time,value
0,-0.54918
1,-0.93939
2,-1.4163
3,-1.5030000000000001
4,-1.6331
5,-1.5030000000000001
6,-1.2429
7,0.23124
8,0.6648
9,1.2718
10,1.4019
11,1.0984
12,0.57809
13,0.23124
14,-0.11562
15,-0.15897
16,-0.15897
17,-0.28904
18,0.014452000000000001
19,1.5753
20,1.3585
21,0.88159
22,0.36130999999999996
23,-0.15897
