time,value
0,0.022959
1,-0.6783399999999999
2,-1.0791
3,-1.4297
4,-1.5299
5,-1.3796
6,-1.6802
7,-1.0791
8,0.27342
9,1.2753
10,1.9766
11,1.3755
12,1.1751
13,0.32352
14,-0.077226
15,-0.12732000000000002
16,0.022959
17,-0.027134
18,0.022959
19,0.47379
20,0.27342
21,1.125
22,0.72426
23,0.022959
