time,value
0,-0.88936
1,-1.112
2,-1.3903
3,-1.5294
4,-1.5294
5,-1.4459
6,-1.5851
7,-0.6945600000000001
8,0.5577300000000001
9,1.003
10,1.2256
11,1.1978
12,1.0308
13,0.61339
14,0.94734
15,0.91951
16,0.80819
17,0.7247100000000001
18,0.5577300000000001
19,0.52991
20,0.05681699999999999
21,-0.026668999999999998
22,0.19596
23,-0.16580999999999999
