time,value
0,-1.0
1,-1.3139
2,-1.5312
3,-1.6278
4,-1.6519
5,-1.4105
6,-1.0
7,-0.44466999999999995
8,0.69015
9,1.1731
10,1.2213
11,1.0523
12,0.73844
13,0.42455
14,0.40041
15,0.47284
16,0.52113
17,0.35212
18,0.42455
19,1.2938
20,0.95575
21,0.64186
22,0.08652
23,-0.46881999999999996
