time,value
0,-0.52377
1,-0.8360700000000001
2,-1.0703
3,-1.6168
4,-1.6168
5,-1.5388
6,-0.8360700000000001
7,-1.3826
8,-0.21145999999999998
9,1.0378
10,1.1939
11,1.3501
12,1.1158
13,0.56931
14,0.72547
15,0.6473899999999999
16,0.56931
17,0.33508000000000004
18,0.17893
19,0.022772
20,-0.52377
21,1.5062
22,0.8816200000000001
23,0.022772
