time,value
0,-0.20556999999999997
1,-0.9867600000000001
2,-1.2746
3,-1.439
4,-1.5212
5,-0.9867600000000001
6,-0.86341
7,-0.69895
8,0.90453
9,1.7679
10,1.8913
11,1.6446
12,1.0279
13,0.45226000000000005
14,0.12334
15,-0.2878
16,-0.49338000000000004
17,-0.32892
18,-0.45226000000000005
19,6.4062e-09
20,0.20556999999999997
21,1.1512
22,0.49338000000000004
23,-0.12334
