time,value
0,-1.1625
1,-1.3409
2,-1.5193
3,-1.6263
4,-1.6263
5,-1.4479
6,-0.93061
7,-0.038652
8,0.81763
9,1.0139
10,1.0317
11,0.9781799999999999
12,0.83547
13,0.51436
14,0.49651999999999996
15,0.6392399999999999
16,0.67492
17,0.9960200000000001
18,1.0495
19,0.87115
20,0.42517
21,0.19326
22,-0.23488
23,-0.60951
