time,value
0,-0.9975200000000001
1,-1.2927
2,-1.5289
3,-1.706
4,-1.6469999999999998
5,-1.4403
6,-0.90896
7,-0.14145
8,0.6260600000000001
9,1.0984
10,1.1869
11,1.1574
12,1.1574
13,0.56702
14,0.7441399999999999
15,0.80318
16,0.6851
17,0.41943
18,0.065189
19,0.15375
20,0.80318
21,0.80318
22,-0.08240900000000001
23,-0.5252
