time,value
0,-0.8492299999999999
1,-1.1929
2,-1.4044
3,-1.5365
4,-1.5365
5,-1.3779
6,-1.6159
7,-0.76993
8,0.47253
9,1.1598
10,1.2656
11,1.107
12,1.107
13,0.73688
14,0.68401
15,0.86906
16,0.84262
17,0.65758
18,0.41966000000000003
19,0.41966000000000003
20,0.20818000000000003
21,0.18174
22,0.28748
23,-0.13548
