time,value
0,-0.16777999999999998
1,-0.8061699999999999
2,-1.2481
3,-1.4445
4,-1.5428
5,-1.5428
6,-1.2972
7,-0.16777999999999998
8,0.32328
9,1.2563
10,1.6983
11,1.3054
12,0.91256
13,0.12686
14,-0.11867
15,-0.21689
16,-0.3151
17,-0.51153
18,0.66703
19,0.12686
20,1.6001
21,1.2072
22,0.37239
23,-0.21689
