time,value
0,0.7407100000000001
1,0.11817000000000001
2,-0.57355
3,-0.57355
4,-0.7810600000000001
5,-0.57355
6,-0.43521000000000004
7,-0.089347
8,-0.57355
9,0.25651
10,0.7407100000000001
11,0.9482299999999999
12,0.6715399999999999
13,0.048997000000000006
14,-0.7810600000000001
15,-1.1961
16,-1.1269
17,-1.1269
18,-1.3344
19,-0.85024
20,1.0174
21,2.1933
22,1.7783
23,1.5016
