time,value
0,-0.78168
1,-1.1919
2,-1.3833
3,-1.5201
4,-1.5747
5,-1.4654
6,-1.6021
7,-0.53555
8,0.4763
9,1.2147
10,1.4335
11,1.16
12,0.9412
13,0.55834
14,0.7497699999999999
15,0.88651
16,0.85916
17,0.6403800000000001
18,0.4763
19,0.28486999999999996
20,0.066089
21,0.066089
22,0.36691
23,-0.12534
