time,value
0,-1.2498
1,-1.4140000000000001
2,-1.56
3,-1.5783
4,-1.6148
5,-1.4323
6,-0.86667
7,-0.17332999999999998
8,0.50176
9,0.9214100000000001
10,1.0674
11,0.93966
12,0.73895
13,0.48351000000000005
14,0.42878
15,0.53825
16,0.5747399999999999
17,0.9579
18,1.2863
19,1.0491
20,0.62948
21,0.33755
22,-0.17332999999999998
23,-0.39228
