time,value
0,0.55361
1,0.090892
2,-0.5040399999999999
3,-0.6362399999999999
4,-0.70234
5,-0.76845
6,-1.2312
7,-1.4956
8,-1.1651
9,-0.5040399999999999
10,0.024789
11,0.2892
12,0.3553
13,0.090892
14,-0.30573
15,-0.37183
16,-0.30573
17,-0.30573
18,-0.30573
19,0.024789
20,0.6197199999999999
21,2.4045
22,2.2723
23,1.8757
