time,value
0,-1.0468
1,-1.3498
2,-1.5130000000000001
3,-1.6295
4,-1.6528
5,-1.4663
6,-1.0002
7,-0.37095
8,0.65451
9,1.1672
10,1.074
11,0.8875700000000001
12,0.65451
13,0.39815
14,0.46806000000000003
15,0.5845899999999999
16,0.53798
17,0.39815
18,0.51468
19,1.4236
20,1.0507
21,0.46806000000000003
22,0.14178
23,-0.39426
