time,value
0,-1.0642
1,-1.3416
2,-1.5002
3,-1.5794
4,-1.5992
5,-1.4209
6,-1.1435
7,-0.21219000000000002
8,0.50115
9,0.85782
10,0.9569
11,0.9569
12,0.87764
13,0.5209699999999999
14,0.6200399999999999
15,0.65967
16,0.81819
17,1.0758
18,1.1154
19,0.9569
20,0.5209699999999999
21,0.26337
22,-0.29144000000000003
23,-0.54904
