time,value
0,-0.39375
1,-0.8395100000000001
2,-1.4636
3,-1.5527
4,-1.6419
5,-1.3744
6,-0.92866
7,-1.2853
8,-0.3046
9,1.3001
10,1.5676
11,1.2109999999999999
12,1.1218
13,0.67606
14,0.67606
15,0.49776000000000004
16,0.49776000000000004
17,0.40861
18,0.052004999999999996
19,0.14115999999999998
20,-0.3046
21,1.2109999999999999
22,0.58691
23,0.14115999999999998
