time,value
0,-0.099111
1,-0.65413
2,-1.0506
3,-1.2488
4,-1.3281
5,-1.1299
6,-0.892
7,-0.65413
8,-0.81271
9,-0.13876
10,0.41627
11,0.61449
12,0.5352
13,-0.059467
14,-0.13876
15,-0.49556000000000006
16,-0.57484
17,-0.57484
18,0.97129
19,1.9624
20,2.0417
21,1.6452
22,1.0902
23,0.57484
