time,value
0,-0.0071747
1,-0.52375
2,-1.0834
3,-1.1264
4,-1.2986
5,-1.2556
6,-0.9542299999999999
7,-0.43766000000000005
8,-0.82509
9,0.078922
10,0.55245
11,0.6816
12,0.55245
13,0.12197000000000001
14,-0.22241999999999998
15,-0.4807
16,-0.6529
17,-0.69595
18,-0.050223000000000004
19,1.7578
20,2.0161
21,1.973
22,1.1982
23,0.6816
