time,value
0,0.32079
1,-0.1604
2,-0.83406
3,-1.3153
4,-1.4115
5,-1.219
6,-0.64159
7,-1.4115
8,-0.25663
9,1.3794
10,2.0531
11,1.8606
12,1.4756
13,0.70575
14,-0.35286999999999996
15,-0.1604
16,-0.1604
17,-0.25663
18,-0.25663
19,0.032079
20,-0.73782
21,-0.1604
22,1.0907
23,0.41703
