time,value
0,0.9435100000000001
1,0.25732
2,-0.20014
3,-0.085774
4,-0.42887
5,-0.20014
6,0.25732
7,-1.2294
8,-0.7719600000000001
9,-0.20014
10,0.25732
11,0.25732
12,-0.085774
13,-0.085774
14,-1.5725
15,-0.7719600000000001
16,-0.88633
17,-0.54323
18,-0.54323
19,-0.7719600000000001
20,-0.085774
21,2.5446
22,2.2015
23,1.7441
