time,value
0,-1.0126
1,-1.3538
2,-1.5488
3,-1.5976
4,-1.5001
5,-1.2563
6,-1.0126
7,-0.91507
8,0.5717899999999999
9,1.2055
10,1.3274
11,1.2055
12,1.0349
13,0.7911699999999999
14,0.6449199999999999
15,0.76679
16,0.76679
17,0.47429
18,0.42554
19,0.35241999999999996
20,0.23055
21,0.69367
22,0.08429600000000001
23,-0.37883
