time,value
0,-0.68518
1,-1.1296
2,-1.3667
3,-1.4556
4,-1.4852
5,-1.4556
6,-1.3963
7,-0.65555
8,0.35185
9,1.0926
10,1.3
11,1.2704
12,1.063
13,0.85555
14,0.8259200000000001
15,1.0926
16,1.1222
17,0.8259200000000001
18,0.29259
19,0.17407
20,-0.21111
21,-0.24074
22,0.025925999999999998
23,-0.21111
