time,value
0,0.16544
1,-0.6080399999999999
2,-1.1237
3,-1.3815
4,-1.4846
5,-1.33
6,-2.1034
7,-0.91743
8,0.47483000000000003
9,1.7124
10,1.7124
11,1.3514
12,1.0936
13,0.11387
14,0.11387
15,0.11387
16,0.16544
17,-0.092388
18,0.062308
19,0.32013
20,0.42326
21,0.42326
22,0.7326600000000001
23,0.062308
