time,value
0,-1.0175
1,-1.3467
2,-1.4701
3,-1.6347
4,-1.6141
5,-1.429
6,-1.0586
7,-0.17401
8,0.7312
9,0.9575
10,1.1015
11,1.0398
12,0.7312
13,0.4226
14,0.40203
15,0.4226
16,0.46375
17,0.54604
18,1.4101
19,1.1221
20,0.6489
21,0.38145999999999997
22,-0.0094293
23,-0.62662
