time,value
0,-0.24861999999999998
1,-0.79771
2,-1.1272
3,-1.4932
4,-1.4932
5,-1.3102
6,-1.0173
7,-0.68789
8,-0.7245
9,-0.10219
10,0.4103
11,0.73975
12,0.77636
13,0.19066
14,-0.10219
15,-0.24861999999999998
16,-0.35844000000000004
17,-0.065586
18,1.4353
19,1.7647
20,1.6915
21,1.4353
22,1.0326
23,0.30048
