time,value
0,-0.8577899999999999
1,-1.2819999999999998
2,-1.5365
3,-1.6213
4,-1.7061
5,-1.5365
6,-0.9143399999999999
7,-0.34876999999999997
8,0.81066
9,1.348
10,1.348
11,1.2066
12,1.0934
13,0.64098
14,0.6127100000000001
15,0.64098
16,0.47131000000000006
17,0.32992
18,0.18852
19,0.2168
20,0.2168
21,0.7541
22,0.30164
23,-0.37705
