time,value
0,-0.94329
1,-1.1154
2,-1.5332
3,-1.7053
4,-1.7053
5,-1.3366
6,-1.1891
7,-0.47625
8,0.43323999999999996
9,0.72821
10,0.85111
11,0.92486
12,0.94944
13,0.45782
14,0.4824
15,0.38408000000000003
16,0.62989
17,0.92486
18,1.2690000000000001
19,1.3181
20,0.72821
21,0.40865999999999997
22,-0.058379999999999994
23,-0.42708999999999997
