time,value
0,-0.8910899999999999
1,-1.2081
2,-1.5739
3,-1.5739
4,-1.6227
5,-1.5007
6,-1.2081
7,-0.62285
8,0.35257
9,0.8402799999999999
10,1.1817
11,1.2548
12,0.9866
13,0.8159
14,0.6208100000000001
15,0.86467
16,0.8402799999999999
17,0.8402799999999999
18,0.52327
19,0.35257
20,0.40135
21,0.6208100000000001
22,0.059948
23,-0.35461
