time,value
0,-1.0733
1,-1.2879
2,-1.5294
3,-1.6367
4,-1.6635
5,-1.5026
6,-0.9927600000000001
7,-0.40247
8,0.40247
9,0.9927600000000001
10,1.1537
11,1.0464
12,0.9927600000000001
13,0.67078
14,0.8586
15,0.8854299999999999
16,0.9927600000000001
17,0.5098
18,0.40247
19,0.26831
20,0.67078
21,0.59029
22,0.08049400000000001
23,-0.4293
