time,value
0,-0.37068
1,-0.84272
2,-1.2058
3,-1.3874
4,-1.5689
5,-1.5326
6,-1.1695
7,-0.8064100000000001
8,-0.47961000000000004
9,-0.26174000000000003
10,0.5371
11,0.8639100000000001
12,1.0455
13,0.35555
14,0.065058
15,-0.0075648
16,-0.22543000000000002
17,0.17399
18,1.5538
19,1.6264
20,1.4086
21,1.3359999999999999
22,0.64604
23,0.24661
