time,value
0,-1.0155
1,-1.3408
2,-1.5441
3,-1.5644
4,-1.605
5,-1.4221
6,-1.0562
7,-0.080464
8,0.9765799999999999
9,1.0376
10,1.1189
11,0.9359200000000001
12,0.7936300000000001
13,0.38706999999999997
14,0.34642
15,0.46838
16,0.46838
17,0.44806
18,1.2002
19,1.1189
20,0.8546100000000001
21,0.32609
22,-0.30407
23,-0.5479999999999999
