time,value
0,-0.1449
1,-0.90565
2,-1.2317
3,-1.7751
4,-1.5577
5,-1.2317
6,-0.79698
7,-1.2317
8,0.18112999999999999
9,1.2679
10,0.8332
11,1.3766
12,1.1592
13,1.3766
14,0.7245199999999999
15,0.18112999999999999
16,0.28981
17,-0.036226
18,-0.36225999999999997
19,-0.47093999999999997
20,-0.25358
21,1.3766
22,0.9418799999999999
23,0.28981
