time,value
0,-0.60359
1,-1.0785
2,-1.4348
3,-1.5535
4,-1.6722
5,-1.4348
6,-0.8410700000000001
7,-1.0785
8,0.049474000000000004
9,1.0588
10,1.415
11,1.415
12,1.3556
13,0.7619100000000001
14,0.7025399999999999
15,0.7619100000000001
16,0.64317
17,0.64317
18,0.22758
19,0.10884
20,-0.42548
21,0.64317
22,0.40569
23,-0.06926399999999999
