time,value
0,-0.67451
1,-1.1463
2,-1.3822
3,-1.6771
4,-1.736
5,-1.3527
6,-1.0873
7,-0.11425999999999999
8,0.8588100000000001
9,0.97675
10,1.1537
11,1.0062
12,0.79983
13,0.15112
14,-0.084775
15,-0.20272
16,-0.14375
17,0.092147
18,1.3011
19,1.3896
20,1.1832
21,0.77035
22,0.15112
23,-0.23221
