time,value
0,-1.0737
1,-1.3839
2,-1.5972
3,-1.6166
4,-1.5972
5,-1.4421
6,-0.99611
7,-0.10422000000000001
8,0.72951
9,1.0979
10,1.1173
11,0.98156
12,0.7682899999999999
13,0.38051
14,0.3999
15,0.55501
16,0.41928999999999994
17,0.6713399999999999
18,1.2142
19,1.0785
20,0.61317
21,0.28356
22,0.012118
23,-0.5113800000000001
