time,value
0,-0.9949600000000001
1,-1.3813
2,-1.5744
3,-1.5986
4,-1.5986
5,-1.4296
6,-1.0191
7,-0.34305
8,0.71931
9,1.2022
10,1.1056
11,1.0573
12,0.81588
13,0.42957
14,0.45371999999999996
15,0.45371999999999996
16,0.45371999999999996
17,0.35714
18,0.57444
19,1.3229
20,0.8883200000000001
21,0.57444
22,-0.0050301
23,-0.46378
