time,value
0,-0.76407
1,-1.1501
2,-1.3753
3,-1.4718
4,-1.6005
5,-1.504
6,-1.0536
7,-0.76407
8,0.42627
9,1.2627
10,1.2949
11,1.3271
12,1.1019
13,0.84449
14,0.84449
15,0.9731799999999999
16,0.94101
17,0.7158100000000001
18,0.3941
19,0.1689
20,-0.21716
21,-0.08847100000000001
22,-0.024128
23,-0.2815
