time,value
0,-0.9691700000000001
1,-1.3359
2,-1.5290000000000001
3,-1.6255
4,-1.5676
5,-1.4324
6,-1.0464
7,-0.13914
8,0.63297
9,1.0576
10,1.2507
11,1.1542
12,0.84531
13,0.5171600000000001
14,0.26621999999999996
15,0.45925
16,0.57507
17,0.32413000000000003
18,1.1735
19,1.2121
20,0.49785
21,0.36273
22,-0.11984000000000002
23,-0.56381
