time,value
0,-0.37867
1,-0.89664
2,-1.2733
3,-1.5559
4,-1.6501
5,-1.3675
6,-1.3204
7,-0.89664
8,0.65727
9,1.2223
10,1.7403
11,1.3636
12,1.034
13,0.5160100000000001
14,-0.001962
15,-0.19032000000000002
16,-0.14323
17,-0.19032000000000002
18,0.09221499999999999
19,0.37474
20,0.7985399999999999
21,1.0811
22,0.7985399999999999
23,0.18639
