time,value
0,-0.9636100000000001
1,-1.2607
2,-1.5577
3,-1.5577
4,-1.6426
5,-1.3880000000000001
6,-0.87875
7,-0.9636100000000001
8,-0.030057999999999998
9,0.9459299999999999
10,1.2005
11,1.2429999999999999
12,0.9459299999999999
13,0.69133
14,0.7337600000000001
15,0.86106
16,0.86106
17,0.60646
18,0.47916000000000003
19,0.18211
20,0.054811
21,1.0732
22,0.47916000000000003
23,-0.11492999999999999
