time,value
0,-1.0578
1,-1.4154
2,-1.5431
3,-1.6198
4,-1.6453
5,-1.4665
6,-1.2111
7,0.14261
8,0.57681
9,1.2664
10,1.1643
11,1.0876
12,0.85777
13,0.6279
14,0.52573
15,0.57681
16,0.60236
17,0.34694
18,0.21923
19,0.5001899999999999
20,0.90886
21,0.73006
22,0.19369
23,-0.36823
