time,value
0,-0.9066
1,-1.3106
2,-1.4837
3,-1.5992
4,-1.6280000000000001
5,-1.5415
6,-1.0797
7,-0.35831
8,0.68055
9,1.1134
10,1.2577
11,1.1711
12,1.0557
13,0.47855
14,0.56512
15,0.73826
16,0.7094
17,0.44969
18,0.18997999999999998
19,0.074548
20,1.0557
21,0.73826
22,-0.040881
23,-0.32945
