time,value
0,-1.0029
1,-1.3557
2,-1.4595
3,-1.6669999999999998
4,-1.6669999999999998
5,-1.4387
6,-1.1067
7,-0.13142
8,0.63635
9,1.0929
10,1.1759
11,1.0721
12,0.84386
13,0.38734
14,0.24209
15,0.4081
16,0.4496
17,0.42885
18,1.1759
19,1.1344
20,0.67785
21,0.47035
22,0.076086
23,-0.44268
