time,value
0,-0.64793
1,-1.0889
2,-1.2946
3,-1.5004
4,-1.4416
5,-1.4122
6,-1.5004
7,-0.67733
8,0.23394
9,1.204
10,1.3216
11,1.351
12,1.0864
13,0.79246
14,0.85125
15,1.0276
16,1.057
17,0.70427
18,0.29273000000000005
19,0.29273000000000005
20,-0.207
21,-0.38337
22,0.11635999999999999
23,-0.1776
