time,value
0,-0.85908
1,-1.19
2,-1.3936
3,-1.5463
4,-1.5463
5,-1.4954
6,-1.5463
7,-0.4009
8,0.6681699999999999
9,1.2027
10,1.2282
11,1.1773
12,1.0754
13,0.6681699999999999
14,0.7954399999999999
15,0.8718100000000001
16,0.8209
17,0.69363
18,0.46453999999999995
19,0.18454
20,0.057272
21,0.23545
22,0.10818
23,-0.27363000000000004
