time,value
0,0.019051
1,-0.66678
2,-1.2383
3,-1.2955
4,-1.5812
5,-1.4669
6,-1.2955
7,-0.8953899999999999
8,0.47626999999999997
9,1.5622
10,2.0194
11,1.2764
12,0.9334899999999999
13,0.30480999999999997
14,-0.09525399999999999
15,-0.09525399999999999
16,-0.20956
17,-0.15241
18,-0.20956
19,0.13335999999999998
20,0.076204
21,1.3907
22,0.87634
23,0.13335999999999998
