time,value
0,-0.9566600000000001
1,-1.2932
2,-1.5577
3,-1.6539
4,-1.6779
5,-1.4615
6,-1.0047
7,-0.019033
8,0.67818
9,1.1831
10,1.1831
11,1.135
12,0.7503
13,0.38968
14,0.43776000000000004
15,0.38968
16,0.4618
17,0.36564
18,0.6541399999999999
19,1.3033
20,0.89455
21,0.38968
22,-0.091158
23,-0.49987
