time,value
0,-1.0983
1,-1.4109
2,-1.5411
3,-1.6192
4,-1.6192
5,-1.5151
6,-1.1244
7,0.021706
8,0.5947399999999999
9,1.1938
10,1.2459
11,1.1157
12,0.85521
13,0.5947399999999999
14,0.5947399999999999
15,0.75102
16,0.67288
17,0.5947399999999999
18,0.17799
19,0.17799
20,0.7770600000000001
21,0.64683
22,0.23008
23,-0.3169
