time,value
0,-0.82636
1,-1.3701
2,-1.5704
3,-1.6563
4,-1.6849
5,-1.5132
6,-1.227
7,-0.1109
8,0.54733
9,1.1197
10,1.2055
11,0.9766
12,0.91937
13,0.49008999999999997
14,0.60456
15,0.6618
16,0.74766
17,0.51871
18,0.26114
19,0.49008999999999997
20,1.0052
21,0.6618
22,0.11805
23,-0.36846
