time,value
0,-0.78322
1,-1.2808
2,-1.5296
3,-1.6402
4,-1.6678
5,-1.5296
6,-1.3084
7,-0.258
8,0.87536
9,1.1241
10,1.2347
11,1.1241
12,0.8200799999999999
13,0.5989300000000001
14,0.62658
15,0.7095
16,0.65422
17,0.54365
18,0.21193
19,0.46071999999999996
20,0.79243
21,0.57129
22,0.018429
23,-0.36857
