time,value
0,-0.40781999999999996
1,-0.8460799999999999
2,-1.3330000000000002
3,-1.4304
4,-1.5765
5,-1.2356
6,-1.8687
7,-1.0896
8,0.12782000000000002
9,1.2478
10,1.3452
11,1.54
12,1.1991
13,0.71217
14,0.56608
15,0.46868999999999994
16,0.51739
17,0.32261
18,0.22521999999999998
19,0.22521999999999998
20,0.030435000000000004
21,0.12782000000000002
22,0.90695
23,0.22521999999999998
