time,value
0,1.2409999999999999
1,0.64362
2,0.046227
3,-0.46581999999999996
4,-0.63651
5,-0.55116
6,-2.002
7,-1.8313
8,-0.9778700000000001
9,0.13157
10,0.55828
11,0.55828
12,0.64362
13,0.13157
14,-0.46581999999999996
15,-0.63651
16,-0.38048000000000004
17,-0.46581999999999996
18,-0.46581999999999996
19,-0.29514
20,0.13157
21,0.98498
22,1.9237
23,2.1798
