time,value
0,-0.94435
1,-1.3769
2,-1.485
3,-1.5931
4,-1.5931
5,-1.485
6,-1.0092
7,-0.014418
8,0.6559999999999999
9,1.2615
10,1.2183
11,1.1318
12,0.91551
13,0.43973
14,0.28835
15,0.41811000000000004
16,0.46136000000000005
17,0.54787
18,0.82901
19,1.1101
20,0.72088
21,0.3316
22,-0.079296
23,-0.74971
