time,value
0,1.0554
1,0.29359
2,-0.27771999999999997
3,-0.9125200000000001
4,-0.9125200000000001
5,-0.78556
6,-1.9917
7,-1.6108
8,-0.976
9,-0.15075999999999998
10,0.6109899999999999
11,0.80143
12,0.67447
13,0.23010999999999998
14,-0.087285
15,-0.15075999999999998
16,-0.27771999999999997
17,-0.3412
18,-0.3412
19,-0.27771999999999997
20,0.42055
21,0.73795
22,2.3884
23,1.8806
