time,value
0,-0.98157
1,-1.2517
2,-1.5489
3,-1.6029
4,-1.6569999999999998
5,-1.5219
6,-1.2247
7,-0.36021
8,0.6663899999999999
9,1.1257
10,1.2607
11,1.1257
12,0.72042
13,0.63937
14,0.6663899999999999
15,0.6934
16,0.6934
17,0.5313100000000001
18,0.28817
19,0.36922
20,0.90953
21,0.6934
22,0.072042
23,-0.30618
