time,value
0,-1.0889
1,-1.3624
2,-1.5187
3,-1.5773
4,-1.5968
5,-1.4991
6,-1.0889
7,-0.09278
8,0.57133
9,1.0206
10,1.0206
11,0.8447899999999999
12,0.68853
13,0.41507
14,0.376
15,0.51273
16,0.57133
17,1.2354
18,1.1573
19,1.0206
20,0.64946
21,0.31740999999999997
22,-0.09278
23,-0.48343
