time,value
0,-0.82829
1,-1.2592
2,-1.6039
3,-1.7475
4,-1.6614
5,-1.5177
6,-1.1156
7,-0.1963
8,0.78041
9,1.2113
10,1.2975
11,1.1251
12,1.0102
13,0.49313999999999997
14,0.57932
15,0.6655
16,0.63677
17,0.49313999999999997
18,0.34951
19,0.17715
20,0.40696
21,0.69423
22,0.34951
23,-0.33993
