time,value
0,0.06079
1,-0.77291
2,-1.0855
3,-1.4503
4,-1.6066
5,-1.6066
6,-1.1898
7,-0.66869
8,0.32132
9,1.3113
10,1.3634
11,1.1029
12,0.73817
13,0.1129
14,-0.19974
15,-0.40815999999999997
16,-0.35606
17,-0.30395
18,-0.095528
19,1.0508
20,1.8324
21,1.155
22,0.6339600000000001
23,0.06079
