time,value
0,-0.63668
1,-1.1503
2,-1.5034
3,-1.6318
4,-1.6318
5,-1.4392
6,-0.7008800000000001
7,-0.28356
8,0.48686999999999997
9,1.2894
10,1.4178
11,1.161
12,0.71158
13,0.19796
14,-0.31566
15,-0.18725999999999998
16,-0.058852
17,0.32636
18,1.2252
19,1.482
20,0.93629
21,0.48686999999999997
22,0.19796
23,-0.37987
