time,value
0,0.10265
1,-0.52446
2,-0.9276
3,-1.1068
4,-1.3307
5,-1.1964
6,-0.61405
7,-1.2412
8,-0.65884
9,0.19224000000000002
10,0.461
11,0.59538
12,0.461
13,0.013065
14,-0.34528000000000003
15,-0.47966000000000003
16,-0.56925
17,-0.61405
18,0.013065
19,1.8048
20,2.1184
21,1.8048
22,1.2673
23,0.77456
