time,value
0,-1.1456
1,-1.3193
2,-1.5365
3,-1.6016
4,-1.6016
5,-1.4713
6,-0.9284100000000001
7,0.048864
8,0.5483600000000001
9,1.0261
10,1.0261
11,0.96098
12,0.5917899999999999
13,0.37462
14,0.46148999999999996
15,0.61351
16,0.70038
17,0.70038
18,1.1782
19,1.265
20,0.67866
21,0.30946999999999997
22,-0.21174
23,-0.6678
