time,value
0,-1.0556
1,-1.3922
2,-1.5605
3,-1.6237
4,-1.6026
5,-1.4343
6,-1.0135
7,0.038575
8,0.81709
9,1.1117
10,0.94334
11,0.94334
12,0.8381299999999999
13,0.41731
14,0.31211
15,0.41731
16,0.50148
17,0.88021
18,1.1537
19,1.0485
20,0.6698
21,0.33315
22,-0.15079
23,-0.59265
