time,value
0,-0.50895
1,-1.0115
2,-1.3593
3,-1.5526
4,-1.5526
5,-1.2819999999999998
6,-0.7795300000000001
7,-0.50895
8,0.7279899999999999
9,1.3851
10,1.3851
11,1.0372
12,0.76664
13,0.22548
14,-0.19971
15,-0.19971
16,-0.35433000000000003
17,-0.19971
18,-0.27702
19,1.617
20,1.5011
21,1.0759
22,0.26414
23,-0.19971
