time,value
0,-0.9859
1,-1.3077
2,-1.5552
3,-1.6789
4,-1.6294
5,-1.4314
6,-0.9859
7,-0.51564
8,0.54864
9,1.0932
10,1.0189
11,0.9694
12,0.84565
13,0.32588
14,0.37538
15,0.57339
16,0.69714
17,0.57339
18,0.49914
19,1.2664
20,1.0437
21,0.64764
22,0.053626
23,-0.44138999999999995
