time,value
0,-0.59638
1,-1.1054
2,-1.4348
3,-1.6743
4,-1.6145
5,-1.4348
6,-1.0755
7,-0.23705
8,0.33188
9,0.9606899999999999
10,1.2901
11,1.2302
12,1.0206
13,0.30193000000000003
14,-0.14722000000000002
15,-0.11728
16,-0.11728
17,0.032438999999999996
18,1.2002
19,1.4997
20,1.1104
21,0.60137
22,0.032438999999999996
23,-0.057392
