time,value
0,-0.38248000000000004
1,-1.1318
2,-1.4441
3,-1.6314
4,-1.6314
5,-1.4441
6,-1.1006
7,-0.25759
8,0.24198000000000003
9,0.99134
10,1.2723
11,1.1162
12,0.77277
13,0.2732
14,-0.10148
15,-0.1327
16,-0.10148
17,0.085864
18,1.3348
19,1.5846
20,1.1787
21,0.61666
22,0.17953
23,-0.28881
