time,value
0,-0.8066
1,-1.0907
2,-1.4559
3,-1.4965
4,-1.5371
5,-1.4965
6,-1.2936
7,-0.72543
8,0.16741
9,1.1008
10,1.3849
11,1.4255
12,1.1008
13,0.7761600000000001
14,0.69499
15,0.7761600000000001
16,0.8573299999999999
17,0.57324
18,0.32974000000000003
19,0.16741
20,-0.19784000000000002
21,0.69499
22,0.32974000000000003
23,-0.27901
