time,value
0,-1.0509
1,-1.225
2,-1.5981
3,-1.6479
4,-1.6479
5,-1.3245
6,-1.0509
7,-0.3047
8,0.56588
9,1.2126
10,1.1628
11,0.9887299999999999
12,0.7399899999999999
13,0.36689
14,0.51613
15,0.49126000000000003
16,0.6405
17,0.34201
18,0.51613
19,1.3867
20,0.9389799999999999
21,0.541
22,-0.055965999999999995
23,-0.50369
