time,value
0,-1.0856
1,-1.2619
2,-1.4603
3,-1.5925
4,-1.6146
5,-1.4603
6,-1.0856
7,-0.093678
8,0.45737
9,1.0525
10,1.0084
11,0.8982
12,0.72187
13,0.3692
14,0.45737
15,0.47941000000000006
16,0.45737
17,0.7439100000000001
18,1.339
19,1.2288
20,0.6337
21,0.65574
22,-0.1598
23,-0.68881
