time,value
0,-0.9129799999999999
1,-1.2765
2,-1.6159
3,-1.7128
4,-1.6644
5,-1.422
6,-1.1069
7,0.032318
8,0.54132
9,1.1715
10,1.123
11,1.0261
12,0.80794
13,0.37165
14,0.49283999999999994
15,0.42013
16,0.51708
17,0.29894
18,0.49283999999999994
19,1.3654
20,0.9291299999999999
21,0.54132
22,-0.016159
23,-0.40397
