time,value
0,-1.0673
1,-1.3821
2,-1.5273
3,-1.6
4,-1.6
5,-1.5031
6,-1.0673
7,-0.050441
8,0.72433
9,1.0391
10,1.1117
11,0.96644
12,0.9180200000000001
13,0.53064
14,0.48221
15,0.65169
16,0.43378999999999995
17,0.28852
18,0.50642
19,1.3296
20,0.8211700000000001
21,0.55485
22,-0.050441
23,-0.51046
