time,value
0,-0.66086
1,-1.1376
2,-1.5508
3,-1.6462
4,-1.6462
5,-1.3919
6,-0.9469299999999999
7,-0.056948
8,0.8330299999999999
9,0.9283799999999999
10,1.1827
11,1.0873
12,0.9283799999999999
13,0.29269
14,0.29269
15,0.22912
16,0.32447
17,0.8330299999999999
18,1.3734
19,1.1509
20,0.70589
21,0.10198
22,-0.3748
23,-0.85157
