time,value
0,-0.90469
1,-1.1961
2,-1.3904
3,-1.5119
4,-1.5119
5,-1.439
6,-1.5119
7,-0.83183
8,0.38251999999999997
9,0.9168299999999999
10,1.0868
11,1.1597
12,1.0383
13,0.89255
14,0.7954
15,0.89255
16,1.014
17,0.7468199999999999
18,0.55253
19,0.40681
20,-0.0060717
21,0.50395
22,0.13965
23,-0.22465
