time,value
0,0.53996
1,-0.13244
2,-0.6825899999999999
3,-0.9882299999999999
4,-1.2327
5,-0.80485
6,-0.86598
7,-1.844
8,-0.86598
9,0.1732
10,0.78447
11,0.47883000000000003
12,0.8456
13,0.05094
14,-0.2547
15,-0.13244
16,-0.37695
17,-0.49921000000000004
18,-0.49921000000000004
19,-0.010188
20,0.66222
21,2.5572
22,1.7625
23,1.3346
