time,value
0,-0.38018
1,-0.60688
2,-1.1169
3,-1.5703
4,-1.5703
5,-1.3436
6,-1.0603
7,-1.1736
8,0.46992
9,1.2067
10,1.6034
11,1.32
12,1.3767
13,0.35657
14,-0.21015999999999999
15,-0.32350999999999996
16,-0.26684
17,-0.32350999999999996
18,-0.040144
19,0.46992
20,0.63994
21,1.4334
22,0.97998
23,0.12988
