time,value
0,0.81587
1,0.20776999999999998
2,-0.33952
3,-0.70438
4,-0.94762
5,-0.94762
6,-2.0422
7,-1.7382
8,-1.1301
9,-0.035472000000000004
10,0.9374899999999999
11,0.8766799999999999
12,0.81587
13,0.3902
14,0.14695999999999998
15,-0.096282
16,-0.33952
17,-0.64357
18,-0.40033
19,-0.096282
20,0.57263
21,1.3632
22,2.1537
23,1.1807
