time,value
0,-0.8082600000000001
1,-1.4079
2,-1.4601
3,-1.5122
4,-1.4861
5,-1.4079
6,-1.4601
7,-0.59967
8,0.52146
9,1.0951
10,1.3558
11,1.1733
12,1.0951
13,0.7561100000000001
14,0.70396
15,0.9646899999999999
16,0.8864700000000001
17,0.5475300000000001
18,0.31287
19,0.2868
20,3.1944e-09
21,0.13036
22,0.31287
23,3.1944e-09
