time,value
0,0.7206600000000001
1,-0.24619000000000002
2,-0.89075
3,-1.213
4,-1.213
5,-1.213
6,-0.89075
7,-1.965
8,-0.46103999999999995
9,0.7206600000000001
10,1.2578
11,1.1504
12,1.2578
13,-0.13876
14,-0.35361
15,-0.24619000000000002
16,0.07609400000000001
17,0.07609400000000001
18,-0.031333
19,-0.031333
20,-0.6759
21,1.9024
22,1.4726
23,0.9355100000000001
