time,value
0,-1.1036
1,-1.3432
2,-1.5174
3,-1.6046
4,-1.6046
5,-1.4521
6,-1.1472
7,-0.058084000000000004
8,0.5518
9,1.1617
10,1.1181
11,1.0092
12,0.83495
13,0.39933
14,0.44288999999999995
15,0.39933
16,0.48645
17,0.46466999999999997
18,1.0092
19,1.227
20,0.72605
21,0.48645
22,-0.014521000000000001
23,-0.47193
