time,value
0,-0.98818
1,-1.3752
2,-1.541
3,-1.5594
4,-1.6331
5,-1.412
6,-1.1172
7,-0.28793
8,0.6703
9,0.98357
10,1.0757
11,1.0573
12,0.8545799999999999
13,0.50445
14,0.59659
15,0.63345
16,0.6703
17,0.76244
18,1.0757
19,0.96514
20,0.59659
21,0.20961
22,-0.14051
23,-0.6012
