time,value
0,-0.086412
1,-0.565
2,-1.0436
3,-1.4158
4,-1.4158
5,-1.2563
6,-1.8412
7,-1.0968
8,0.6048899999999999
9,1.5089
10,1.8811
11,1.6684
12,1.2429999999999999
13,0.44536000000000003
14,-0.033235
15,0.07311799999999999
16,0.07311799999999999
17,-0.033235
18,0.019941
19,0.28583000000000003
20,0.28583000000000003
21,0.07311799999999999
22,0.71124
23,-0.086412
