time,value
0,-1.1448
1,-1.3366
2,-1.4709
3,-1.5859999999999999
4,-1.6436
5,-1.4134
6,-1.068
7,-0.16627999999999998
8,0.65872
9,0.9465
10,0.9656899999999999
11,0.8122
12,0.62034
13,0.37093000000000004
14,0.44766999999999996
15,0.62034
16,0.77383
17,1.1384
18,1.1767
19,1.0041
20,0.6779
21,0.33255999999999997
22,-0.031976
23,-0.6843
