time,value
0,-0.39933
1,-0.79269
2,-1.2933
3,-1.5079
4,-1.5794
5,-1.3649
6,-1.1861
7,-0.54237
8,-0.75693
9,0.24436
10,0.70925
11,0.85229
12,0.78077
13,0.2086
14,-0.22052
15,-0.22052
16,-0.22052
17,0.42317
18,1.4245
19,1.496
20,1.6748
21,1.2814
22,0.78077
23,0.2086
