time,value
0,-0.9196799999999999
1,-1.3247
2,-1.5019
3,-1.6031
4,-1.6537
5,-1.5019
6,-0.945
7,-0.38811999999999997
8,0.54843
9,1.5356
10,1.4597
11,1.0547
12,0.9787399999999999
13,0.57375
14,0.62437
15,0.675
16,0.70031
17,0.37125
18,0.11812
19,0.0675
20,0.34594
21,0.8268700000000001
22,0.14344
23,-0.18562
