time,value
0,0.087698
1,-0.44968
2,-0.9870700000000001
3,-1.1662
4,-1.3453
5,-1.3005
6,-0.8975
7,-0.49446999999999997
8,-0.8975
9,-0.0018659000000000002
10,0.49073
11,0.53552
12,0.40116999999999997
13,-0.0018659000000000002
14,-0.4049
15,-0.36012
16,-0.49446999999999997
17,-0.49446999999999997
18,0.17726
19,2.0581
20,2.1924
21,1.8342
22,0.8937700000000001
23,0.62508
