time,value
0,-0.20356
1,-0.62839
2,-1.0532
3,-1.3081
4,-1.4356
5,-1.3081
6,-1.0107
7,-0.75584
8,-0.9257700000000001
9,-0.20356
10,0.47616
11,0.68857
12,0.81602
13,0.0088506
14,-0.33100999999999997
15,-0.41598
16,-0.62839
17,0.68857
18,1.4108
19,1.7082
20,1.7506
21,1.4957
22,0.77354
23,0.39119
