time,value
0,-1.044
1,-1.3143
2,-1.5576
3,-1.6116
4,-1.6657
5,-1.5035
6,-1.1251
7,-0.15204
8,0.30746
9,1.1994
10,1.3346
11,1.2805
12,1.0102
13,0.57775
14,0.57775
15,0.57775
16,0.73993
17,0.38855
18,0.2534
19,0.19934000000000002
20,0.36152
21,0.8750700000000001
22,0.38855
23,-0.097981
