time,value
0,-0.90912
1,-1.3496
2,-1.4964
3,-1.5845
4,-1.5845
5,-1.4377
6,-1.1440000000000001
7,-0.79166
8,0.089322
9,0.8822
10,0.9996700000000001
11,1.0290000000000001
12,1.1171
13,0.6766399999999999
14,0.8528399999999999
15,0.94094
16,0.9996700000000001
17,0.79411
18,0.50045
19,0.29488000000000003
20,0.35362
21,0.76474
22,0.35362
23,-0.35117
