time,value
0,-1.1775
1,-1.3718
2,-1.5272
3,-1.6243
4,-1.6243
5,-1.4495
6,-0.96388
7,0.18209
8,0.88133
9,0.99787
10,1.0756
11,0.90075
12,0.66767
13,0.43459
14,0.47343999999999997
15,0.37633
16,0.53171
17,1.0561
18,1.1338
19,0.9201799999999999
20,0.49286
21,0.33748
22,-0.070409
23,-0.6531100000000001
