time,value
0,-0.8981100000000001
1,-1.2587
2,-1.4807
3,-1.5916
4,-1.6748
5,-1.5084
6,-1.0091
7,-0.45425
8,0.51667
9,1.0992
10,1.1824
11,1.2379
12,0.9327799999999999
13,0.7663399999999999
14,0.7386
15,0.90504
16,0.98826
17,0.6553800000000001
18,0.29475
19,0.1283
20,0.37797
21,0.5444100000000001
22,0.1283
23,-0.6207
