time,value
0,-0.72938
1,-1.1679
2,-1.4040000000000001
3,-1.5389
4,-1.6063
5,-1.4377
6,-1.1004
7,0.28248
8,0.75468
9,1.1932
10,1.3281
11,0.92332
12,0.65349
13,0.012648000000000001
14,-0.22345
15,-0.25718
16,-0.12227
17,0.38366
18,1.463
19,1.5304
20,0.82214
21,0.45111999999999997
22,0.14756
23,-0.35836999999999997
