time,value
0,-0.98344
1,-1.3189
2,-1.5585
3,-1.6304
4,-1.6065
5,-1.3668
6,-1.0553
7,-0.48023999999999994
8,0.52617
9,0.64598
10,0.95749
11,1.0533
12,0.81371
13,0.57409
14,0.45428
15,0.47823999999999994
16,0.52617
17,1.1013
18,1.245
19,1.1971
20,0.66994
21,0.35843
22,-0.16873
23,-0.43232
