time,value
0,-0.17613
1,-0.67838
2,-0.97135
3,-1.348
4,-1.4317
5,-1.1388
6,-0.9295
7,-0.3854
8,-0.76208
9,-0.13427999999999998
10,0.45166999999999996
11,0.66094
12,0.7027899999999999
13,0.15869
14,-0.25984
15,-0.34355
16,-0.46911
17,-0.55282
18,0.32611
19,2.084
20,2.1258
21,1.7073
22,0.91206
23,0.45166999999999996
