time,value
0,-1.0642
1,-1.3655
2,-1.5591
3,-1.5591
4,-1.6452
5,-1.4085
6,-0.9996799999999999
7,-0.0098624
8,0.63567
9,0.95844
10,1.023
11,0.89389
12,0.63567
13,0.37746
14,0.37746
15,0.48505
16,0.4205
17,0.70023
18,1.3888
19,1.2597
20,0.72175
21,0.44201
22,-0.03138
23,-0.67692
