time,value
0,-0.78292
1,-1.0868
2,-1.2387
3,-1.3654
4,-1.416
5,-1.2134
6,-1.3147
7,-0.58033
8,0.23001999999999997
9,1.3189
10,1.4202
11,1.6988
12,1.3443
13,0.86311
14,0.8124600000000001
15,0.8377899999999999
16,0.78714
17,0.5339
18,0.33132
19,0.12872999999999998
20,-0.58033
21,-0.40307
22,0.027433999999999997
23,-0.35241999999999996
