time,value
0,-0.66072
1,-1.0814
2,-1.4374
3,-1.5992
4,-1.6639
5,-1.5021
6,-1.0491
7,0.083601
8,0.63375
9,1.2163
10,1.2486
11,1.0544
12,0.73083
13,0.18069000000000002
14,-0.14293
15,-0.20765
16,-0.078207
17,0.60139
18,1.281
19,1.3781
20,1.0221
21,0.5043
22,-0.013484000000000001
23,-0.49891
