time,value
0,-0.98924
1,-1.3697
2,-1.5219
3,-1.6234
4,-1.6234
5,-1.4965
6,-1.1414
7,-0.22829000000000002
8,0.35511
9,1.0653
10,1.0653
11,1.0146
12,0.71023
13,0.48194
14,0.48194
15,0.7609600000000001
16,0.7609600000000001
17,0.5073
18,0.55803
19,1.2936
20,0.83705
21,0.5073
22,0.050730000000000004
23,-0.45657
