time,value
0,-0.9708700000000001
1,-1.2603
2,-1.5208
3,-1.6656
4,-1.6656
5,-1.5498
6,-1.2024
7,-0.18935
8,0.62112
9,0.79479
10,1.229
11,1.1132
12,0.96846
13,0.56323
14,0.59217
15,0.70795
16,0.8526799999999999
17,0.62112
18,0.38955
19,0.21588000000000002
20,0.9105700000000001
21,0.67901
22,0.21588000000000002
23,-0.44986000000000004
