time,value
0,-0.96405
1,-1.2411
2,-1.5736
3,-1.6568
4,-1.6845
5,-1.3797
6,-1.0472
7,-0.46528
8,0.6985
9,1.225
10,1.225
11,1.3358
12,0.97559
13,0.53225
14,0.6985
15,0.78163
16,0.83705
17,0.3937
18,0.25515
19,0.17203
20,-0.077355
21,0.6985
22,0.42141000000000006
23,-0.16047999999999998
