time,value
0,-1.1181
1,-1.4318
2,-1.5991
3,-1.62
4,-1.6409
5,-1.2645
6,-1.0553
7,-0.0095859
8,0.5969399999999999
9,1.2035
10,1.078
11,1.0571
12,0.78518
13,0.47145
14,0.42962
15,0.55511
16,0.65969
17,0.45053999999999994
18,0.78518
19,1.1616
20,0.76426
21,0.42962
22,-0.13507
23,-0.55337
