time,value
0,-0.9851
1,-1.339
2,-1.5514
3,-1.5986
4,-1.693
5,-1.4806
6,-1.0795
7,0.053089
8,0.73735
9,1.1857
10,1.0913
11,1.0205
12,0.73735
13,0.43061000000000005
14,0.40702
15,0.43061000000000005
16,0.40702
17,0.33623000000000003
18,0.73735
19,1.3272
20,0.8553299999999999
21,0.45421000000000006
22,0.029494
23,-0.5132
