time,value
0,-0.98741
1,-1.3241
2,-1.5831
3,-1.6349
4,-1.5831
5,-1.4795
6,-1.0392
7,-0.39173
8,0.51475
9,0.95504
10,1.0586
11,0.87734
12,0.74784
13,0.41115
14,0.43705
15,0.51475
16,0.61835
17,0.30755
18,0.30755
19,1.4212
20,1.214
21,0.8255399999999999
22,0.17806
23,-0.36583000000000004
