time,value
0,-0.65755
1,-1.0758
2,-1.3546
3,-1.494
4,-1.494
5,-1.4382
6,-1.6613
7,-0.54602
8,0.62502
9,1.1827
10,1.3499
11,1.2663
12,0.9874799999999999
13,0.68078
14,0.82019
15,0.9874799999999999
16,0.9317200000000001
17,0.68078
18,0.40196
19,0.20679
20,-0.15567
21,-0.18356
22,0.17890999999999999
23,-0.23931999999999998
