time,value
0,-0.9964299999999999
1,-1.3424
2,-1.5459
3,-1.5663
4,-1.5867
5,-1.4442
6,-1.0575
7,-0.039857
8,0.57072
9,0.99813
10,1.2424
11,1.1406
12,0.7946
13,0.50966
14,0.4079
15,0.50966
16,0.57072
17,0.77425
18,1.1202
19,1.0185
20,0.61143
21,0.24508000000000002
22,-0.28409
23,-0.65044
