time,value
0,-0.7713300000000001
1,-1.1468
2,-1.4067
3,-1.4644
4,-1.4644
5,-1.3778
6,-1.4067
7,-0.8290799999999999
8,0.38386
9,1.2502
10,1.2502
11,1.3369
12,1.0481
13,0.7592899999999999
14,0.84593
15,0.9325700000000001
16,0.9903299999999999
17,0.70153
18,0.44161999999999996
19,0.26834
20,-0.19372999999999999
21,-0.19372999999999999
22,0.26834
23,-0.22261
