time,value
0,-1.1362
1,-1.3898
2,-1.5459
3,-1.6044
4,-1.5654
5,-1.4288
6,-1.0582
7,-0.063395
8,0.67784
9,0.9509200000000001
10,1.0875
11,0.93142
12,0.81438
13,0.52179
14,0.5022800000000001
15,0.52179
16,0.5998100000000001
17,0.67784
18,1.107
19,1.1265
20,0.67784
21,0.34623000000000004
22,-0.10240999999999999
23,-0.64858
