time,value
0,0.14222
1,-0.058562
2,-0.46013000000000004
3,-0.92863
4,-0.92863
5,-0.92863
6,-2.3341
7,-1.6648
8,-1.2633
9,-0.32628
10,0.6107199999999999
11,0.74458
12,1.4139
13,0.40993999999999997
14,0.27608
15,0.008366
16,0.20915
17,-0.12549000000000002
18,0.27608
19,0.27608
20,0.40993999999999997
21,0.9453600000000001
22,2.0831
23,1.2131
