time,value
0,-0.7627
1,-1.1311
2,-1.4144
3,-1.4994
4,-1.4994
5,-1.3861
6,-1.4428
7,-0.366
8,0.59741
9,1.2775
10,1.5042
11,1.4475
12,1.1075
13,0.7390899999999999
14,0.68242
15,0.79576
16,0.7390899999999999
17,0.5124
18,0.48407
19,0.22905
20,-0.054310000000000004
21,-0.082646
22,-0.054310000000000004
23,-0.42267
