time,value
0,-0.75835
1,-1.2046
2,-1.3958
3,-1.5552
4,-1.5871
5,-1.4277
6,-1.4277
7,-0.79023
8,0.38914
9,1.0904
10,1.2816
11,1.2179
12,0.96288
13,0.77163
14,0.8353799999999999
15,0.8991299999999999
16,0.8991299999999999
17,0.7078800000000001
18,0.51663
19,0.35725999999999997
20,0.038515
21,-0.18461
22,0.38914
23,-0.025234
