time,value
0,-0.75093
1,-1.0847
2,-1.4741
3,-1.5019
4,-1.5853
5,-1.4462
6,-1.5297
7,-0.75093
8,0.5284300000000001
9,1.1681
10,1.2516
11,1.2516
12,0.9734299999999999
13,0.69531
14,0.77875
15,0.80656
16,0.91781
17,0.69531
18,0.5284300000000001
19,0.36156
20,0.083437
21,5.079899999999999e-09
22,0.27812
23,-0.19469
