time,value
0,-0.5344899999999999
1,-1.2145
2,-1.4309
3,-1.5545
4,-1.6163
5,-1.4618
6,-1.06
7,-0.16357
8,0.60918
9,1.2583
10,1.351
11,1.1965
12,0.79464
13,0.20735
14,-0.10175
15,-0.039925
16,0.021894999999999998
17,1.011
18,1.1347
19,1.2892
20,0.70191
21,0.3619
22,-0.16357
23,-0.59631
