time,value
0,0.098523
1,-0.19705
2,-0.78818
3,-0.8867
4,-1.1823
5,-1.0837
6,-0.73892
7,-0.59114
8,-0.34483
9,-1.0345
10,-0.6404
11,-0.049261
12,0.19705
13,-1.1805999999999998e-09
14,-0.6404
15,-0.68966
16,-0.54187
17,0.098523
18,1.7734
19,1.9705
20,1.9705
21,1.7241
22,1.0345
23,0.54187
