time,value
0,-0.8445799999999999
1,-1.3090000000000002
2,-1.6095
3,-1.6914
4,-1.6368
5,-1.4456
6,-0.95385
7,-0.29822
8,0.60327
9,1.4774
10,1.3409
11,1.2316
12,0.68523
13,0.41205
14,0.68523
15,0.63059
16,0.8218200000000001
17,0.38473
18,0.22082
19,0.1935
20,0.46668000000000004
21,0.7945
22,0.24814
23,-0.40749
