time,value
0,-1.0472
1,-1.3838
2,-1.5621
3,-1.6215
4,-1.6215
5,-1.4235
6,-1.0472
7,-0.15596
8,0.67583
9,0.9927
10,1.2106
11,1.0719
12,0.79466
13,0.43818
14,0.41836999999999996
15,0.51739
16,0.51739
17,0.37876
18,1.2106
19,1.0323
20,0.73524
21,0.37876
22,-0.07674299999999999
23,-0.43322
