time,value
0,-1.1043
1,-1.4081
2,-1.5853
3,-1.6613
4,-1.6359
5,-1.5094
6,-1.0537
7,-0.16771
8,0.7183
9,1.0474
10,0.87018
11,0.97144
12,0.87018
13,0.59172
14,0.6170399999999999
15,0.74361
16,0.74361
17,0.51578
18,0.33858
19,0.49046999999999996
20,1.1486
21,0.66767
22,0.13606
23,-0.34491
