time,value
0,0.15869
1,-0.46313000000000004
2,-1.0072
3,-1.3181
4,-1.4736
5,-1.3181
6,-1.0849
7,-1.4736
8,-0.46313000000000004
9,1.0914
10,1.791
11,1.4023
12,0.39188
13,0.31415
14,-0.15222
15,-0.22994
16,0.0032385999999999995
17,-0.22994
18,-0.074489
19,0.080966
20,0.31415
21,2.0242
22,1.0914
23,0.6250600000000001
