time,value
0,-0.070339
1,-0.36824
2,-0.9144
3,-1.3116
4,-1.6592
5,-1.4109
6,-0.96405
7,-0.56685
8,-0.21929
9,-0.26894
10,0.22757
11,1.1709
12,1.2206
13,-0.020687999999999998
14,-0.9144
15,-0.8151
16,-0.6165
17,1.022
18,1.2702
19,1.4688
20,1.5681
21,1.2206
22,0.77373
23,0.17792
