time,value
0,0.09385399999999999
1,-0.85457
2,-1.0917
3,-1.5066
4,-1.5659
5,-1.5066
6,-1.0917
7,-1.0324
8,0.44951
9,1.4572
10,1.8129
11,1.7536
12,1.3979
13,0.44951
14,-0.083975
15,0.09385399999999999
16,-0.024697999999999998
17,-0.20253
18,0.09385399999999999
19,-0.20253
20,0.09385399999999999
21,0.7458899999999999
22,0.50879
23,0.21241
