time,value
0,-0.48777
1,-1.1206
2,-1.4369999999999998
3,-1.5635
4,-1.5319
5,-1.5002
6,-1.6901
7,-0.36122
8,0.36649
9,0.8094399999999999
10,1.284
11,1.4106
12,1.0942
13,0.87272
14,0.8410799999999999
15,0.96764
16,0.8094399999999999
17,0.6196
18,0.33485
19,0.20829
20,-0.1081
21,0.018456
22,0.36649
23,-0.20302
