time,value
0,-0.92914
1,-1.3199
2,-1.5283
3,-1.6065
4,-1.6325
5,-1.4762
6,-1.0594
7,-0.40813
8,0.6859999999999999
9,1.1549
10,1.1549
11,0.9725600000000001
12,0.71205
13,0.45155
14,0.50365
15,0.5297
16,0.6339
17,0.21709
18,0.21709
19,1.3894
20,0.9725600000000001
21,0.65995
22,0.13894
23,-0.43418
