time,value
0,0.18921
1,-0.51717
2,-0.9208200000000001
3,-1.1226
4,-1.3245
5,-1.1226
6,-0.61808
7,-1.829
8,-0.81991
9,0.59286
10,0.79468
11,0.79468
12,0.9965
13,0.29012
14,-0.41626
15,-0.31535
16,-0.012614
17,-0.21444000000000002
18,0.088298
19,0.18921
20,0.29012
21,2.5102
22,1.8038
23,0.69377
