time,value
0,-0.8799899999999999
1,-1.3453
2,-1.5262
3,-1.6296
4,-1.6296
5,-1.5262
6,-1.1902
7,-0.23373000000000002
8,0.49008
9,1.0846
10,1.2914
11,1.1105
12,0.7744300000000001
13,0.51593
14,0.51593
15,0.56763
16,0.59348
17,0.56763
18,0.33498
19,1.188
20,0.8778299999999999
21,0.38668
22,-0.052778
23,-0.28543
