time,value
0,-0.8547899999999999
1,-1.1668
2,-1.4008
3,-1.5568
4,-1.5828
5,-1.5048
6,-1.5308
7,-0.38677
8,0.49727
9,1.1473
10,1.2773
11,1.3033
12,1.0433
13,0.60128
14,0.57528
15,0.83529
16,0.7572800000000001
17,0.73128
18,0.18525999999999998
19,0.34126999999999996
20,0.029251
21,0.7572800000000001
22,0.10725
23,-0.20476
