time,value
0,-1.0302
1,-1.364
2,-1.5211
3,-1.5604
4,-1.6193
5,-1.4033
6,-0.9909
7,-0.20538
8,0.77652
9,1.0907
10,1.0711
11,0.9728899999999999
12,0.75688
13,0.44267
14,0.44267
15,0.5605
16,0.54086
17,0.63905
18,1.2675
19,1.13
20,0.61941
21,0.32484
22,-0.34285
23,-0.59814
