time,value
0,-0.70703
1,-1.099
2,-1.4631
3,-1.5471
4,-1.5471
5,-1.4071
6,-1.6031
7,-0.42701999999999996
8,0.74903
9,1.225
10,1.281
11,1.169
12,1.0290000000000001
13,0.74903
14,0.80503
15,0.9170299999999999
16,0.8890299999999999
17,0.60902
18,0.32900999999999997
19,0.32900999999999997
20,-0.063002
21,-0.23101
22,0.105
23,-0.091003
