time,value
0,-0.45873
1,-0.9708
2,-1.3366
3,-1.556
4,-1.556
5,-1.3731
6,-1.0805
7,0.16307
8,0.78487
9,1.5164
10,1.4798
11,1.1506
12,0.74829
13,0.12649000000000002
14,-0.27585
15,-0.27585
16,-0.45873
17,-0.42215
18,-0.056389
19,1.4067
20,1.2969
21,0.8946
22,0.34595
23,-0.09296499999999999
