time,value
0,-0.055424
1,-0.65172
2,-1.2021
3,-1.3856
4,-1.3397
5,-1.3397
6,-0.9728
7,-0.55998
8,-0.42236999999999997
9,0.35739
10,0.67847
11,0.81608
12,0.31151999999999996
13,-0.009555899999999999
14,-0.3765
15,-0.46824
16,-0.65172
17,-0.46824
18,1.5958
19,1.9628
20,1.4582
21,1.55
22,0.90781
23,0.26566
