time,value
0,-0.98367
1,-1.2358
2,-1.5268
3,-1.6044
4,-1.585
5,-1.4104
6,-1.0613
7,-0.18833
8,0.93679
9,1.0338
10,1.092
11,0.87859
12,0.6652100000000001
13,0.35483000000000003
14,0.23844
15,0.49062
16,0.52942
17,1.2472
18,1.2472
19,1.0338
20,0.47121999999999997
21,0.21904
22,-0.22712
23,-0.6151
