time,value
0,-1.1094
1,-1.3704
2,-1.511
3,-1.5712
4,-1.5511
5,-1.4507
6,-1.1495
7,-0.22589
8,0.35641
9,1.0793
10,1.0190000000000001
11,0.85839
12,0.6776800000000001
13,0.41665
14,0.43673
15,0.5371199999999999
16,0.7178399999999999
17,0.93871
18,1.1997
19,1.1194
20,0.7178399999999999
21,0.41665
22,-0.0050198
23,-0.5471600000000001
