time,value
0,-0.91428
1,-1.1793
2,-1.3913
3,-1.5238
4,-1.6298
5,-1.5238
6,-1.2323
7,-0.56977
8,0.54327
9,1.2058
10,1.1263
11,1.1263
12,0.8612700000000001
13,0.9672799999999999
14,0.91428
15,0.8612700000000001
16,0.56977
17,0.35775999999999997
18,0.22526
19,0.51676
20,0.70227
21,0.70227
22,-0.092753
23,-0.6227699999999999
