time,value
0,1.0743
1,0.49273999999999996
2,0.10500999999999999
3,0.008077800000000001
4,-0.18579
5,-0.28271999999999997
6,0.008077800000000001
7,-1.6398
8,-1.0582
9,-0.6704600000000001
10,-0.18579
11,-0.08885599999999999
12,-0.28271999999999997
13,-0.37966
14,-0.6704600000000001
15,-0.8643200000000001
16,-0.6704600000000001
17,-0.57352
18,-0.47658999999999996
19,-0.08885599999999999
20,-0.08885599999999999
21,2.4314
22,2.5283
23,1.5590000000000002
