time,value
0,-0.97106
1,-1.3396
2,-1.5665
3,-1.6515
4,-1.7082
5,-1.5665
6,-1.0278
7,-0.23390999999999998
8,0.44655
9,1.127
10,1.127
11,1.1837
12,0.98524
13,0.58831
14,0.50325
15,0.70172
16,0.70172
17,0.41818999999999995
18,0.36149000000000003
19,0.44655
20,0.95689
21,0.6450100000000001
22,0.10632
23,-0.23390999999999998
