time,value
0,-1.0093
1,-1.331
2,-1.5042
3,-1.6527
4,-1.5290000000000001
5,-1.43
6,-1.0588
7,-0.366
8,0.64849
9,1.1681
10,1.1681
11,0.9949100000000001
12,0.8217
13,0.4258
14,0.47529
15,0.45053999999999994
16,0.54952
17,0.22785
18,0.27734000000000003
19,1.4403
20,1.0197
21,0.62375
22,0.054643
23,-0.46498
