time,value
0,-1.0517
1,-1.3405
2,-1.5523
3,-1.5908
4,-1.6293
5,-1.4561
6,-1.0325
7,-0.22382
8,0.46931000000000006
9,0.95065
10,0.87364
11,0.79662
12,0.66185
13,0.46931000000000006
14,0.45006
15,0.5848300000000001
16,0.6811
17,1.2009999999999998
18,1.3165
19,1.1239
20,0.5848300000000001
21,0.25751999999999997
22,-0.06979500000000001
23,-0.47412
