time,value
0,-0.7956
1,-1.0977
2,-1.3092
3,-1.3998
4,-1.4905
5,-1.3998
6,-1.3696
7,-0.82581
8,0.14099
9,1.0776
10,1.2589
11,1.2891
12,1.0172
13,0.71503
14,0.8963
15,1.1984
16,1.138
17,0.9265200000000001
18,0.44311999999999996
19,0.14099
20,-0.22155999999999998
21,-0.28198
22,0.11077999999999999
23,-0.16113
