time,value
0,-0.84235
1,-1.0613
2,-1.3532
3,-1.5722
4,-1.6452
5,-1.5722
6,-0.91533
7,-1.1343
8,-0.1855
9,0.98224
10,1.2012
11,0.98224
12,1.0552
13,0.7632899999999999
14,0.61732
15,0.61732
16,0.7632899999999999
17,0.61732
18,0.32538
19,0.17942
20,-0.33147
21,1.2742
22,0.8362700000000001
23,0.39837
