time,value
0,-0.84186
1,-1.3353
2,-1.5546
3,-1.6917
4,-1.7465
5,-1.3079
6,-1.0063
7,-0.51288
8,0.63853
9,1.3239
10,1.1868
11,1.1046
12,0.80302
13,0.41922
14,0.52887
15,0.50146
16,0.50146
17,0.30956
18,0.22730999999999998
19,0.88526
20,1.1046
21,0.72078
22,0.09024
23,-0.34839000000000003
