time,value
0,-0.9761700000000001
1,-1.0813
2,-1.2654
3,-1.3706
4,-1.3969
5,-1.2917
6,-1.2654
7,-0.71323
8,0.39113000000000003
9,1.1274
10,1.4166
11,1.2325
12,1.0485
13,0.7592399999999999
14,1.18
15,0.91701
16,0.91701
17,0.78554
18,0.8381299999999999
19,0.18077000000000001
20,-0.37141
21,-0.3977
22,-0.10845999999999999
23,-0.5554600000000001
