time,value
0,-1.0738
1,-1.3536
2,-1.5284
3,-1.5809
4,-1.6159
5,-1.4585
6,-1.0039
7,-0.12968
8,0.81448
9,0.9193899999999999
10,1.0068
11,0.8844200000000001
12,0.8844200000000001
13,0.58719
14,0.5697
15,0.76203
16,0.67461
17,1.0243
18,1.0068
19,0.8844200000000001
20,0.44731000000000004
21,0.16756
22,-0.16465
23,-0.72415
