time,value
0,-0.8805200000000001
1,-1.2613
2,-1.4789
3,-1.642
4,-1.6692
5,-1.3973
6,-1.0709
7,-0.064594
8,0.72413
9,1.3769
10,1.4585
11,1.2681
12,1.0233
13,0.75133
14,0.66974
15,0.75133
16,0.72413
17,0.42496000000000006
18,0.28897
19,0.071393
20,0.016998
21,0.28897
22,0.071393
23,-0.44536000000000003
