time,value
0,-0.67757
1,-1.2151
2,-1.3495
3,-1.5287
4,-1.6631
5,-1.3943
6,-0.99116
7,-0.90156
8,-0.050398
9,1.0696
10,1.5623
11,1.4279
12,1.2487
13,0.80077
14,0.71117
15,0.62157
16,0.80077
17,0.26319000000000004
18,0.30799
19,0.12879000000000002
20,0.17359000000000002
21,0.89036
22,-0.050398
23,-0.18479
