time,value
0,-0.80157
1,-1.1825
2,-1.4818
3,-1.5363
4,-1.5907
5,-1.2642
6,-1.3458
7,-0.39342
8,1.1032
9,1.3481
10,1.3753
11,1.2936
12,0.9126799999999999
13,0.66779
14,0.64058
15,0.72221
16,0.77663
17,0.34126
18,0.17800000000000002
19,-0.36621
20,0.014738999999999999
21,0.58616
22,0.36846999999999996
23,-0.36621
