time,value
0,0.9422299999999999
1,0.011085
2,-0.38798
3,-0.92006
4,-0.92006
5,-0.6540199999999999
6,-0.25495999999999996
7,-1.8512
8,-0.92006
9,0.011085
10,0.67619
11,0.011085
12,0.14411
13,0.011085
14,-0.521
15,-0.521
16,-0.521
17,-0.38798
18,-0.38798
19,-0.25495999999999996
20,0.5431699999999999
21,2.8045
22,1.8734
23,1.4743
