time,value
0,-0.27346
1,-0.8612
2,-1.253
3,-1.4
4,-1.6449
5,-1.6938
6,-1.0571
7,-0.077549
8,0.41223000000000004
9,1.4898
10,1.4898
11,1.1959
12,0.951
13,-0.27346
14,-0.077549
15,-0.12653
16,-0.12653
17,-0.32244
18,-0.22448
19,0.21631999999999998
20,1.5877
21,1.2938
22,0.7061
23,0.069386
