time,value
0,-0.8527600000000001
1,-1.2858
2,-1.459
3,-1.661
4,-1.5456
5,-1.3724
6,-1.3146
7,-0.2177
8,0.7926300000000001
9,1.3122
10,1.37
11,1.2834
12,0.9658200000000001
13,0.67716
14,0.76376
15,0.7348899999999999
16,0.6482899999999999
17,0.35963
18,0.070963
19,0.2153
20,0.01323
21,0.67716
22,0.24416
23,-0.41977
