time,value
0,-0.041466
1,-0.63857
2,-1.1362
3,-1.3352
4,-1.5342
5,-1.3352
6,-1.7830000000000001
7,-1.0864
8,0.45611999999999997
9,1.7001
10,1.7996
11,1.5011
12,1.2025
13,0.45611999999999997
14,0.0082931
15,0.15757000000000002
16,0.0082931
17,0.0082931
18,0.058052
19,0.25709
20,0.058052
21,0.20733000000000001
22,0.75468
23,0.25709
