time,value
0,-0.7311300000000001
1,-1.3102
2,-1.455
3,-1.5419
4,-1.5129
5,-1.455
6,-1.2234
7,-0.9338200000000001
8,0.10858
9,1.122
10,1.2089
11,1.1799
12,1.0931
13,0.65874
14,0.77456
15,0.9193399999999999
16,0.97725
17,0.54292
18,0.31127
19,0.16649
20,0.6876899999999999
21,0.57187
22,0.13754
23,-0.29679
