time,value
0,-0.46688
1,-1.0056
2,-1.3647
3,-1.4725
4,-1.652
5,-1.4725
6,-1.0415
7,-0.14365999999999998
8,0.32323
9,1.3647
10,1.5084
11,1.1852
12,0.68237
13,0.071828
14,-0.21548
15,-0.10774
16,-0.17957
17,-0.071828
18,1.1492
19,1.5084
20,1.1133
21,0.68237
22,0.071828
23,-0.46688
