time,value
0,-1.012
1,-1.3305
2,-1.5429
3,-1.6225
4,-1.7818
5,-1.4633
6,-0.79965
7,-0.37494
8,0.76647
9,1.2443
10,1.4301
11,1.1381
12,0.9257299999999999
13,0.47448
14,0.55411
15,0.76647
16,0.6602899999999999
17,0.47448
18,0.26213000000000003
19,0.15595
20,0.049770999999999996
21,0.8461
22,0.3683
23,-0.18913
