time,value
0,-0.76312
1,-1.2041
2,-1.4099
3,-1.5569
4,-1.4687
5,-1.4687
6,-1.5275
7,-0.49854
8,0.67738
9,1.2359
10,1.2359
11,1.4417
12,0.58918
13,0.58918
14,0.76557
15,1.0008
16,0.8831600000000001
17,0.67738
18,0.55979
19,0.3246
20,0.0012249000000000001
21,-0.057571000000000004
22,0.23640999999999998
23,-0.26336
