time,value
0,-0.8740399999999999
1,-1.2174
2,-1.4671
3,-1.4671
4,-1.4671
5,-1.4359
6,-1.1238
7,-0.5931
8,0.53066
9,1.2174
10,1.2486
11,1.2174
12,0.9676799999999999
13,0.74917
14,0.8116
15,0.90525
16,1.0925
17,0.93647
18,0.49945
19,0.28094
20,-0.031216000000000004
21,-0.28094
22,0.09364700000000001
23,-0.5931
