time,value
0,-0.84554
1,-1.1782
2,-1.3294
3,-1.4806
4,-1.5109
5,-1.3294
6,-1.2084
7,-0.48262
8,0.33393
9,1.2412
10,1.3924
11,1.3319
12,1.3319
13,0.84806
14,0.84806
15,0.96903
16,0.81781
17,0.7573300000000001
18,0.33393
19,0.031502999999999996
20,-0.27092
21,-0.33141
22,0.091988
23,-0.36165
