time,value
0,-1.0149
1,-1.4683
2,-1.5439
3,-1.6195
4,-1.5943
5,-1.3676
6,-1.1912
7,0.017842
8,0.62239
9,1.0002
10,1.2269
11,1.2017
12,1.0254
13,0.49643999999999994
14,0.44606
15,0.5972
16,0.64758
17,0.47125
18,0.47125
19,0.84909
20,0.8239
21,0.3453
22,0.16898
23,-0.6118899999999999
