time,value
0,0.96975
1,0.2445
2,-0.15109
3,-0.6126199999999999
4,-0.74448
5,-0.74448
6,-1.7335
7,-1.6675
8,-0.9422799999999999
9,0.2445
10,0.70602
11,0.77195
12,0.8378899999999999
13,0.2445
14,-0.21703000000000003
15,-0.41481999999999997
16,-0.6126199999999999
17,-0.6126199999999999
18,-0.6126199999999999
19,-0.21703000000000003
20,0.2445
21,0.5082300000000001
22,2.3543
23,2.1565
