time,value
0,-1.0989
1,-1.3406
2,-1.5824
3,-1.6044
4,-1.6044
5,-1.4945
6,-0.9450299999999999
7,0.15384
8,0.79119
9,1.2307
10,1.2527
11,0.9450299999999999
12,0.8571200000000001
13,0.48351000000000005
14,0.5494399999999999
15,0.5494399999999999
16,0.5714199999999999
17,0.48351000000000005
18,0.5494399999999999
19,1.0329
20,0.70328
21,0.37362
22,-0.21978000000000003
23,-0.63735
