time,value
0,-0.9078299999999999
1,-1.2405
2,-1.4345
3,-1.5177
4,-1.5177
5,-1.3791
6,-1.3236
7,-0.7137899999999999
8,0.53361
9,1.2543
10,1.3098
11,1.3098
12,1.0048
13,0.69993
14,0.75537
15,0.92169
16,0.92169
17,0.58905
18,0.47817
19,0.28413
20,-0.07622999999999999
21,-0.07622999999999999
22,0.25640999999999997
23,-0.13167
