time,value
0,-0.49571000000000004
1,-1.03
2,-1.4574
3,-1.5287
4,-1.5999
5,-1.4931
6,-1.0656
7,0.038588
8,0.5372600000000001
9,1.214
10,1.4634
11,1.1428
12,0.64412
13,0.14545
14,-0.24636999999999998
15,-0.13951
16,-0.17513
17,-0.068271
18,0.6085
19,1.6771
20,1.2853
21,0.75098
22,0.14545
23,-0.35323000000000004
