time,value
0,-1.0242
1,-1.3848
2,-1.5513
3,-1.6068
4,-1.6622
5,-1.5513
6,-1.1351
7,-0.053173000000000005
8,0.69587
9,1.0843
10,1.1952
11,1.0565
12,0.91781
13,0.52942
14,0.52942
15,0.75136
16,0.69587
17,0.41845
18,0.25199
19,0.50168
20,0.8623299999999999
21,0.69587
22,0.19651
23,-0.41383000000000003
