time,value
0,-0.52578
1,-1.0825
2,-1.3423
3,-1.6763
4,-1.6021
5,-1.6021
6,-1.0825
7,-0.34021
8,0.2165
9,0.36496
10,0.84744
11,0.84744
12,0.66187
13,0.25361
14,-0.19175999999999999
15,-0.0433
16,0.030929
17,0.5876399999999999
18,1.5897
19,1.7753
20,1.1815
21,0.9216700000000001
22,0.29073000000000004
23,-0.080414
