time,value
0,-0.267
1,-0.73382
2,-1.0733
3,-1.2006
4,-1.2855
5,-1.2006
6,-0.9035700000000001
7,-0.52163
8,-0.86113
9,-0.09725299999999999
10,0.45443999999999996
11,0.32711999999999997
12,0.36956
13,-0.054814999999999996
14,-0.30944
15,-0.47918999999999995
16,-0.47918999999999995
17,-0.13969
18,1.5154
19,2.1519
20,1.8124
21,1.5154
22,1.091
23,0.36956
