time,value
0,-0.983
1,-1.3098
2,-1.5773
3,-1.6961
4,-1.6664
5,-1.3693
6,-1.1019
7,-0.21047
8,0.38379
9,0.97805
10,1.2455
11,1.186
12,0.8592
13,0.56207
14,0.74035
15,0.74035
16,0.8592
17,0.44322
18,0.20551
19,0.23523000000000002
20,1.0969
21,0.71063
22,-0.032188999999999995
23,-0.2996
