time,value
0,-0.90651
1,-1.2468
2,-1.3829
3,-1.4509999999999998
4,-1.5417
5,-1.3829
6,-1.4509999999999998
7,-0.5435300000000001
8,0.54542
9,1.0672
10,1.3621
11,1.2487
12,1.0899
13,0.79497
14,0.70422
15,0.79497
16,1.0445
17,0.84034
18,0.38661
19,0.25049
20,0.046318
21,-0.021741
22,0.069004
23,-0.31666
