time,value
0,-1.0853
1,-1.4034
2,-1.4969999999999999
3,-1.5906
4,-1.5719
5,-1.4409
6,-1.0666
7,-0.22455
8,0.5052399999999999
9,1.0292
10,1.1602
11,1.0105
12,0.8982
13,0.54267
14,0.52395
15,0.67365
16,0.61752
17,0.6362300000000001
18,1.0853
19,1.0105
20,0.61752
21,0.28069
22,-0.093563
23,-0.61752
