time,value
0,-0.93176
1,-1.2461
2,-1.4706
3,-1.6053
4,-1.6502
5,-1.4706
6,-1.0216
7,-1.1563
8,0.011226
9,0.72969
10,0.9542200000000001
11,1.044
12,0.9991200000000001
13,0.63989
14,0.72969
15,0.7746
16,0.7746
17,0.9991200000000001
18,0.55008
19,0.28065
20,0.32556
21,1.044
22,0.55008
23,0.14594000000000001
