time,value
0,-0.92451
1,-1.3374
2,-1.4476
3,-1.6403
4,-1.6403
5,-1.4476
6,-1.1172
7,-0.29135
8,0.75475
9,1.4154
10,1.3879
11,1.2227
12,0.9199200000000001
13,0.5895699999999999
14,0.5069899999999999
15,0.75475
16,0.6171
17,0.34181
18,0.25923
19,0.17664000000000002
20,0.25923
21,0.78227
22,0.20417000000000002
23,-0.3464
