time,value
0,-1.0253
1,-1.2964
2,-1.4998
3,-1.6127
4,-1.5901
5,-1.4546
6,-1.0705
7,-0.07625900000000001
8,0.6016
9,1.1891
10,1.1439
11,0.98572
12,0.75977
13,0.33046
14,0.35305
15,0.35305
16,0.35305
17,0.46603
18,1.2569
19,1.2569
20,0.78236
21,0.46603
22,-0.14405
23,-0.52817
