time,value
0,-0.86321
1,-1.1502
2,-1.3329
3,-1.3851
4,-1.4372
5,-1.4111
6,-1.5155
7,-0.49792
8,0.5979399999999999
9,1.2763
10,1.3807
11,1.0676
12,0.8066800000000001
13,0.6762199999999999
14,0.6762199999999999
15,0.9632299999999999
16,1.4068
17,0.78059
18,0.46748
19,0.23265
20,-0.2631
21,-0.2631
22,0.10219
23,-0.31528
