time,value
0,-1.1697
1,-1.3485
2,-1.4602
3,-1.5273
4,-1.5496
5,-1.4602
6,-1.0132
7,-0.1192
8,0.48426
9,1.0877
10,1.1101
11,0.97598
12,0.75247
13,0.41721
14,0.30546
15,0.48426
16,0.48426
17,0.8418700000000001
18,1.4006
19,1.1771
20,0.59602
21,0.30546
22,-0.20861
23,-0.56622
