time,value
0,0.9629200000000001
1,-0.0080917
2,-0.52596
3,-0.9143700000000001
4,-0.9791
5,-0.8496299999999999
6,-0.8496299999999999
7,-1.5617
8,-1.1733
9,-0.52596
10,0.25084
11,0.44505
12,0.38031
13,-0.20229
14,-0.20229
15,-0.13756
16,-0.33176
17,-0.46123000000000003
18,-0.33176
19,-0.0080917
20,1.0924
21,2.5165
22,1.9987
23,1.4161
