time,value
0,-1.0454
1,-1.2125
2,-1.5745
3,-1.6859
4,-1.7416
5,-1.4631
6,-0.87834
7,-0.15432
8,0.8203299999999999
9,0.9038700000000001
10,0.98741
11,0.9038700000000001
12,0.8203299999999999
13,0.29123000000000004
14,0.12415
15,0.29123000000000004
16,0.54186
17,0.70894
18,1.3494
19,1.2659
20,0.70894
21,0.37477
22,0.04061
23,-0.3771
