time,value
0,-0.6741199999999999
1,-1.2087
2,-1.462
3,-1.5464
4,-1.6308
5,-1.4901
6,-1.0399
7,-0.19579000000000002
8,1.0141
9,1.2674
10,1.2674
11,1.0704
12,0.53578
13,0.25440999999999997
14,-0.19579000000000002
15,-0.25206
16,-0.055102
17,0.98598
18,1.0423
19,1.2111
20,0.8734299999999999
21,0.50765
22,0.11372
23,-0.39275
