time,value
0,-1.0326
1,-1.324
2,-1.5376
3,-1.6347
4,-1.557
5,-1.4016
6,-1.0715
7,-0.25573
8,0.6765399999999999
9,1.0844
10,1.0456
11,1.0067
12,0.85134
13,0.50174
14,0.40463000000000005
15,0.54059
16,0.77366
17,0.56001
18,1.1427
19,1.065
20,0.6377
21,0.32694
22,-0.10035
23,-0.70244
