time,value
0,-1.0107
1,-1.3159
2,-1.538
3,-1.7322
4,-1.5935
5,-1.4547
6,-0.9274
7,0.09944700000000001
8,0.79327
9,1.3761
10,1.4871
11,1.1818
12,1.0708
13,0.51574
14,0.6545
15,0.599
16,0.5434899999999999
17,0.34922
18,0.07169500000000001
19,0.07169500000000001
20,0.26596
21,0.62675
22,0.18270999999999998
23,-0.31684
