time,value
0,-0.70617
1,-1.0887
2,-1.3241
3,-1.5006
4,-1.5006
5,-1.4123
6,-1.4712
7,-1.0298
8,0.29424
9,1.0887
10,1.177
11,1.2947
12,1.1181
13,0.76502
14,0.8827200000000001
15,0.94157
16,1.0298
17,0.7356
18,0.52963
19,0.23539000000000002
20,-0.088272
21,-0.1177
22,0.20597
23,-0.058848000000000004
