time,value
0,0.124
1,-0.43668999999999997
2,-0.73859
3,-1.0405
4,-1.0405
5,-1.0836
6,-0.6954600000000001
7,-1.0405
8,-0.6954600000000001
9,0.16713
10,0.64155
11,0.9434600000000001
12,0.16713
13,-0.17790999999999998
14,-0.52294
15,-0.65233
16,-0.65233
17,-0.73859
18,-0.39355999999999997
19,1.7198
20,2.2373
21,1.806
22,1.3747
23,0.7278100000000001
