time,value
0,1.3042
1,0.76189
2,-0.090393
3,-0.24535
4,-0.47778999999999994
5,-0.5552699999999999
6,-0.5552699999999999
7,-1.64
8,-1.0202
9,-0.32283
10,-0.24535
11,0.37449
12,0.29701
13,-0.47778999999999994
14,-0.5552699999999999
15,-0.78771
16,-0.63275
17,-0.63275
18,-0.78771
19,0.064567
20,0.29701
21,1.0718
22,2.6214
23,2.234
