time,value
0,-0.27109
1,-0.7828
2,-1.258
3,-1.3676
4,-1.5138
5,-1.5138
6,-1.1849
7,-0.67315
8,-1.0387
9,-0.12487999999999999
10,0.38683
11,0.67924
12,0.9351
13,0.35028000000000004
14,0.16752999999999998
15,-0.051780999999999994
16,-0.051780999999999994
17,0.24063
18,1.3372
19,1.6661
20,1.6296
21,1.3006
22,0.75234
23,0.38683
