time,value
0,1.1183
1,0.36225999999999997
2,-0.015750999999999998
3,-0.46937
4,-0.46937
5,-0.46937
6,-1.9058
7,-1.679
8,-0.77178
9,-0.015750999999999998
10,0.43787
11,0.66467
12,0.58907
13,0.059851999999999995
14,-0.46937
15,-0.46937
16,-0.39376
17,-0.54497
18,-0.62057
19,-0.54497
20,0.28665999999999997
21,0.74028
22,2.6303
23,1.9499
