time,value
0,-1.1573
1,-1.3377
2,-1.4923
3,-1.5953
4,-1.5953
5,-1.4923
6,-1.1058
7,-0.35857
8,0.49168999999999996
9,1.0843
10,1.0585
11,0.98124
12,0.72358
13,0.46593
14,0.54322
15,0.64628
16,0.62052
17,0.41439
18,0.36286
19,1.4708
20,0.85241
21,0.59475
22,0.10520999999999998
23,-0.28126999999999996
