time,value
0,-1.0674
1,-1.3016
2,-1.4998
3,-1.5899
4,-1.5539
5,-1.4638
6,-1.1035
7,-0.31077
8,0.77018
9,0.96835
10,1.0584
11,0.9863700000000001
12,0.8782700000000001
13,0.53597
14,0.5720000000000001
15,0.69812
16,0.84224
17,0.9863700000000001
18,1.0404
19,0.84224
20,0.3378
21,0.19367
22,-0.23870999999999998
23,-0.58101
