time,value
0,-0.96468
1,-1.3032
2,-1.5376
3,-1.6678
4,-1.6678
5,-1.5376
6,-1.173
7,0.024958
8,0.59791
9,0.98856
10,1.0406
11,0.8843799999999999
12,0.8843799999999999
13,0.41561000000000003
14,0.67604
15,0.46768999999999994
16,0.54582
17,0.28539000000000003
18,0.41561000000000003
19,1.3271
20,0.8843799999999999
21,0.75417
22,0.10309000000000001
23,-0.44382
