time,value
0,-1.1109
1,-1.3683
2,-1.4712
3,-1.6256
4,-1.6771
5,-1.5227
6,-1.1366
7,-0.1587
8,0.40747
9,0.9221799999999999
10,0.8449700000000001
11,0.81924
12,0.51042
13,0.38174
14,0.43321000000000004
15,0.61336
16,0.74203
17,0.51042
18,0.30453
19,1.3854
20,1.1795
21,0.89644
22,0.40747
23,-0.28738
