time,value
0,-0.85757
1,-1.2819
2,-1.5472
3,-1.5472
4,-1.5737
5,-1.6798
6,-1.0432
7,-0.40668000000000004
8,0.70728
9,1.3438
10,1.3969
11,1.2377
12,0.89294
13,0.65423
14,0.46857
15,0.62771
16,0.60119
17,0.389
18,0.28291
19,0.1503
20,-0.008841
21,0.91946
22,0.41553
23,-0.14146
