time,value
0,-0.71317
1,-0.97708
2,-1.3164
3,-1.4295
4,-1.4672
5,-1.3918
6,-0.97708
7,-0.86398
8,0.19165
9,1.285
10,1.4735
11,1.4735
12,1.2096
13,0.87026
14,0.8325600000000001
15,0.98336
16,0.98336
17,0.68176
18,0.26705
19,0.0031417
20,-0.48696999999999996
21,-0.48696999999999996
22,0.11624000000000001
23,-0.26076
