time,value
0,-1.0207
1,-1.2982
2,-1.4765
3,-1.5756
4,-1.5756
5,-1.4567
6,-1.2387
7,-0.26755999999999996
8,0.38647
9,0.74322
10,0.9612299999999999
11,0.9612299999999999
12,0.7630399999999999
13,0.56485
14,0.50539
15,0.68376
16,0.9215899999999999
17,1.2783
18,1.1
19,0.98105
20,0.5252100000000001
21,0.2081
22,-0.22791999999999998
23,-0.44593
