time,value
0,-1.0311
1,-1.3056
2,-1.5590000000000002
3,-1.5590000000000002
4,-1.6435
5,-1.4534
6,-1.0522
7,-0.038711
8,0.57363
9,1.0804
10,1.1015
11,1.0382
12,0.6792
13,0.36248
14,0.34136
15,0.44693999999999995
16,0.48917
17,0.44693999999999995
18,1.3127
19,1.2071
20,0.76366
21,0.46805
22,-0.10206
23,-0.5665899999999999
