time,value
0,-1.1118
1,-1.3635
2,-1.5146
3,-1.5817
4,-1.5649
5,-1.4809999999999999
6,-1.0111
7,-0.35662
8,0.71743
9,0.9020299999999999
10,1.0027
11,0.9355899999999999
12,0.86846
13,0.53283
14,0.56639
15,0.76777
16,0.76777
17,1.0531
18,1.0363
19,0.86846
20,0.48248
21,0.21397
22,-0.15523
23,-0.5747800000000001
