time,value
0,-0.96316
1,-1.3154
2,-1.4637
3,-1.4637
4,-1.5193
5,-1.5193
6,-1.4822
7,-0.14753
8,0.4642
9,0.8534799999999999
10,0.8534799999999999
11,0.92763
12,0.87202
13,0.6310399999999999
14,0.6125
15,0.64957
16,0.59396
17,1.1872
18,1.0945
19,1.0389
20,0.51981
21,0.29736999999999997
22,-0.16605999999999999
23,-0.55534
