time,value
0,-0.7822399999999999
1,-1.1811
2,-1.409
3,-1.5229
4,-1.5514
5,-1.4375
6,-1.4944
7,-0.69677
8,0.38578
9,0.98403
10,1.2689
11,1.3544
12,0.92705
13,0.55671
14,0.75612
15,0.95554
16,1.041
17,0.72763
18,0.61368
19,0.47123999999999994
20,0.12938
21,0.043919
22,0.072407
23,-0.21247
