time,value
0,-1.0117
1,-1.3137
2,-1.5904
3,-1.6408
4,-1.6408
5,-1.4898
6,-1.0117
7,0.070244
8,0.6238100000000001
9,1.2277
10,1.1774
11,1.127
12,0.90059
13,0.39735
14,0.47283000000000003
15,0.47283000000000003
16,0.42251000000000005
17,0.2967
18,0.2967
19,1.3283
20,0.8251
21,0.47283000000000003
22,-0.13105
23,-0.28202
