time,value
0,-0.99784
1,-1.328
2,-1.4834
3,-1.5805
4,-1.5999
5,-1.4834
6,-1.1726
7,-0.1044
8,0.45886000000000005
9,1.0027
10,1.0415
11,1.0027
12,0.80847
13,0.42001000000000005
14,0.45886000000000005
15,0.55597
16,0.61424
17,1.1969
18,1.1386
19,0.9832700000000001
20,0.53655
21,0.20636999999999997
22,-0.1044
23,-0.5705399999999999
