time,value
0,-0.80532
1,-1.2261
2,-1.5267
3,-1.6169
4,-1.6469999999999998
5,-1.4065
6,-1.0758
7,-0.62497
8,0.6976100000000001
9,1.3589
10,1.4491
11,1.3288
12,0.90802
13,0.36696999999999996
14,0.66755
15,0.75773
16,0.57738
17,0.4872
18,0.21666999999999997
19,0.27679000000000004
20,0.42708
21,0.66755
22,0.1265
23,-0.3845
