time,value
0,-0.6519199999999999
1,-1.2157
2,-1.4976
3,-1.6386
4,-1.4976
5,-1.4272
6,-0.9338299999999999
7,-0.9338299999999999
8,0.052858
9,0.96906
10,1.251
11,1.251
12,1.251
13,0.82811
14,0.5462
15,0.5462
16,0.47572
17,0.40525
18,-0.08809700000000001
19,0.052858
20,-0.29953
21,1.3919
22,0.82811
23,0.33476999999999996
