time,value
0,0.27847
1,-0.14926
2,-0.63045
3,-1.0582
4,-1.2186
5,-1.0582
6,-0.84431
7,-1.4859
8,-0.79085
9,0.17154
10,0.70619
11,0.81312
12,0.75966
13,0.17154
14,-0.41658999999999996
15,-0.41658999999999996
16,-0.57698
17,-0.57698
18,-0.25619000000000003
19,-0.09579299999999999
20,0.92006
21,2.4171
22,1.8824
23,1.4547
