time,value
0,-0.52194
1,-0.86798
2,-1.3178
3,-1.5255
4,-1.5601
5,-1.3524
6,-1.1794
7,-0.79877
8,-0.1067
9,0.13552999999999998
10,0.65459
11,0.79301
12,0.58538
13,0.20474
14,-0.24511
15,-0.1759
16,-0.1067
17,0.44697
18,1.4505
19,1.6927
20,1.6235
21,1.2429
22,0.8276100000000001
23,0.10092999999999999
