time,value
0,-1.0002
1,-1.3149
2,-1.5877
3,-1.6087
4,-1.6087
5,-1.3988
6,-0.9791799999999999
7,-0.20282999999999998
8,0.76236
9,1.182
10,1.2659
11,0.9931700000000001
12,0.74138
13,0.34271
14,0.3637
15,0.40565999999999997
16,0.46861
17,0.48958999999999997
18,1.14
19,1.0981
20,0.76236
21,0.40565999999999997
22,-0.1189
23,-0.6015
