time,value
0,-0.80402
1,-1.1367
2,-1.3862
3,-1.5803
4,-1.6635
5,-1.4417
6,-1.5803
7,-0.58222
8,0.47131999999999996
9,1.0258
10,1.2753
11,1.2476
12,0.9703700000000001
13,0.6654
14,0.7762899999999999
15,0.8594700000000001
16,0.9149200000000001
17,0.69312
18,0.3327
19,0.16635
20,0.083174
21,0.24952
22,0.49905
23,-0.05545
