time,value
0,-0.45088999999999996
1,-1.0606
2,-1.4797
3,-1.5559
4,-1.5559
5,-1.3654
6,-0.94624
7,-0.10795999999999999
8,0.42549
9,1.1876
10,1.3781
11,0.95895
12,0.8446299999999999
13,0.19687000000000002
14,-0.22227
15,-0.18417
16,-0.33658000000000005
17,-0.14606
18,0.31118
19,1.7972
20,1.4543
21,0.95895
22,0.19687000000000002
23,-0.29848
