time,value
0,-1.0152
1,-1.2846
2,-1.4503
3,-1.5539
4,-1.5539
5,-1.4503
6,-1.2224
7,-0.20719
8,0.51798
9,0.9738
10,1.1188
11,0.9323600000000001
12,0.82876
13,0.51798
14,0.55942
15,0.6422899999999999
16,0.55942
17,0.66301
18,1.1603
19,1.2639
20,0.62157
21,0.29007
22,-0.18647
23,-0.72517
