time,value
0,-1.1305
1,-1.3993
2,-1.601
3,-1.601
4,-1.5786
5,-1.4441
6,-0.95124
7,-0.27912
8,0.54983
9,1.1099
10,1.1547
11,1.0875
12,0.9083
13,0.54983
14,0.5274300000000001
15,0.61705
16,0.50503
17,0.3482
18,0.30339
19,1.1771
20,0.88589
21,0.63945
22,0.05694400000000001
23,-0.43595
