time,value
0,-0.77428
1,-1.1934
2,-1.4729
3,-1.5659999999999998
4,-1.5659999999999998
5,-1.5195
6,-1.0537
7,-0.96057
8,0.15718
9,1.0421
10,1.2284
11,1.2749
12,0.9955
13,0.8557799999999999
14,0.8557799999999999
15,0.90236
16,0.9955
17,0.62292
18,0.4832
19,0.017465
20,-0.26197
21,0.34348
22,0.4832
23,0.11060999999999999
