time,value
0,-1.0955
1,-1.3845
2,-1.5702
3,-1.6115
4,-1.6321
5,-1.3638
6,-1.013
7,-0.06363400000000001
8,0.8238
9,1.1540000000000001
10,1.0921
11,0.94763
12,0.80316
13,0.32849
14,0.32849
15,0.43168
16,0.51423
17,0.59678
18,1.1953
19,1.1127
20,0.69997
21,0.26657
22,-0.042996
23,-0.51767
