time,value
0,-0.88808
1,-1.2536
2,-1.591
3,-1.6754
4,-1.6473
5,-1.5348
6,-1.1411
7,0.039835
8,0.79904
9,1.4458
10,1.3052
11,1.0521
12,0.7709199999999999
13,0.43349
14,0.51785
15,0.6584399999999999
16,0.6584399999999999
17,0.32101999999999997
18,0.20855
19,0.20855
20,0.43349
21,0.93963
22,0.2929
23,-0.35383000000000003
