time,value
0,-0.7932899999999999
1,-1.2663
2,-1.6506
3,-1.6506
4,-1.6802
5,-1.4437
6,-0.91155
7,-0.52722
8,0.68489
9,1.217
10,1.4536
11,1.217
12,0.9214
13,0.5666399999999999
14,0.65533
15,0.68489
16,0.71446
17,0.5370699999999999
18,0.271
19,0.034491
20,0.15275
21,0.8327100000000001
22,0.21186999999999998
23,-0.23158
