time,value
0,-0.8554700000000001
1,-1.3305
2,-1.4888
3,-1.6472
4,-1.6208
5,-1.5152
6,-1.1458
7,-0.35406
8,0.70153
9,1.2557
10,1.3613
11,1.3349
12,0.99182
13,0.54319
14,0.62236
15,0.70153
16,0.62236
17,0.41123999999999994
18,0.27929
19,0.20012
20,0.22651
21,0.72792
22,0.20012
23,-0.22211
