time,value
0,0.8006300000000001
1,0.20481
2,-0.53996
3,-0.61444
4,-0.53996
5,-0.61444
6,-2.104
7,-1.5082
8,-1.0613
9,-0.46548
10,0.72615
11,1.0241
12,0.8006300000000001
13,0.27929
14,-0.093096
15,-0.24205
16,-0.31653000000000003
17,-0.39100999999999997
18,-0.61444
19,-0.093096
20,0.50272
21,0.5772
22,2.4391
23,1.8433
