time,value
0,-0.97139
1,-1.2254
2,-1.3665
3,-1.4512
4,-1.5077
5,-1.3948
6,-1.3101
7,-0.80205
8,0.29871
9,1.0325
10,1.2019
11,1.2019
12,1.2019
13,0.8914200000000001
14,0.9478700000000001
15,0.91965
16,1.0608
17,0.66563
18,0.46806000000000003
19,0.21404
20,-0.18111
21,-0.12465999999999999
22,0.29871
23,-0.068209
