time,value
0,-0.99866
1,-1.318
2,-1.5175
3,-1.6173
4,-1.5974
5,-1.4577
6,-1.0785
7,-0.040744999999999996
8,0.75752
9,1.1566
10,1.0768
11,1.1367
12,0.9770399999999999
13,0.55795
14,0.53799
15,0.45816999999999997
16,0.43821000000000004
17,0.33843
18,1.0569
19,1.0369
20,0.61782
21,0.29852
22,-0.22035
23,-0.59953
