time,value
0,-1.0443
1,-1.3474
2,-1.4042
3,-1.5558
4,-1.6126
5,-1.4232
6,-1.0443
7,-0.30546999999999996
8,0.37651
9,1.0964
10,1.0964
11,1.0206
12,0.9258799999999999
13,0.5280600000000001
14,0.47123000000000004
15,0.5280600000000001
16,0.66066
17,1.1343
18,1.0964
19,0.9637600000000001
20,0.56595
21,0.16813
22,-0.26758000000000004
23,-0.62751
