time,value
0,-0.076843
1,-0.50243
2,-1.0699
3,-1.3063
4,-1.4482
5,-1.2117
6,-1.0226
7,-0.45514
8,-0.69158
9,0.017733000000000002
10,0.49061000000000005
11,0.67976
12,0.7743399999999999
13,0.25417
14,-0.31328
15,-0.31328
16,-0.54972
17,-0.59701
18,-0.26599
19,1.8619999999999999
20,1.8619999999999999
21,1.5782
22,1.4837
23,0.8216200000000001
