time,value
0,-1.0982
1,-1.4571
2,-1.6366
3,-1.6142
4,-1.5469
5,-1.4123
6,-1.1431
7,0.18039000000000002
8,0.5168699999999999
9,1.1674
10,1.1898
11,0.98793
12,0.80848
13,0.49443000000000004
14,0.44956999999999997
15,0.44956999999999997
16,0.42713999999999996
17,0.33741
18,0.49443000000000004
19,1.145
20,0.8982
21,0.65146
22,0.18039000000000002
23,-0.47013
