time,value
0,-0.71036
1,-1.0106
2,-1.3109
3,-1.4443
4,-1.5111
5,-1.4443
6,-0.97726
7,0.19045
8,1.2247
9,1.3582
10,1.5583
11,1.2581
12,0.72426
13,0.25716999999999995
14,-0.24327
15,-0.31
16,-0.31
17,-0.41008999999999995
18,0.023632
19,1.5583
20,1.0245
21,0.62417
22,0.12372000000000001
23,-0.24327
