time,value
0,-0.8726700000000001
1,-1.2165
2,-1.4457
3,-1.5603
4,-1.5603
5,-1.4744
6,-1.4169999999999998
7,-0.5575100000000001
8,0.30203
9,0.98967
10,1.2189
11,1.2189
12,0.9610200000000001
13,0.84641
14,0.58855
15,1.0183
16,1.0183
17,0.84641
18,0.50259
19,0.18742999999999999
20,-0.041783
21,-0.013132
22,0.44528999999999996
23,0.015519999999999999
