time,value
0,-0.57586
1,-1.0682
2,-1.3847
3,-1.4902
4,-1.4902
5,-1.3847
6,-1.033
7,0.021979
8,0.51432
9,0.69015
10,1.499
11,1.1825
12,0.6198199999999999
13,0.057146
14,-0.29452
15,-0.32969
16,-0.22419
17,-0.22419
18,1.3583
19,1.6748
20,1.2528
21,0.79565
22,0.26815
23,-0.43518999999999997
