time,value
0,-1.1104
1,-1.3464
2,-1.518
3,-1.6038
4,-1.6468
5,-1.4966
6,-1.0674
7,-0.037548000000000005
8,0.5632199999999999
9,1.1854
10,1.1640000000000001
11,0.9708899999999999
12,0.77778
13,0.45593999999999996
14,0.49885
15,0.52031
16,0.5632199999999999
17,0.43449
18,0.64905
19,1.1854
20,0.86361
21,0.54177
22,-0.037548000000000005
23,-0.50958
