time,value
0,-0.9131299999999999
1,-1.2642
2,-1.3895
3,-1.5901
4,-1.54
5,-1.3394
6,-1.3895
7,-0.78776
8,0.41581999999999997
9,1.0427
10,1.143
11,1.0928
12,0.9925299999999999
13,0.7167100000000001
14,0.86716
15,0.9925299999999999
16,1.0678
17,0.74179
18,0.59134
19,0.44088999999999995
20,-0.010448
21,-0.010448
22,0.34059
23,-0.21104
