time,value
0,0.8136800000000001
1,-0.16929
2,-0.8901399999999999
3,-0.8901399999999999
4,-1.0212
5,-1.0867
6,-0.8901399999999999
7,-1.1523
8,-0.49695
9,0.8136800000000001
10,0.8136800000000001
11,1.2069
12,1.1413
13,0.027305
14,-0.49695
15,-0.43141999999999997
16,-0.6935399999999999
17,-0.8246100000000001
18,-0.75907
19,-0.23481999999999997
20,0.35496
21,2.583
22,1.6001
23,0.68262
