time,value
0,-0.46798
1,-0.9041600000000001
2,-1.2313
3,-1.3767
4,-1.5584
5,-1.3767
6,-1.2313
7,-0.75877
8,-0.8314600000000001
9,-0.24989
10,0.47707
11,0.91325
12,0.9495899999999999
13,0.36801999999999996
14,0.0045435
15,-0.031805
16,0.14994000000000002
17,0.47707
18,1.2767
19,1.7129
20,1.6039
21,1.1677
22,0.69516
23,0.22263000000000002
