time,value
0,-1.0858
1,-1.3644
2,-1.5144
3,-1.6001
4,-1.6001
5,-1.4287
6,-1.0001
7,0.007143300000000001
8,0.80004
9,1.1858
10,1.1858
11,1.0572
12,0.80004
13,0.39288
14,0.30716
15,0.41431
16,0.43573999999999996
17,0.37145
18,1.1858
19,1.0572
20,0.75718
21,0.32859
22,-0.12144
23,-0.5714600000000001
