time,value
0,-1.1179
1,-1.4191
2,-1.5051
3,-1.6342
4,-1.6557
5,-1.5051
6,-1.0103
7,0.043926
8,0.47422
9,1.0336
10,1.0551
11,0.96906
12,0.8399700000000001
13,0.49573
14,0.40967
15,0.60331
16,0.53876
17,0.5817899999999999
18,0.81845
19,1.2487
20,0.79694
21,0.4527
22,-0.020618
23,-0.49394
