time,value
0,-0.32031
1,-0.84882
2,-1.2812
3,-1.4254
4,-1.3773
5,-1.4254
6,-0.94491
7,0.40039
8,0.68867
9,1.7457
10,1.8898
11,1.6496
12,0.88085
13,0.16015
14,-0.27226
15,-0.46445
16,-0.32031
17,-0.5605399999999999
18,-0.32031
19,-0.12812
20,0.35234
21,1.2652
22,0.5925699999999999
23,0.064062
