time,value
0,-0.92156
1,-1.2833
2,-1.4383
3,-1.5158
4,-1.5934
5,-1.5417
6,-1.4642
7,-0.68902
8,0.65457
9,1.0421
10,1.1713
11,1.1455
12,0.8871100000000001
13,0.78376
14,0.8871100000000001
15,0.8612700000000001
16,0.70624
17,0.5512100000000001
18,0.42202
19,0.42202
20,0.24115999999999999
21,0.34451
22,0.37035
23,-0.043064
