time,value
0,-0.93963
1,-1.3514
2,-1.5385
3,-1.5385
4,-1.5572
5,-1.4449
6,-1.1455
7,-0.22846999999999998
8,0.7821100000000001
9,0.8944
10,1.0067
11,0.9318299999999999
12,0.74469
13,0.44525
14,0.46397
15,0.5201100000000001
16,0.6511100000000001
17,1.2874
18,1.25
19,0.95055
20,0.42654
21,0.18325
22,-0.20976
23,-0.58405
