time,value
0,-0.49341999999999997
1,-1.0647
2,-1.2206
3,-1.5322
4,-1.4803
5,-1.2725
6,-0.9608700000000001
7,-0.8569899999999999
8,0.5973
9,1.2725
10,1.5841
11,1.6880000000000002
12,1.5322
13,0.80505
14,0.5453600000000001
15,0.70117
16,0.64923
17,0.38954
18,0.12985
19,-0.12985
20,-0.64923
21,0.12985
22,0.025969
23,-0.38954
