time,value
0,-1.0287
1,-1.2848
2,-1.4897
3,-1.6177
4,-1.5665
5,-1.3872
6,-1.1055
7,-0.38842
8,0.61038
9,1.225
10,1.1994
11,1.0457
12,0.8664799999999999
13,0.37988
14,0.4311
15,0.45671000000000006
16,0.61038
17,0.37988
18,0.25183
19,1.3531
20,0.9945299999999999
21,0.58477
22,-0.0042683999999999995
23,-0.51647
