time,value
0,-0.097203
1,-0.8589600000000001
2,-1.2874
3,-1.5255
4,-1.4779
5,-1.1922
6,-1.0494
7,-0.5733
8,0.71216
9,1.6644
10,1.9976
11,1.4739
12,0.95021
13,0.18846
14,-0.14481
15,-0.24003000000000002
16,-0.28764
17,-0.33525
18,-0.28764
19,-0.049594
20,0.37889
21,1.3311
22,0.75977
23,-0.049594
