time,value
0,-0.13726
1,-0.85101
2,-1.4
3,-1.4549
4,-1.6197
5,-1.4549
6,-0.96081
7,-0.30196999999999996
8,0.35686999999999997
9,1.4549
10,1.6746
11,1.5648
12,1.0157
13,0.30196999999999996
14,-0.082356
15,-0.19216
16,-0.082356
17,-0.19216
18,-0.24706999999999998
19,-0.027451999999999997
20,1.5099
21,1.0157
22,0.46668000000000004
23,-0.35686999999999997
