time,value
0,-0.976
1,-1.3559999999999999
2,-1.5348
3,-1.5795
4,-1.6465
5,-1.4454
6,-1.0878
7,-0.081954
8,0.6332800000000001
9,1.0803
10,1.1027
11,1.0803
12,0.7226899999999999
13,0.34271999999999997
14,0.38742
15,0.40976999999999997
16,0.47681999999999997
17,0.36507
18,1.1921
19,1.2815
20,0.76739
21,0.43212
22,-0.059602999999999996
23,-0.50663
