time,value
0,-1.1467
1,-1.3062
2,-1.4857
3,-1.5655
4,-1.5455
5,-1.386
6,-1.1267
7,-0.18945
8,0.60824
9,0.98714
10,1.0868
11,0.9672
12,0.688
13,0.38887
14,0.3091
15,0.42876000000000003
16,0.66806
17,1.1666
18,1.2464
19,1.1068
20,0.5484100000000001
21,0.3091
22,-0.18945
23,-0.56835
