time,value
0,-0.70616
1,-1.1075
2,-1.4779
3,-1.6323
4,-1.6323
5,-1.4471
6,-0.79877
7,-0.15049
8,0.9608399999999999
9,1.1461
10,1.1461
11,0.8991
12,0.7138800000000001
13,0.09647
14,-0.088753
15,0.0038588
16,0.12734
17,0.8991
18,1.4548
19,1.3622
20,0.9299700000000001
21,0.15821
22,-0.24311
23,-0.61355
