time,value
0,-0.6410899999999999
1,-1.0392
2,-1.3521
3,-1.4374
4,-1.4374
5,-1.4374
6,-1.608
7,-0.8117300000000001
8,0.5534
9,1.1222
10,1.236
11,1.2644
12,1.0938
13,0.8093600000000001
14,0.8093600000000001
15,1.0938
16,0.98
17,0.63872
18,0.52496
19,0.26899999999999996
20,-0.18605
21,-0.27137
22,-0.043845
23,-0.12917
