time,value
0,-1.0489
1,-1.3996
2,-1.5103
3,-1.5472
4,-1.5842
5,-1.4181
6,-1.0858
7,-0.12612
8,0.79669
9,1.0366
10,1.092
11,1.1658
12,0.8889799999999999
13,0.42757
14,0.42757
15,0.51985
16,0.64904
17,0.75978
18,1.1658
19,0.85206
20,0.48294
21,0.26145999999999997
22,-0.12612
23,-0.67981
