time,value
0,-1.1347
1,-1.3975
2,-1.5795
3,-1.6401
4,-1.6401
5,-1.4784
6,-0.87187
7,-0.063179
8,0.30073
9,0.8870299999999999
10,0.9679
11,0.86682
12,0.68486
13,0.36138000000000003
14,0.42203999999999997
15,0.58377
16,0.74551
17,1.0083
18,1.2712
19,1.0286
20,0.7253
21,0.5029100000000001
22,-0.083396
23,-0.46752
