time,value
0,0.43001000000000006
1,0.0075439999999999995
2,-0.53562
3,-0.8977299999999999
4,-1.0184
5,-0.8373799999999999
6,-0.53562
7,-0.052808
8,-0.53562
9,0.36965
10,0.7921199999999999
11,0.43001000000000006
12,0.0075439999999999995
13,-0.17351
14,-0.53562
15,-0.8977299999999999
16,-1.0788
17,-1.1391
18,-0.8373799999999999
19,-0.29420999999999997
20,1.3353
21,2.4216
22,1.9388
23,1.6369999999999998
