time,value
0,-1.0021
1,-1.2392
2,-1.4762
3,-1.5553
4,-1.6079
5,-1.5026
6,-1.2128
7,-0.080122
8,0.78915
9,1.3159999999999998
10,1.3687
11,1.3159999999999998
12,0.9998799999999999
13,0.5784199999999999
14,0.55208
15,0.52573
16,0.6047600000000001
17,0.13061
18,0.13061
19,0.26232
20,0.8945200000000001
21,0.47305
22,0.13061
23,-0.39621999999999996
