time,value
0,-1.1992
1,-1.4228
2,-1.5651
3,-1.6261
4,-1.5651
5,-1.4432
6,-1.0366
7,-0.020326
8,0.6504300000000001
9,1.0773
10,1.057
11,0.97565
12,0.79272
13,0.42685
14,0.48783000000000004
15,0.5488
16,0.5284800000000001
17,0.4675
18,1.0366
19,1.1383
20,0.73174
21,0.48783000000000004
22,-0.10163
23,-0.42685
