time,value
0,-0.97678
1,-1.3215
2,-1.6203
3,-1.6893
4,-1.5973
5,-1.5054
6,-1.0687
7,0.057458
8,0.74695
9,1.0917
10,1.0917
11,1.0457
12,0.8388899999999999
13,0.42518999999999996
14,0.49413999999999997
15,0.49413999999999997
16,0.44816999999999996
17,0.47115
18,0.74695
19,1.2066
20,0.8159
21,0.37922
22,-0.14939000000000002
23,-0.42518999999999996
