time,value
0,-1.0705
1,-1.3322
2,-1.5415
3,-1.5938
4,-1.5938
5,-1.5938
6,-1.088
7,-0.21585
8,0.51673
9,1.0574
10,1.0051
11,1.04
12,0.90046
13,0.44696
14,0.56906
15,0.67371
16,0.77836
17,0.77836
18,0.98767
19,0.90046
20,0.53417
21,0.34231
22,-0.07631
23,-0.42516000000000004
