time,value
0,-0.34715999999999997
1,-0.92176
2,-1.2809
3,-1.3886
4,-1.6759
5,-1.4964
6,-1.1013
7,-0.70628
8,-0.7781100000000001
9,0.011970999999999999
10,0.7661399999999999
11,0.87387
12,0.7661399999999999
13,0.29927
14,-0.13168
15,-0.09576699999999999
16,-0.059854
17,1.2689
18,1.2689
19,1.5203
20,1.4126
21,1.0534
22,0.62249
23,0.11971
