time,value
0,-1.0169
1,-1.2735
2,-1.4980000000000002
3,-1.4339
4,-1.4659
5,-1.5301
6,-1.2414
7,-0.18307
8,0.39421
9,1.2922
10,1.4526
11,1.3243
12,0.87528
13,0.55457
14,0.65078
15,0.747
16,0.747
17,0.42628
18,0.16971
19,0.041426
20,0.84321
21,0.61871
22,0.10557000000000001
23,-0.6
