time,value
0,-0.98044
1,-1.5527
2,-1.5748
3,-1.6408
4,-1.5968
5,-1.3987
6,-1.0025
7,-0.011923
8,0.51636
9,0.9565899999999999
10,1.0006
11,0.86855
12,0.6704399999999999
13,0.42831
14,0.36228
15,0.42831
16,0.42831
17,0.58239
18,1.3528
19,1.2207
20,0.8025100000000001
21,0.53837
22,0.12015
23,-0.5181899999999999
