time,value
0,-0.17213
1,-0.6534399999999999
2,-0.8941
3,-1.215
4,-1.2551
5,-1.215
6,-1.0545
7,-1.4556
8,-0.8539899999999999
9,-0.25235
10,0.50972
11,0.7904800000000001
12,0.8305899999999999
13,0.30917
14,-0.051807000000000006
15,-0.051807000000000006
16,-0.25235
17,-0.33257
18,0.10862999999999999
19,1.6328
20,1.9536
21,1.7531
22,1.1515
23,0.67015
