time,value
0,-0.7861
1,-1.25
2,-1.2758
3,-1.4304
4,-1.4047
5,-1.4047
6,-1.6109
7,-0.65723
8,0.39949
9,1.25
10,1.1727
11,1.25
12,0.73455
13,0.91496
14,0.9407399999999999
15,1.0438
16,1.0954
17,0.7861
18,0.42526
19,0.1933
20,-0.1933
21,-0.24485
22,0.14175
23,-0.09020800000000001
