time,value
0,-0.67781
1,-1.2811
2,-1.5022
3,-1.6028
4,-1.6832
5,-1.5224
6,-1.2006
7,-0.25554
8,0.7297600000000001
9,1.1922
10,1.1922
11,1.1319
12,0.93084
13,0.44823999999999997
14,0.52868
15,0.56889
16,0.589
17,0.589
18,0.93084
19,0.97106
20,0.46835
21,0.22705
22,-0.29575999999999997
23,-0.47673000000000004
