time,value
0,-1.0676
1,-1.3598
2,-1.5397
3,-1.5846
4,-1.6296
5,-1.3374
6,-1.0901
7,0.23601
8,0.5506800000000001
9,1.0227
10,1.0002
11,0.93279
12,0.7305
13,0.30344
14,0.30344
15,0.4383
16,0.39334
17,0.5506800000000001
18,1.4048
19,1.3149
20,0.8204
21,0.34839000000000003
22,-0.16858
23,-0.57316
