time,value
0,-0.66183
1,-0.9647
2,-1.3349
3,-1.4358
4,-1.5368
5,-1.3012
6,-1.0993
7,-0.72914
8,0.38139
9,1.2227
10,1.4583
11,1.4919
12,1.2227
13,0.81888
14,1.0208
15,0.9198299999999999
16,0.9198299999999999
17,0.54966
18,0.38139
19,0.17948
20,-0.45992
21,-0.35896
22,-0.1907
23,-0.49357
