time,value
0,0.52937
1,-0.18254
2,-0.40159
3,-1.0587
4,-1.1135
5,-1.1135
6,-0.9492200000000001
7,-1.5516
8,-0.78493
9,0.2008
10,0.80319
11,0.80319
12,0.6389
13,0.14603
14,-0.29207
15,-0.23731
16,-0.51112
17,-0.56588
18,-0.6754100000000001
19,-0.18254
20,0.74842
21,2.3365
22,2.008
23,1.4056
