time,value
0,0.48236
1,-0.24468
2,-0.6361600000000001
3,-0.8598600000000001
4,-1.1954
5,-1.2513
6,-1.0276
7,-1.7547
8,-0.91579
9,-0.07689800000000001
10,0.6501399999999999
11,0.70606
12,0.76199
13,0.09087999999999999
14,-0.13282
15,-0.24468
16,-0.3006
17,-0.46838
18,-0.35653
19,0.31458
20,0.9297700000000001
21,2.3279
22,1.7687
23,1.4331
