time,value
0,-1.0087
1,-1.4895
2,-1.5472
3,-1.5664
4,-1.5472
5,-1.4125
6,-1.0472
7,-0.23956
8,0.395
9,1.0103
10,0.99111
11,1.0103
12,0.8949600000000001
13,0.56806
14,0.54883
15,0.58729
16,0.6834399999999999
17,1.0488
18,1.068
19,0.97188
20,0.49115
21,0.29885
22,-0.047272
23,-0.66261
