time,value
0,-0.92215
1,-1.2532
2,-1.406
3,-1.5843
4,-1.6098
5,-1.406
6,-1.075
7,-0.6420100000000001
8,0.50405
9,1.2681
10,1.4718
11,1.2936
12,1.1917
13,0.86061
14,0.68233
15,0.7078
16,0.5804600000000001
17,0.52952
18,0.19844
19,0.1475
20,0.17297
21,0.5804600000000001
22,-0.0053058
23,-0.28545
