time,value
0,-0.9539200000000001
1,-1.382
2,-1.4565
3,-1.4937
4,-1.5681
5,-1.5495
6,-1.1587
7,-0.28385
8,0.60958
9,1.1866
10,1.1307
11,1.1866
12,0.9073899999999999
13,0.47928999999999994
14,0.57235
15,0.66542
16,0.55374
17,0.75848
18,1.0377
19,0.9073899999999999
20,0.38622
21,0.18148
22,-0.22801
23,-0.48858999999999997
