time,value
0,-0.91664
1,-1.3745
2,-1.5338
3,-1.494
4,-1.5736
5,-1.5338
6,-1.1755
7,-0.21983000000000003
8,0.45708000000000004
9,0.9747100000000001
10,1.1141
11,1.1340000000000001
12,0.9946200000000001
13,0.57653
14,0.53671
15,0.7158899999999999
16,0.93489
17,0.75571
18,0.61635
19,0.9946200000000001
20,0.53671
21,0.31771
22,-0.23974
23,-0.5981
