time,value
0,-1.099
1,-1.3556
2,-1.5389
3,-1.5572
4,-1.6305
5,-1.4289
6,-1.1356
7,-0.27416999999999997
8,0.82558
9,1.1188
10,1.0272
11,0.95388
12,0.78892
13,0.51398
14,0.60563
15,0.69727
16,0.78892
17,0.69727
18,1.0272
19,0.88056
20,0.47731999999999997
21,0.22071
22,-0.12754000000000001
23,-0.47579
