time,value
0,-0.68329
1,-1.1097
2,-1.4704
3,-1.5688
4,-1.5688
5,-1.4704
6,-1.0113
7,-0.78168
8,0.30065
9,1.219
10,1.3174
11,1.4158
12,1.0878
13,0.79262
14,0.79262
15,0.85821
16,0.9894
17,0.7598199999999999
18,0.39904
19,0.23505
20,-0.19132000000000002
21,-0.25692
22,0.13666
23,-0.19132000000000002
