time,value
0,-0.59339
1,-0.8880399999999999
2,-1.3464
3,-1.5101
4,-1.5756
5,-1.5428
6,-1.1172
7,-0.20052999999999999
8,0.51973
9,1.1418
10,1.4692
11,1.3709
12,0.8798600000000001
13,0.25782
14,-0.23326
15,-0.036831
16,-0.10231
17,-0.20052999999999999
18,0.78164
19,1.5674
20,1.109
21,0.71616
22,0.028645999999999998
23,-0.49517
