time,value
0,-0.7297399999999999
1,-1.1081
2,-1.3243
3,-1.3514
4,-1.5135
5,-1.3514
6,-1.5946
7,-0.7838
8,0.24325
9,1.1081
10,1.1081
11,1.2703
12,1.1892
13,0.7567699999999999
14,0.83785
15,0.86488
16,1.2162
17,0.94596
18,0.51352
19,0.24325
20,-0.21622
21,-0.16216
22,0.054055
23,-0.21622
