time,value
0,-0.8973700000000001
1,-1.3382
2,-1.4851
3,-1.758
4,-1.6111
5,-1.4851
6,-1.1493
7,-0.14169
8,0.6139899999999999
9,1.0968
10,1.0548
11,0.94985
12,0.8658799999999999
13,0.3621
14,0.42507
15,0.48804
16,0.48804
17,0.48804
18,1.1178
19,1.1598
20,0.80291
21,0.42507
22,-0.057725
23,-0.41457
