time,value
0,-0.9862
1,-1.3011
2,-1.5434
3,-1.6161
4,-1.6645
5,-1.3980000000000001
6,-1.0831
7,-0.017159999999999998
8,0.7823
9,1.291
10,1.3395
11,1.2184
12,0.8792
13,0.44313
14,0.37046
15,0.49158999999999997
16,0.39468000000000003
17,0.10397
18,0.20087
19,1.0488
20,0.90343
21,0.46736000000000005
22,0.10397
23,-0.429
