time,value
0,-0.6749
1,-1.1546
2,-1.465
3,-1.5215
4,-1.6061
5,-1.4932
6,-1.5497
7,-0.56202
8,0.62316
9,1.3286
10,1.2722
11,1.2722
12,0.99
13,0.5949399999999999
14,0.62316
15,0.8206899999999999
16,0.79247
17,0.56672
18,0.25632
19,0.34098
20,0.058789
21,0.36919
22,0.34098
23,-0.2234
