time,value
0,0.10057
1,-0.537
2,-1.2201
3,-1.5389
4,-1.5389
5,-1.4934
6,-1.0835
7,-0.58254
8,-0.44592
9,0.28273000000000004
10,0.51043
11,0.41935
12,0.6926
13,0.14611
14,-0.3093
15,-0.40038
16,-0.3093
17,0.14611
18,1.3302
19,1.9677
20,1.6945
21,1.4668
22,0.6926
23,0.0094876
