time,value
0,-0.24111999999999997
1,-0.76354
2,-1.085
3,-1.4467
4,-1.4065
5,-1.4065
6,-1.0448
7,-0.96447
8,-0.32149
9,-0.44205
10,0.32149
11,0.72335
12,0.76354
13,0.32149
14,-0.040186
15,-0.24111999999999997
16,-0.32149
17,-0.040186
18,1.4467
19,1.9289
20,1.6075
21,1.4467
22,0.84391
23,0.36168
