time,value
0,1.7402
1,0.66319
2,0.30417
3,0.30417
4,-0.2942
5,-0.05485
6,0.54352
7,-1.1319
8,-1.0122
9,-0.05485
10,-0.2942
11,-0.53354
12,-0.05485
13,-0.41386999999999996
14,-0.77289
15,-0.53354
16,-1.3713
17,-0.89256
18,-0.89256
19,-0.65322
20,-0.2942
21,2.0993
22,2.2189
23,1.3812
