time,value
0,-0.72621
1,-1.1412
2,-1.3783
3,-1.5562
4,-1.5858
5,-1.5265
6,-1.0523
7,-0.25195
8,0.9040600000000001
9,1.1708
10,1.2005
11,0.9040600000000001
12,0.51872
13,-0.044462
14,-0.13339
15,-0.16303
16,-0.10374000000000001
17,0.81513
18,1.1708
19,1.4376
20,1.0819
21,0.69657
22,0.25195
23,-0.48908
