time,value
0,-0.92264
1,-1.3429
2,-1.5268
3,-1.6581
4,-1.6581
5,-1.4480000000000002
6,-1.1328
7,-0.42356000000000005
8,0.54833
9,1.3101
10,1.3101
11,1.205
12,0.94234
13,0.54833
14,0.60087
15,0.60087
16,0.8109999999999999
17,0.54833
18,0.18059
19,0.36446
20,0.44326000000000004
21,0.6534
22,0.25939
23,-0.21341999999999997
