time,value
0,-1.0177
1,-1.3788
2,-1.4213
3,-1.5912
4,-1.5699
5,-1.4425
6,-1.0177
7,-0.019469
8,0.42655
9,0.8938200000000001
10,0.95754
11,0.8301
12,0.68143
13,0.29912
14,0.32036
15,0.36284
16,0.63895
17,1.1062
18,1.4673
19,1.3186
20,0.70267
21,0.29912
22,-0.21061999999999997
23,-0.63541
