time,value
0,-0.23854
1,-0.6996
2,-1.1222
3,-1.3144
4,-1.6602
5,-1.4296
6,-1.1222
7,-0.6996
8,-0.89171
9,-0.23854
10,0.49148000000000003
11,0.60675
12,0.79886
13,0.41463999999999995
14,-0.08484900000000001
15,-0.16169
16,-0.27696
17,0.14568
18,1.2983
19,1.6441
20,1.6441
21,1.4905
22,1.0294
23,0.37622
