time,value
0,-1.1491
1,-1.3924
2,-1.5487
3,-1.5661
4,-1.5661
5,-1.4271
6,-1.1317
7,-0.31496
8,0.74505
9,1.0057
10,1.0231
11,1.0057
12,0.8145600000000001
13,0.51915
14,0.62341
15,0.7276699999999999
16,0.84931
17,0.8145600000000001
18,1.0231
19,0.79718
20,0.51915
21,0.18898
22,-0.19332
23,-0.36709
