time,value
0,-0.18420999999999998
1,-1.045
2,-1.4362
3,-1.2406
4,-1.4362
5,-1.358
6,-1.0058
7,-0.7710899999999999
8,0.36354000000000003
9,1.459
10,1.459
11,1.3025
12,0.79392
13,0.16791
14,-0.34071999999999997
15,-0.26247
16,-0.26247
17,-0.18420999999999998
18,0.050537
19,1.6938
20,1.4199
21,0.8721700000000001
22,0.16791
23,-0.22334
