time,value
0,-1.1015
1,-1.2969
2,-1.5314
3,-1.59
4,-1.6291
5,-1.4142
6,-1.1015
7,-0.10503
8,0.5984
9,1.0087
10,0.95011
11,0.83288
12,0.7742600000000001
13,0.36391999999999997
14,0.38345999999999997
15,0.42253999999999997
16,0.5593199999999999
17,1.2627
18,1.2823
19,1.0674
20,0.5593199999999999
21,0.28576999999999997
22,-0.10503
23,-0.47628000000000004
