time,value
0,-0.42238000000000003
1,-0.69426
2,-1.3157
3,-1.4711
4,-1.5487
5,-1.4711
6,-1.0438
7,-0.8107800000000001
8,-0.42238000000000003
9,0.31556999999999996
10,0.43209
11,0.70397
12,0.78165
13,0.27673000000000003
14,-0.26702
15,-0.18934
16,-0.30585999999999997
17,0.19905
18,1.3642
19,1.675
20,1.6361
21,1.4808
22,0.78165
23,0.31556999999999996
