time,value
0,-0.8226899999999999
1,-1.315
2,-1.5741
3,-1.7037
4,-1.7037
5,-1.3927
6,-0.97816
7,-0.12308
8,0.62835
9,1.4316
10,1.4834
11,1.1984
12,0.8874700000000001
13,0.732
14,0.60244
15,0.62835
16,0.57653
17,0.36924
18,0.36924
19,0.13604000000000002
20,0.23968000000000003
21,0.57653
22,0.18786
23,-0.43401999999999996
