time,value
0,-0.84355
1,-1.2736
2,-1.5051
3,-1.5713
4,-1.6375
5,-1.4059
6,-0.9758700000000001
7,-0.31426
8,0.7443
9,0.8766299999999999
10,1.2074
11,1.1413
12,0.81047
13,0.34734
14,0.31426
15,0.21502
16,0.21502
17,0.67814
18,1.4721
19,1.2074
20,0.81047
21,0.2481
22,-0.18194000000000002
23,-0.5789
