time,value
0,-0.36283000000000004
1,-0.9214399999999999
2,-1.3815
3,-1.5458
4,-1.6444
5,-1.5458
6,-1.0857
7,-0.6257
8,0.42581
9,1.2144
10,1.4773
11,1.3130000000000002
12,0.88584
13,0.39295
14,-0.067089
15,-0.099948
16,-0.0013692
17,0.06435
18,0.22865
19,1.5102
20,1.2144
21,0.72155
22,0.22865
23,-0.39569
