time,value
0,-0.75034
1,-1.1185
2,-1.4253
3,-1.3639
4,-1.4866
5,-1.3639
6,-1.5173
7,-0.68898
8,0.53815
9,1.2744
10,1.3665
11,1.4585
12,1.1517
13,0.84493
14,0.6915399999999999
15,0.66086
16,0.84493
17,0.7529
18,0.41544
19,0.10865
20,-0.16745
21,-0.22880999999999999
22,0.13932999999999998
23,-0.13677
