time,value
0,-0.46711
1,-1.3037
2,-1.6105
3,-1.6105
4,-1.6384
5,-1.4989
6,-1.1364
7,-0.60655
8,0.5926
9,1.3456
10,1.2898
11,1.1782
12,1.1782
13,0.56472
14,0.53683
15,0.6483800000000001
16,0.70415
17,0.34162
18,0.20218
19,0.25795999999999997
20,0.23006999999999997
21,0.8714799999999999
22,0.23006999999999997
23,-0.29979
