time,value
0,-0.91691
1,-1.2358
2,-1.3953
3,-1.6185
4,-1.4272
5,-1.4591
6,-1.2358
7,-0.8531299999999999
8,0.55015
9,1.2837
10,1.4112
11,1.3156
12,1.0923
13,0.58204
14,0.67772
15,0.7096100000000001
16,0.7734
17,0.42258
18,0.16744
19,-0.08770499999999999
20,0.23121999999999998
21,0.7096100000000001
22,0.3269
23,-0.023919
