time,value
0,-1.2292
1,-1.3939
2,-1.4763
3,-1.5998
4,-1.5175
5,-1.291
6,-1.0645
7,-0.096933
8,0.78833
9,1.0766
10,1.056
11,1.0354
12,0.64422
13,0.39716999999999997
14,0.43833999999999995
15,0.35599000000000003
16,0.47952
17,1.0354
18,1.2413
19,1.1177
20,0.56187
21,0.23246999999999998
22,-0.22046
23,-0.57045
