time,value
0,-1.1471
1,-1.3707
2,-1.4724
3,-1.5537
4,-1.635
5,-1.5334
6,-1.1471
7,-0.17113
8,0.56082
9,1.0691
10,1.0691
11,0.98779
12,0.7641399999999999
13,0.60149
14,0.70315
15,0.64215
16,0.70315
17,0.5404899999999999
18,0.45916
19,1.2114
20,0.84547
21,0.31684
22,-0.069467
23,-0.37445
