time,value
0,0.89951
1,0.0057293
2,-0.81929
3,-1.6443
4,-0.6130399999999999
5,-0.88805
6,-0.81929
7,-1.3006
8,-0.5442899999999999
9,0.07448099999999999
10,0.28074
11,0.48699
12,0.83075
13,0.55575
14,0.28074
15,0.0057293
16,-0.68179
17,-0.68179
18,-1.0256
19,-0.75054
20,0.762
21,2.0683
22,1.7245
23,1.7933
