time,value
0,-0.8983700000000001
1,-1.1736
2,-1.5635
3,-1.6553
4,-1.6553
5,-1.4947
6,-1.1736
7,-0.095571
8,0.52373
9,1.2348
10,1.2577
11,1.1201
12,0.8907200000000001
13,0.47785
14,0.38611
15,0.50079
16,0.52373
17,0.36317
18,0.66135
19,1.2577
20,0.68429
21,0.36317
22,-0.11850999999999999
23,-0.41668999999999995
