time,value
0,-0.25295
1,-1.0118
2,-1.3747
3,-1.5067
4,-1.6386
5,-1.4407
6,-1.2097
7,-0.15397
8,0.37392
9,1.0668
10,1.3307
11,1.1987
12,0.8688100000000001
13,0.17595999999999998
14,-0.28594
15,-0.12097000000000001
16,-0.21995
17,-0.21995
18,1.1658
19,1.6277
20,1.1328
21,0.7368399999999999
22,0.17595999999999998
23,-0.41791000000000006
