time,value
0,-0.9728700000000001
1,-1.2501
2,-1.5059
3,-1.6339
4,-1.5912
5,-1.442
6,-1.1648
7,-0.43978999999999996
8,0.5410699999999999
9,0.92489
10,0.9035700000000001
11,0.92489
12,0.8182699999999999
13,0.39181
14,0.32784
15,0.7116600000000001
16,0.77563
17,1.1381
18,1.2874
19,1.0528
20,0.4771
21,0.17858
22,0.0079962
23,-0.46111
