time,value
0,-0.41573999999999994
1,-0.74212
2,-1.3949
3,-1.4415
4,-1.6280000000000001
5,-1.3016
6,-1.1151
7,-0.97525
8,0.33026
9,1.4493
10,1.7757
11,1.5425
12,0.9830200000000001
13,0.23701
14,0.0038854999999999996
15,0.050511
16,0.0038854999999999996
17,-0.18262
18,-0.18262
19,0.0038854999999999996
20,0.70327
21,1.3094
22,0.79652
23,0.19039
