time,value
0,-1.015
1,-1.3559
2,-1.4695
3,-1.6513
4,-1.6285
5,-1.4695
6,-1.1513
7,0.030298000000000002
8,0.68929
9,1.2119
10,1.0301
11,0.9847
12,0.9847
13,0.5984
14,0.55295
15,0.5984
16,0.64384
17,0.46205
18,0.28026
19,1.1438
20,0.80291
21,0.37116
22,-0.060597000000000005
23,-0.58325
