time,value
0,-0.34593
1,-0.87029
2,-1.2636
3,-1.5257
4,-1.5694
5,-1.482
6,-1.0014
7,-0.5644100000000001
8,-0.34593
9,-0.30223
10,0.44061000000000006
11,0.79018
12,0.8775700000000001
13,0.4843
14,-0.30223
15,-0.30223
16,-0.34593
17,0.528
18,1.3145
19,1.4019
20,1.7515
21,1.3145
22,1.0087
23,0.30951999999999996
