time,value
0,-0.42323999999999995
1,-0.9123100000000001
2,-1.138
3,-1.5142
4,-1.4766
5,-1.4014
6,-1.138
7,-0.8370700000000001
8,-0.5361
9,-0.46086000000000005
10,0.028216
11,0.47967
12,0.74302
13,0.25394
14,0.028216
15,0.10346
16,0.065837
17,1.1568
18,1.3826
19,1.6459
20,1.5331
21,1.345
22,0.85588
23,0.21631999999999998
