time,value
0,-0.98115
1,-1.3242
2,-1.4957
3,-1.5937
4,-1.6427
5,-1.4957
6,-1.0547
7,0.1705
8,0.75858
9,1.1506
10,1.3712
11,1.1016
12,0.70958
13,0.24401
14,0.36653
15,0.51355
16,0.46453999999999995
17,0.24401
18,0.34203
19,1.3222
20,0.8811
21,0.48905
22,0.023482
23,-0.5646
