time,value
0,-0.45278
1,-0.22949
2,-1.4204
3,-1.7181
4,-1.7181
5,-1.4204
6,-1.0482
7,-1.6436
8,0.21709
9,0.9613799999999999
10,1.4080000000000001
11,1.3335
12,1.3335
13,0.66366
14,0.58923
15,0.44037
16,0.44037
17,0.14265999999999998
18,0.44037
19,0.14265999999999998
20,0.14265999999999998
21,0.9613799999999999
22,0.36594
23,0.068227
