time,value
0,0.8483299999999999
1,0.29557
2,-0.53356
3,-0.80994
4,-0.90207
5,-0.71782
6,-0.62569
7,-1.8233
8,-1.547
9,-0.25719000000000003
10,0.20345
11,0.47981999999999997
12,0.57195
13,-0.16505999999999998
14,-0.44143999999999994
15,-0.25719000000000003
16,-0.44143999999999994
17,-0.16505999999999998
18,-0.25719000000000003
19,0.11132
20,0.47981999999999997
21,1.4011
22,2.2302
23,2.3223
