time,value
0,-0.9822700000000001
1,-1.2963
2,-1.4757
3,-1.5879
4,-1.5655
5,-1.5206
6,-1.1393
7,-0.35422
8,0.54301
9,1.0589
10,1.1935
11,1.2608
12,1.014
13,0.6103
14,0.54301
15,0.6103
16,0.6551600000000001
17,0.40842
18,0.3187
19,1.0589
20,0.85703
21,0.38599
22,-0.085049
23,-0.5112300000000001
