time,value
0,-0.9837600000000001
1,-1.2498
2,-1.4493
3,-1.6267
4,-1.5823
5,-1.5602
6,-1.0059
7,-0.23001
8,1.1667
9,1.2553
10,1.1667
11,1.1223
12,0.85629
13,0.56809
14,0.32423
15,0.36856
16,0.39073
17,0.36856
18,0.50158
19,1.1667
20,0.72327
21,0.36856
22,-0.11915999999999999
23,-0.54038
