time,value
0,0.9396100000000001
1,-0.11745
2,-0.6812199999999999
3,-1.104
4,-1.3155
5,-0.9631
6,-0.32887
7,-0.9631
8,-0.25839
9,0.51679
10,1.0806
11,1.2215
12,0.9396100000000001
13,0.02349
14,-0.9631
15,-0.75169
16,-0.82216
17,-0.8926299999999999
18,-0.9631
19,-0.11745
20,0.58726
21,2.1376
22,1.6443
23,1.151
