time,value
0,-1.0979
1,-1.2756
2,-1.5802
3,-1.6564
4,-1.6564
5,-1.5802
6,-1.1487
7,-0.13327
8,0.5521199999999999
9,1.0598
10,1.0344
11,1.0344
12,0.7552
13,0.47597
14,0.5775100000000001
15,0.5775100000000001
16,0.70443
17,0.6282800000000001
18,0.5521199999999999
19,0.7552
20,0.9836600000000001
21,0.67905
22,0.095193
23,-0.33635
