time,value
0,-1.0254
1,-1.2037
2,-1.4266
3,-1.6495
4,-1.7387
5,-1.4712
6,-0.9808
7,-0.84706
8,0.35666
9,1.1146
10,1.382
11,1.2037
12,1.07
13,0.75789
14,0.53498
15,0.66873
16,0.62415
17,0.44582
18,0.4904
19,0.4904
20,0.13375
21,0.66873
22,0.40124
23,-4.0625e-09
