time,value
0,-1.1027
1,-1.4223
2,-1.5502
3,-1.6354
4,-1.6354
5,-1.4223
6,-1.0175
7,-0.44215
8,0.51673
9,1.0708
10,0.9855200000000001
11,0.96421
12,0.81505
13,0.45281000000000005
14,0.45281000000000005
15,0.7085100000000001
16,0.9002899999999999
17,0.66589
18,0.5806600000000001
19,1.156
20,0.77244
21,0.47412
22,0.047944
23,-0.33560999999999996
