time,value
0,-0.73312
1,-1.0602
2,-1.3218
3,-1.4526
4,-1.6488
5,-1.3218
6,-0.8639399999999999
7,-0.8639399999999999
8,0.9021
9,1.4908
10,1.5562
11,1.36
12,1.1637
13,0.8366899999999999
14,0.50964
15,0.37883
16,0.50964
17,0.44423
18,0.1826
19,-0.27526
20,-0.7985300000000001
21,0.64046
22,0.37883
23,-0.013627
