time,value
0,0.16295
1,-0.78513
2,-1.0222
3,-1.3777
4,-1.4962
5,-1.2592
6,-0.66662
7,-1.6147
8,-0.07406900000000001
9,0.9925299999999999
10,1.111
11,0.9925299999999999
12,1.111
13,0.16295
14,-0.54811
15,0.28146
16,0.7555
17,0.28146
18,-0.07406900000000001
19,-0.66662
20,-0.54811
21,1.7036
22,1.4666
23,1.111
