time,value
0,-0.22979000000000002
1,-0.57021
2,-0.97872
3,-1.5915
4,-1.5915
5,-1.183
6,-0.50213
7,-1.2511
8,-0.43404
9,0.7914899999999999
10,1.0638
11,1.0638
12,0.8595700000000001
13,0.042553
14,-0.36596
15,-0.36596
16,-0.22979000000000002
17,-0.1617
18,-0.1617
19,0.11064
20,0.99574
21,2.1532
22,1.6766
23,0.8595700000000001
