time,value
0,-0.83729
1,-1.3052
2,-1.6093
3,-1.7029
4,-1.7029
5,-1.3987
6,-1.1179999999999999
7,-0.34603
8,0.70668
9,1.1044
10,1.1745
11,1.0108
12,0.77686
13,0.40256
14,0.40256
15,0.6365
16,0.5663199999999999
17,0.40256
18,0.49613999999999997
19,1.2681
20,0.84704
21,0.54292
22,-0.041913
23,-0.27585
