time,value
0,1.0071
1,0.2962
2,-0.41468
3,-0.3357
4,-0.65164
5,-0.65164
6,-0.41468
7,-1.6785
8,-1.0466
9,-0.41468
10,0.05924
11,0.21721
12,-0.019747
13,-0.098734
14,-0.3357
15,-0.5726600000000001
16,-0.73063
17,-0.5726600000000001
18,-0.3357
19,-0.41468
20,0.5331600000000001
21,2.4289
22,2.2709
23,1.8759
