time,value
0,-0.70909
1,-1.2182
2,-1.5818
3,-1.5576
4,-1.7515
5,-1.6303
6,-1.1212
7,-0.17576
8,0.57575
9,1.1818
10,1.2303
11,1.0848
12,0.8909
13,0.38182
14,0.40606
15,0.6
16,0.6
17,0.28485
18,0.47878000000000004
19,1.2303
20,0.8424200000000001
21,0.40606
22,-0.10303
23,-0.34545
