time,value
0,-0.7434
1,-0.91305
2,-1.2523
3,-1.3654
4,-1.3937
5,-1.3089
6,-1.4503
7,-0.68685
8,0.35933000000000004
9,1.2076
10,1.3772
11,1.4338
12,1.0945
13,0.8117300000000001
14,0.9248299999999999
15,1.0945
16,1.0945
17,0.7551800000000001
18,0.41588
19,-0.0082469
20,-0.31927
21,-0.4041
22,-0.23445
23,-0.48891999999999997
