time,value
0,-0.47222
1,-1.2228
2,-1.5230000000000001
3,-1.5230000000000001
4,-1.5230000000000001
5,-1.2978
6,-0.9976
7,-0.9225399999999999
8,-0.172
9,1.0289
10,1.3291
11,1.5543
12,1.4041
13,0.87876
14,0.50349
15,0.27833
16,0.42844
17,0.20327
18,0.12822
19,-0.021891
20,-0.24705
21,1.254
22,0.72865
23,0.20327
