time,value
0,-0.77677
1,-1.3357
2,-1.4672
3,-1.5659
4,-1.5988
5,-1.5330000000000001
6,-1.1384
7,-0.053429
8,0.43976000000000004
9,1.3275
10,1.4261
11,1.2289
12,1.0973
13,0.40688
14,0.66992
15,0.76855
16,0.76855
17,0.374
18,0.24248000000000003
19,-0.053429
20,0.7356699999999999
21,0.57128
22,-0.053429
23,-0.48086
