time,value
0,0.7457600000000001
1,0.041567
2,-0.6039399999999999
3,-0.95604
4,-0.95604
5,-0.77999
6,-0.72131
7,-1.4255
8,-1.4255
9,-0.13448
10,0.62839
11,0.68708
12,0.7457600000000001
13,0.45235
14,-0.31053000000000003
15,-0.25185
16,-0.5452600000000001
17,-0.77999
18,-0.66262
19,-0.42788999999999994
20,1.2152
21,2.2128
22,1.8019999999999998
23,1.4499
