time,value
0,-1.1247
1,-1.3807
2,-1.5382
3,-1.5973
4,-1.5382
5,-1.5382
6,-1.046
7,-0.19935
8,0.50945
9,0.8244799999999999
10,0.8441700000000001
11,0.8638600000000001
12,0.7260300000000001
13,0.5291399999999999
14,0.48976000000000003
15,0.70634
16,0.7260300000000001
17,1.2183
18,1.1395
19,1.0411
20,0.58821
21,0.33225
22,-0.081217
23,-0.49468999999999996
