time,value
0,-0.9125700000000001
1,-1.1241
2,-1.5001
3,-1.6411
4,-1.6646
5,-1.4766
6,-1.2181
7,-0.39558000000000004
8,0.6384
9,1.0144
10,1.2024
11,1.0144
12,0.8499
13,0.45041000000000003
14,0.37990999999999997
15,0.40341
16,0.42691
17,0.59141
18,1.2729
19,1.1554
20,0.6149100000000001
21,0.40341
22,-0.043082999999999996
23,-0.44258000000000003
