time,value
0,-0.54186
1,-0.9508200000000001
2,-1.4416
3,-1.7278
4,-1.7687
5,-1.5642
6,-1.2371
7,-0.41918
8,0.15336
9,1.0939
10,1.2166
11,1.2984
12,1.0939
13,0.35783000000000004
14,0.15336
15,-0.092014
16,0.07156699999999999
17,0.11245999999999999
18,0.48052
19,0.8485799999999999
20,0.97126
21,1.1757
22,0.6441
23,0.07156699999999999
