time,value
0,0.038482999999999996
1,-0.51567
2,-0.9312799999999999
3,-1.2084
4,-1.3931
5,-1.3469
6,-0.9312799999999999
7,-0.46948999999999996
8,-1.0236
9,-0.053876
10,0.31556
11,0.54645
12,0.5002800000000001
13,-0.10006
14,-0.23859
15,-0.42331
16,-0.46948999999999996
17,-0.33095
18,0.4541
19,1.8395
20,2.1166
21,1.9318
22,1.0082
23,0.68499
