time,value
0,-0.88165
1,-1.2664
2,-1.5327
3,-1.5919
4,-1.6215
5,-1.4143
6,-1.1184
7,-0.79287
8,0.53885
9,1.2491
10,1.3675
11,1.2491
12,1.1899
13,0.50926
14,0.56845
15,0.56845
16,0.47967
17,0.47967
18,0.39088
19,0.45006999999999997
20,0.39088
21,0.7460100000000001
22,0.24291999999999997
23,-0.20099
