time,value
0,-1.146
1,-1.4102
2,-1.5235
3,-1.599
4,-1.5801
5,-1.4291
6,-1.0327
7,-0.14551
8,0.60955
9,1.157
10,1.0437
11,0.9682
12,0.7983100000000001
13,0.45853999999999995
14,0.40191
15,0.47741999999999996
16,0.51517
17,1.0626
18,1.1003
19,0.9493299999999999
20,0.60955
21,0.30753
22,-0.10775
23,-0.48528000000000004
