time,value
0,-0.18964
1,4.8941e-09
2,-0.8849799999999999
3,-1.3907
4,-1.3907
5,-1.3907
6,-1.5803
7,-1.3907
8,0.18964
9,1.0746
10,1.7067
11,1.5803
12,1.1378
13,0.37928
14,-0.25285
15,-0.063213
16,-0.18964
17,-0.31606
18,-0.31606
19,-0.12643
20,1.2643
21,1.2009999999999998
22,0.69534
23,0.25285
