time,value
0,-0.32615
1,-0.75884
2,-1.0342
3,-1.4275
4,-1.6242
5,-1.3882
6,-1.1129
7,-0.79818
8,-0.87685
9,-0.24748
10,0.38188
11,0.77523
12,0.81457
13,0.38188
14,-0.090143
15,-0.12947999999999998
16,-0.24748
17,0.42122
18,1.2473
19,1.7193
20,1.6799
21,1.4046
22,0.77523
23,0.46055
