time,value
0,-0.96973
1,-1.3576
2,-1.5618
3,-1.4597
4,-1.6434
5,-1.3780000000000001
6,-1.1331
7,-0.31644
8,0.56142
9,1.0922
10,1.1739
11,0.96973
12,0.68392
13,0.43893000000000004
14,0.37768
15,0.41852
16,0.56142
17,0.90848
18,1.2964
19,1.1126
20,0.60225
21,0.33685
22,-0.17353
23,-0.54101
