time,value
0,-1.113
1,-1.4394
2,-1.5354
3,-1.6314
4,-1.5546
5,-1.4778
6,-0.97855
7,-0.17203
8,0.88413
9,1.0954
10,1.057
11,0.9417399999999999
12,0.63449
13,0.38486
14,0.50007
15,0.48086999999999996
16,0.5384800000000001
17,0.6921
18,1.249
19,0.99935
20,0.6537
21,0.30805
22,-0.056808000000000004
23,-0.46007
