time,value
0,-1.1168
1,-1.3078
2,-1.4776
3,-1.605
4,-1.605
5,-1.3927
6,-1.0956
7,-0.39526999999999995
8,0.58097
9,1.1328
10,1.2601
11,1.1752
12,0.94176
13,0.5173
14,0.49608
15,0.62342
16,0.53852
17,0.43241
18,0.53852
19,1.1328
20,0.7719699999999999
21,0.38997
22,-0.055709
23,-0.48016000000000003
