time,value
0,-0.6814
1,-1.0145
2,-1.2871
3,-1.4688
4,-1.5294
5,-1.3779
6,-1.5294
7,-0.77225
8,0.37855
9,1.4082
10,1.3779
11,1.3477
12,1.1357
13,0.77225
14,0.74197
15,0.89339
16,0.9236700000000001
17,0.59054
18,0.37855
19,0.045426
20,-0.19685
21,-0.16655999999999999
22,0.13627999999999998
23,-0.106
