time,value
0,0.18995
1,-0.38711
2,-0.9641700000000001
3,-1.3681
4,-1.3681
5,-1.0219
6,-1.8298
7,-0.79105
8,0.18995
9,1.4018
10,1.9211
11,1.8634
12,1.5749
13,0.5938899999999999
14,0.24765
15,0.016831
16,0.074537
17,-0.040875
18,0.074537
19,-0.15629
20,-0.56023
21,-0.50252
22,0.6516
23,0.18995
