time,value
0,-1.315
1,-1.2897
2,-1.2897
3,-1.4668
4,-1.5173
5,-1.5173
6,-1.2897
7,-0.40462
8,0.35404
9,1.138
10,1.315
11,1.2139
12,1.0621
13,0.70809
14,0.60693
15,0.6828
16,0.73338
17,0.63222
18,0.5816399999999999
19,0.5310699999999999
20,0.63222
21,0.32876
22,0.025289
23,-0.4552
