time,value
0,-0.7305
1,-1.1816
2,-1.4222
3,-1.4823
4,-1.4222
5,-1.4222
6,-1.5124
7,-0.76058
8,0.3521
9,1.1340000000000001
10,1.3445
11,1.1039
12,0.9234700000000001
13,0.80318
14,0.8633200000000001
15,1.0137
16,1.0438
17,0.80318
18,0.5325300000000001
19,0.23181
20,-0.0087711
21,-0.068915
22,0.20173
23,-0.33957
