time,value
0,-0.89174
1,-1.1289
2,-1.4846
3,-1.4648
4,-1.6031
5,-1.5439
6,-1.2079
7,-0.33841
8,0.59037
9,1.2227
10,1.1635
11,1.0646
12,0.8472700000000001
13,0.5113300000000001
14,0.5113300000000001
15,0.6101300000000001
16,0.70894
17,0.64966
18,1.1832
19,0.92632
20,0.5113300000000001
21,0.19514
22,-0.29889
23,-0.73364
