time,value
0,-0.94729
1,-0.8142
2,-1.4574
3,-1.5683
4,-1.7236
5,-1.6349
6,-1.1691
7,-0.54804
8,0.51662
9,1.1598
10,1.0711
11,1.2042
12,0.93804
13,0.58316
14,0.51662
15,0.5388
16,0.6497
17,0.47226
18,0.56098
19,1.2042
20,0.73842
21,0.47226
22,-0.17097
23,-0.5924
