time,value
0,-0.68537
1,-1.1353
2,-1.304
3,-1.5289
4,-1.5289
5,-1.4445
6,-1.557
7,-0.68537
8,0.66428
9,1.1985
10,1.3672
11,1.311
12,1.0017
13,0.6361600000000001
14,0.83299
15,0.9173399999999999
16,0.8611
17,0.5799300000000001
18,0.41122
19,0.2144
20,-0.06677999999999999
21,-0.06677999999999999
22,0.29875
23,-0.29172
