time,value
0,-1.0556
1,-1.3304
2,-1.5802
3,-1.5802
4,-1.7051
5,-1.3304
6,-1.0805
7,-0.381
8,0.69329
9,1.3678
10,1.2679
11,1.093
12,0.96811
13,0.5433899999999999
14,0.59336
15,0.74326
16,0.6683100000000001
17,0.46843999999999997
18,0.24359
19,0.21861
20,0.29356
21,0.86818
22,0.34352
23,-0.33103
