time,value
0,-1.0558
1,-1.3658
2,-1.5311
3,-1.5931
4,-1.6138
5,-1.4691
6,-1.1178
7,-0.16706
8,0.59764
9,1.0937
10,1.135
11,0.92832
12,0.8869799999999999
13,0.41163
14,0.47363
15,0.6389699999999999
16,0.72164
17,0.78364
18,0.74231
19,1.1143
20,0.65964
21,0.39096
22,-0.14639000000000002
23,-0.51841
