time,value
0,0.6602899999999999
1,-0.30599
2,-0.75692
3,-1.079
4,-1.2723
5,-1.2078
6,-1.1434
7,-1.5944
8,-1.0146
9,0.016105
10,0.85355
11,1.0468
12,1.3045
13,0.40262
14,-0.37041
15,-0.62808
16,-0.6925
17,-0.37041
18,0.6602899999999999
19,0.46703
20,0.78913
21,1.9487
22,1.4977
23,0.78913
