time,value
0,-0.9017200000000001
1,-1.2029
2,-1.5041
3,-1.6331
4,-1.6331
5,-1.4180000000000001
6,-1.0738
7,-0.60055
8,0.13087000000000001
9,1.1635
10,1.4216
11,1.1635
12,1.1635
13,0.6471600000000001
14,0.8622799999999999
15,0.73321
16,0.8622799999999999
17,0.56111
18,0.25994
19,0.0017927
20,0.08784199999999999
21,0.77623
22,0.25994
23,-0.12728
