time,value
0,-0.81358
1,-1.2225
2,-1.3588
3,-1.5973
4,-1.6655
5,-1.4951
6,-1.0521
7,-0.23428000000000002
8,0.41318
9,0.48133000000000004
10,1.0266
11,0.99249
12,0.75395
13,0.10649000000000002
14,-0.097971
15,0.10649000000000002
16,0.14057
17,0.58357
18,1.5036
19,1.6059
20,1.1288
21,0.75395
22,0.27687
23,-0.33651
