time,value
0,-0.002616
1,-0.4421
2,-0.8188
3,-1.1327
4,-1.1327
5,-1.1327
6,-2.0117
7,-1.2583
8,0.49965
9,1.6298
10,2.0692
11,1.6925
12,1.3158
13,0.37408
14,0.24852
15,-0.002616
16,-0.37932
17,-0.065399
18,-0.065399
19,-0.002616
20,0.060167
21,-0.19097
22,0.688
23,0.060167
