time,value
0,-1.0114
1,-1.3326
2,-1.5404
3,-1.6159
4,-1.5404
5,-1.4269999999999998
6,-1.0681
7,-0.29359
8,0.7642800000000001
9,1.0854
10,1.1043
11,0.95319
12,0.7642800000000001
13,0.44314
14,0.46203
15,0.49981000000000003
16,0.68872
17,1.0854
18,1.0665
19,0.9343
20,0.5564899999999999
21,0.21645
22,-0.16136
23,-0.63362
