time,value
0,-0.69708
1,-1.0926
2,-1.409
3,-1.3694
4,-1.5672
5,-1.4485
6,-0.9343799999999999
7,-0.38067
8,-0.22246999999999997
9,0.5685399999999999
10,0.9244899999999999
11,0.44988999999999996
12,0.68719
13,0.093932
14,-0.26202
15,-0.10382000000000001
16,-0.26202
17,0.33124000000000003
18,1.676
19,1.7946
20,1.5177
21,1.0431
22,0.52899
23,0.13348
