time,value
0,-1.0769
1,-1.3977
2,-1.518
3,-1.5381
4,-1.5581
5,-1.4378
6,-1.0168
7,-0.014203
8,0.6675399999999999
9,0.98836
10,1.0084
11,0.94825
12,0.74774
13,0.34672
14,0.36677
15,0.52718
16,0.6675399999999999
17,0.98836
18,1.229
19,1.1087
20,0.64749
21,0.32666999999999996
22,-0.33502
23,-0.67589
