time,value
0,-0.90774
1,-1.3271
2,-1.5368
3,-1.6207
4,-1.6207
5,-1.4529
6,-1.1594
7,-0.23676
8,0.58099
9,1.1262
10,1.2309999999999999
11,1.21
12,0.97939
13,0.53906
14,0.56002
15,0.49712
16,0.47615
17,0.39228
18,0.7068
19,1.1052
20,0.66486
21,0.35034
22,-0.089988
23,-0.46741000000000005
