time,value
0,-1.0397
1,-1.4139
2,-1.5776
3,-1.6711
4,-1.6711
5,-1.4139
6,-1.0631
7,0.24652
8,0.69085
9,1.182
10,1.2053
11,1.0884
12,0.8311700000000001
13,0.457
14,0.52715
15,0.48038000000000003
16,0.5505399999999999
17,0.26991
18,0.26991
19,0.99487
20,0.7610100000000001
21,0.71424
22,0.036052999999999995
23,-0.45505
