time,value
0,-1.0903
1,-1.3827
2,-1.5471
3,-1.5654
4,-1.5837
5,-1.4375
6,-1.0538
7,-0.19492
8,0.51775
9,1.0659
10,0.99285
11,0.99285
12,0.77357
13,0.37156
14,0.35329
15,0.5360199999999999
16,0.62739
17,1.1756
18,1.1208
19,0.99285
20,0.5908399999999999
21,0.38983
22,-0.12182
23,-0.52384
