time,value
0,-1.0777
1,-1.3439
2,-1.5390000000000001
3,-1.5922
4,-1.5745
5,-1.4858
6,-1.0955
7,-0.22619
8,0.46568999999999994
9,0.9446899999999999
10,0.9979100000000001
11,1.0689
12,0.9801700000000001
13,0.71406
14,0.57214
15,0.62536
16,0.80276
17,0.80276
18,1.0157
19,0.92695
20,0.48343
21,0.2528
22,-0.26166999999999996
23,-0.45682
