time,value
0,-0.33429000000000003
1,-1.0433
2,-1.4538
3,-1.3791
4,-1.4911
5,-1.4911
6,-1.1179
7,-0.11039000000000002
8,0.52398
9,1.4196
10,1.4196
11,1.2329999999999999
12,0.89715
13,0.076188
14,-0.14770999999999998
15,-0.33429000000000003
16,-0.29698
17,-0.035761
18,0.44935
19,1.6435
20,1.2703
21,0.67325
22,0.1135
23,-0.48356000000000005
