time,value
0,-0.9557399999999999
1,-1.3919
2,-1.5972
3,-1.5715
4,-1.6485
5,-1.4945
6,-1.1097
7,0.0449
8,0.68633
9,1.1995
10,1.2508
11,1.1738
12,0.91725
13,0.42976000000000003
14,0.5837
15,0.5837
16,0.50673
17,0.37845
18,0.14753
19,0.45542
20,1.0455
21,0.71199
22,0.0449
23,-0.39127
