time,value
0,-1.0333
1,-1.3025
2,-1.4102
3,-1.4371
4,-1.4909999999999999
5,-1.5718
6,-1.3025
7,-0.57553
8,0.77073
9,1.3092
10,1.2554
11,1.2285
12,1.0938
13,0.50148
14,0.52841
15,0.60918
16,0.58226
17,0.44763000000000003
18,0.25915
19,0.44763000000000003
20,0.79766
21,0.60918
22,0.07067899999999999
23,-0.38705
