time,value
0,-0.95
1,-1.1627
2,-1.4604
3,-1.7157
4,-1.6306
5,-1.5881
6,-1.2052
7,-0.73731
8,0.19851
9,0.8791
10,1.0918
11,0.9641799999999999
12,0.8791
13,0.75149
14,0.58134
15,0.8791
16,0.92164
17,0.70895
18,0.62388
19,0.70895
20,0.32611999999999997
21,0.70895
22,0.45373
23,-0.22685999999999998
