time,value
0,-0.94452
1,-1.3398
2,-1.5025
3,-1.6188
4,-1.642
5,-1.5490000000000002
6,-1.2468
7,-0.08428
8,0.45046
9,0.91545
10,1.0085
11,1.055
12,0.91545
13,0.70621
14,0.38071
15,0.49696
16,0.70621
17,0.63646
18,0.75271
19,1.1712
20,0.7992100000000001
21,0.45046
22,-0.08428
23,-0.43301999999999996
