time,value
0,-0.9131100000000001
1,-1.1593
2,-1.4466
3,-1.4877
4,-1.6108
5,-1.4877
6,-1.0773
7,-0.9131100000000001
8,0.07181799999999999
9,1.0978
10,1.1799
11,1.2209
12,1.0567
13,0.89259
14,0.60532
15,0.76948
16,1.0157
17,0.97467
18,0.27701
19,0.5232399999999999
20,0.07181799999999999
21,0.56428
22,0.07181799999999999
23,-0.29753
