time,value
0,-1.032
1,-1.3224
2,-1.5298
3,-1.6128
4,-1.6128
5,-1.5091
6,-1.0112
7,-0.09852899999999999
8,0.44078999999999996
9,1.0838
10,1.0009
11,0.98011
12,0.71045
13,0.3993
14,0.31633
15,0.46153
16,0.58599
17,0.87639
18,1.3119999999999998
19,1.1461
20,0.64822
21,0.42005
22,-0.14002
23,-0.51339
