time,value
0,0.1986
1,-0.24040999999999998
2,-0.9303
3,-1.0557
4,-1.2439
5,-0.67943
6,-0.5539999999999999
7,-1.0557
8,-0.49128
9,0.5121899999999999
10,0.70034
11,0.5121899999999999
12,0.32404
13,-0.11498
14,-0.5539999999999999
15,-0.74215
16,-0.67943
17,-0.74215
18,-0.36585
19,0.13589
20,0.95121
21,2.5818
22,2.1428
23,1.3902
