time,value
0,0.27332
1,-0.41998
2,-1.06
3,-1.1133
4,-1.5399
5,-1.4333
6,-2.1266
7,-1.0066
8,0.27332
9,1.7133
10,1.8199
11,1.4466
12,1.02
13,0.43331000000000003
14,0.27332
15,-0.046665
16,0.16666
17,-0.046665
18,-0.046665
19,0.21999000000000002
20,0.0066664
21,0.16666
22,0.69997
23,0.32665
