time,value
0,-0.9644299999999999
1,-1.3415
2,-1.53
3,-1.5719
4,-1.5928
5,-1.4462
6,-1.0482
7,-0.4617
8,0.62753
9,1.0046
10,1.214
11,1.2559
12,1.0884
13,0.54375
14,0.45996000000000004
15,0.60659
16,0.5646899999999999
17,0.5228
18,0.5856399999999999
19,1.0674
20,0.71132
21,0.37617
22,-0.16845
23,-0.5036
