time,value
0,-0.98574
1,-1.2747
2,-1.4481
3,-1.5637
4,-1.6215
5,-1.4481
6,-1.1784
7,-0.38852
8,0.7481399999999999
9,1.0949
10,1.1912
11,1.0949
12,0.84446
13,0.49768999999999997
14,0.55548
15,0.55548
16,0.69034
17,0.9793200000000001
18,0.96005
19,0.8829899999999999
20,0.40136
21,0.15091
22,-0.21513000000000002
23,-0.52337
