time,value
0,-0.99421
1,-1.3011
2,-1.4737
3,-1.608
4,-1.5888
5,-1.4929
6,-1.1093
7,-0.22696999999999998
8,0.46353999999999995
9,1.0006
10,1.1924
11,1.2308
12,1.0198
13,0.5402600000000001
14,0.55945
15,0.52108
16,0.5978100000000001
17,0.63617
18,0.94306
19,1.0390000000000001
20,0.57863
21,0.23337
22,-0.22696999999999998
23,-0.53387
