time,value
0,-0.74924
1,-1.2469
2,-1.3796
3,-1.5123
4,-1.645
5,-1.4128
6,-0.9151299999999999
7,0.047
8,0.27924
9,1.175
10,1.3077
11,1.0091
12,0.81007
13,0.11335
14,-0.35112
15,-0.18524000000000002
16,-0.11888
17,0.44511999999999996
18,1.3741
19,1.54
20,1.0423
21,0.61101
22,0.17970999999999998
23,-0.41747
