time,value
0,-0.31033
1,-0.80686
2,-1.262
3,-1.3034
4,-1.3861
5,-1.3861
6,-1.0965
7,-0.80686
8,0.51722
9,1.6344
10,1.9240000000000002
11,1.7585
12,1.3034
13,0.51722
14,0.020689
15,-0.062065999999999996
16,-0.14482
17,-0.26895
18,-0.35170999999999997
19,-0.22757
20,0.062065999999999996
21,1.0137
22,0.47584
23,0.1862
