time,value
0,1.1546
1,0.21979
2,-0.11407
3,-0.38115
4,-0.98208
5,-0.78177
6,-1.8501
7,-1.9169
8,-0.84854
9,-0.18084
10,0.21979
11,0.68718
12,0.5536399999999999
13,0.15302000000000002
14,-0.18084
15,-0.38115
16,-0.5814600000000001
17,-0.5814600000000001
18,-0.18084
19,0.019475
20,0.5536399999999999
21,2.1561
22,1.8223
23,1.4216
