time,value
0,-0.79375
1,-1.1117
2,-1.5164
3,-1.5453
4,-1.5742
5,-1.4008
6,-1.025
7,-0.5914
8,0.42036
9,1.143
10,1.2587
11,1.2587
12,0.82506
13,0.24691999999999997
14,0.1891
15,-0.12888
16,0.015658000000000002
17,0.73834
18,1.2876
19,1.2587
20,0.9696
21,0.50708
22,-0.013249
23,-0.41795
