time,value
0,-1.08
1,-1.3517
2,-1.4980000000000002
3,-1.6025
4,-1.5607
5,-1.4562
6,-1.0382
7,-0.5365
8,0.5295300000000001
9,1.0939
10,1.1148
11,1.1148
12,0.9057799999999999
13,0.50863
14,0.57134
15,0.63405
16,0.69675
17,0.5295300000000001
18,0.57134
19,1.1775
20,0.73856
21,0.50863
22,-0.11845
23,-0.45288999999999996
