time,value
0,-0.99287
1,-1.3233
2,-1.5371
3,-1.5954
4,-1.5565
5,-1.4788
6,-1.0123
7,-0.21541999999999997
8,0.34823000000000004
9,0.89245
10,1.0868
11,0.93132
12,0.83414
13,0.5426
14,0.6009
15,0.6009
16,0.8147
17,1.1257
18,1.1062
19,0.9896299999999999
20,0.5426
21,0.19274000000000002
22,-0.19598
23,-0.70133
