time,value
0,0.31993
1,-0.6903699999999999
2,-1.1955
3,-0.7914
4,-1.1955
5,-1.1955
6,-0.89243
7,-1.5996
8,-0.89243
9,0.31993
10,1.4313
11,1.2292
12,0.92611
13,0.2189
14,-0.08419199999999999
15,-0.48831
16,0.11787
17,-0.18522
18,0.2189
19,0.016838
20,-0.38728
21,2.1385
22,1.6333
23,1.0271
