time,value
0,-0.9619700000000001
1,-1.3203
2,-1.5666
3,-1.6338
4,-1.6114
5,-1.4546
6,-1.0068
7,-0.2006
8,0.7399
9,1.1206
10,1.0086
11,0.7623
12,0.7623
13,0.49358
14,0.40401
15,0.40401
16,0.47118999999999994
17,0.78469
18,1.2997
19,1.2326
20,0.67273
21,0.31444
22,-0.223
23,-0.49171000000000004
