time,value
0,-0.78932
1,-1.1653
2,-1.4256
3,-1.3967
4,-1.5124
5,-1.3099
6,-1.5702
7,-0.7604
8,0.5410699999999999
9,1.2063
10,1.2930000000000001
11,1.2641
12,1.0038
13,0.80137
14,0.65676
15,0.88813
16,1.1195
17,0.65676
18,0.51215
19,0.16509000000000001
20,-0.12412000000000001
21,-0.18195999999999998
22,0.25186
23,-0.12412000000000001
