time,value
0,-0.5038699999999999
1,-0.95788
2,-1.2881
3,-1.4944
4,-1.5357
5,-1.3706
6,-1.0817
7,-0.66897
8,-0.13242
9,-0.29751
10,0.32159
11,0.65177
12,0.89941
13,0.32159
14,-0.091144
15,-0.17369
16,-0.25624
17,0.52795
18,1.436
19,1.8074
20,1.5598
21,1.3534
22,0.69304
23,0.28031
