time,value
0,-0.25358
1,-0.8941899999999999
2,-1.1745
3,-1.3747
4,-1.4948
5,-1.3346
6,-1.695
7,-0.9342299999999999
8,0.50715
9,1.348
10,1.7483
11,1.7083
12,1.1478
13,0.74739
14,0.10677
15,-0.053385
16,0.066731
17,0.066731
18,0.026692
19,0.22689
20,0.14681
21,0.90754
22,0.50715
23,-0.053385
