time,value
0,-0.63097
1,-1.0185
2,-1.3166
3,-1.4358
4,-1.5551
5,-1.3464
6,-1.6743
7,-0.6905899999999999
8,0.2037
9,1.1874
10,1.247
11,1.2768
12,1.1278
13,0.77008
14,0.8297
15,1.0086
16,0.9489299999999999
17,0.85951
18,0.47198
19,0.26332
20,-0.15402000000000002
21,-0.24344000000000002
22,0.054651
23,-0.18382
