time,value
0,0.01895
1,-0.72529
2,-1.0974
3,-1.2214
4,-1.2628
5,-1.1801
6,-0.9320200000000001
7,-1.1801
8,-0.68394
9,0.18434
10,0.6804899999999999
11,0.9285700000000001
12,0.63915
13,0.22568000000000002
14,-0.10509
15,-0.27048
16,-0.5599
17,-0.60125
18,-0.063743
19,1.7142
20,1.9622
21,1.7142
22,1.1353
23,0.6804899999999999
