time,value
0,-0.8219200000000001
1,-1.2133
2,-1.3699
3,-1.5264
4,-1.5264
5,-1.3438
6,-1.5525
7,-0.45661999999999997
8,0.32616
9,1.2394
10,1.2394
11,1.2916
12,1.0046
13,0.8480200000000001
14,0.9784799999999999
15,0.8480200000000001
16,0.9784799999999999
17,0.6914600000000001
18,0.27397
19,0.30007
20,0.091325
21,-0.11742000000000001
22,-0.091325
23,-0.091325
