time,value
0,-0.71702
1,-1.0964
2,-1.4216
3,-1.5571
4,-1.5029
5,-1.4487
6,-1.5842
7,-0.74412
8,0.39408000000000004
9,1.2342
10,1.2884
11,1.18
12,1.0716
13,0.71928
14,0.69218
15,0.9902700000000001
16,0.74638
17,0.74638
18,0.47538
19,0.33988
20,0.041779000000000004
21,-0.14792
22,0.28568000000000005
23,0.014679
