time,value
0,-0.70034
1,-1.057
2,-1.4583
3,-1.5919999999999999
4,-1.5474
5,-1.4583
6,-1.1016
7,-0.9232600000000001
8,0.28051
9,1.1276
10,1.2168
11,1.3951
12,1.2168
13,0.77093
14,0.68176
15,0.77093
16,0.9492700000000001
17,0.5926
18,0.23592
19,0.19134
20,0.32509
21,0.63718
22,0.057588
23,-0.61117
