time,value
0,-0.6539
1,-1.0027
2,-1.288
3,-1.5733
4,-1.7319
5,-1.6684
6,-1.288
7,-0.6539
8,0.36064
9,1.2167
10,1.2801
11,1.3118
12,0.83621
13,0.61427
14,0.61427
15,0.89961
16,0.89961
17,0.58257
18,0.23381999999999997
19,0.075298
20,0.17040999999999998
21,0.9630200000000001
22,0.17040999999999998
23,-0.36856
