time,value
0,-1.0439
1,-1.3208
2,-1.5778
3,-1.5976
4,-1.5976
5,-1.3999
6,-1.0439
7,-0.11452999999999999
8,0.75554
9,1.0522
10,1.0522
11,0.81487
12,0.67645
13,0.39960999999999997
14,0.36006
15,0.43915
16,0.53803
17,1.1906
18,1.2499
19,1.0324
20,0.5578
21,0.30073
22,-0.11452999999999999
23,-0.60888
