time,value
0,-0.8789399999999999
1,-1.3678
2,-1.5878
3,-1.6611
4,-1.71
5,-1.3434
6,-0.9033899999999999
7,-0.43896
8,0.5632199999999999
9,1.1743
10,1.1254
11,1.1743
12,0.85654
13,0.46543999999999996
14,0.41656000000000004
15,0.46543999999999996
16,0.5876600000000001
17,0.48988999999999994
18,0.53877
19,1.2965
20,0.85654
21,0.441
22,-0.19453
23,-0.36563
