time,value
0,-0.15083
1,-0.68429
2,-1.1034
3,-1.294
4,-1.3702
5,-1.3321
6,-1.1034
7,-1.0653
8,-0.9510200000000001
9,-0.18893
10,0.53505
11,0.80178
12,0.80178
13,0.26832
14,-0.074621
15,-0.18893
16,-0.30325
17,-0.22704000000000002
18,1.2971
19,1.7163
20,1.7163
21,1.4877
22,0.87798
23,0.53505
