time,value
0,-0.89984
1,-1.2377
2,-1.3785
3,-1.5756
4,-1.463
5,-1.463
6,-1.463
7,-0.59012
8,0.28274
9,1.1274
10,1.1274
11,1.2964
12,1.0711
13,0.78956
14,0.81772
15,0.9021899999999999
16,1.043
17,0.70509
18,0.45168
19,0.3109
20,-0.083297
21,0.057487
22,0.22643000000000002
23,-0.055139999999999995
