time,value
0,-0.82552
1,-1.2349
2,-1.4191
3,-1.6033
4,-1.6442
5,-1.4805
6,-1.0097
7,-0.10916
8,1.078
9,1.3236
10,1.2622
11,1.0575
12,0.8528100000000001
13,0.38206
14,0.42299
15,0.40253
16,0.23879
17,0.77094
18,1.0575
19,0.9142100000000001
20,0.5048600000000001
21,0.05458
22,-0.29336999999999996
23,-0.70272
