time,value
0,-1.0285
1,-1.2823
2,-1.4273
3,-1.6085
4,-1.5722
5,-1.4454
6,-1.1735
7,-0.35795
8,0.72949
9,1.0376
10,1.1101
11,1.092
12,0.92885
13,0.53012
14,0.54825
15,0.65699
16,0.72949
17,1.0013
18,1.0013
19,0.76573
20,0.36701
21,0.20389000000000002
22,-0.21295999999999998
23,-0.5935600000000001
