time,value
0,-1.0233
1,-1.3325
2,-1.5534
3,-1.5976
4,-1.6418
5,-1.443
6,-1.0013
7,0.080984
8,0.5448
9,1.1632
10,1.0528
11,0.8761
12,0.67732
13,0.30185
14,0.34602
15,0.36811
16,0.52271
17,0.65523
18,1.3619999999999999
19,1.2074
20,0.78775
21,0.36811
22,-0.18405
23,-0.5374399999999999
