time,value
0,-1.0377
1,-1.2864
2,-1.5542
3,-1.4968
4,-1.5924
5,-1.4585
6,-1.0951
7,-0.32996
8,0.7986
9,1.1047
10,1.1238
11,1.0281
12,0.89425
13,0.49255
14,0.51168
15,0.54994
16,0.72209
17,0.89425
18,1.0473
19,0.9325
20,0.41603999999999997
21,0.16737
22,-0.31083
23,-0.5212399999999999
