time,value
0,-0.67225
1,-1.0071
2,-1.3115
3,-1.4028
4,-1.4637
5,-1.3724
6,-1.555
7,-0.82445
8,0.45408000000000004
9,1.276
10,1.3673
11,1.3369
12,1.0934
13,0.72806
14,0.84982
15,0.97159
16,1.002
17,0.72806
18,0.3932
19,0.088787
20,-0.093861
21,-0.30695
22,-0.15474000000000002
23,-0.1243
