time,value
0,-0.9930200000000001
1,-1.2994
2,-1.4219
3,-1.5648
4,-1.6669999999999998
5,-1.524
6,-1.0951
7,-0.38036
8,0.66117
9,1.1105
10,1.2126
11,1.0288
12,0.9675
13,0.49778999999999995
14,0.5182100000000001
15,0.62032
16,0.70201
17,0.57948
18,0.57948
19,1.1105
20,0.70201
21,0.37526
22,-0.15572
23,-0.56416
