time,value
0,-0.92542
1,-1.2321
2,-1.5388
3,-1.4877
4,-1.5133
5,-1.5388
6,-1.2577
7,-0.18423
8,0.63363
9,1.3237
10,1.4004
11,1.2981
12,0.9658899999999999
13,0.42917
14,0.48028000000000004
15,0.5825199999999999
16,0.6591899999999999
17,0.48028000000000004
18,0.2247
19,0.42917
20,0.8381
21,0.60807
22,-0.13312000000000002
23,-0.54205
