time,value
0,-0.97836
1,-1.3088
2,-1.5153
3,-1.5979
4,-1.6186
5,-1.4533
6,-1.1229
7,-0.17296
8,0.50854
9,1.2726
10,1.3553
11,1.3346
12,1.0455
13,0.7770100000000001
14,0.50854
15,0.63245
16,0.7357100000000001
17,0.5291899999999999
18,0.42594
19,0.38463
20,0.28138
21,0.42594
22,-0.0077443
23,-0.44142
