time,value
0,-1.0409
1,-1.3753
2,-1.4933
3,-1.6113
4,-1.5916
5,-1.4933
6,-1.0212
7,-0.077041
8,0.5917399999999999
9,0.96547
10,0.96547
11,0.84745
12,0.72943
13,0.33603
14,0.39504
15,0.49338999999999994
16,0.65075
17,1.0638
18,1.2015
19,1.1622
20,0.72943
21,0.31636
22,-0.096711
23,-0.64747
