time,value
0,-0.9220200000000001
1,-1.2373
2,-1.454
3,-1.6511
4,-1.6117
5,-1.4738
6,-1.1979
7,-0.37029
8,0.3982
9,1.0090000000000001
10,1.147
11,1.0485
12,0.9499299999999999
13,0.47702
14,0.59525
15,0.71348
16,0.73318
17,0.67407
18,1.0485
19,1.0682
20,0.53613
21,0.22086
22,-0.21265
23,-0.48851000000000006
