time,value
0,-0.86434
1,-1.1362
2,-1.4353
3,-1.5168
4,-1.544
5,-1.4625
6,-1.5168
7,-0.67403
8,0.65817
9,1.0388
10,1.1475
11,1.1475
12,1.0932
13,0.6853600000000001
14,0.79411
15,0.9844200000000001
16,1.0116
17,0.73973
18,0.49504
19,0.25035
20,0.005664100000000001
21,0.005664100000000001
22,0.16879
23,-0.075899
