time,value
0,-0.41331999999999997
1,-0.8694
2,-0.9074
3,-1.2875
4,-1.4015
5,-1.4775
6,-1.2875
7,-1.0214
8,-0.9834200000000001
9,-0.45133
10,0.15678
11,0.57485
12,0.72687
13,0.38481
14,0.15678
15,-0.14727
16,0.15678
17,1.1069
18,1.3730000000000002
19,1.5630000000000002
20,1.639
21,1.2209999999999999
22,0.72687
23,0.46083
