time,value
0,-0.6352
1,-1.1414
2,-1.4689
3,-1.588
4,-1.7071
5,-1.4689
6,-1.0818
7,-0.21835
8,0.49625
9,1.062
10,1.2704
11,1.062
12,0.76422
13,0.16872
14,-0.18857000000000002
15,-0.0397
16,0.049625
17,1.0917
18,1.1811
19,1.2704
20,0.9131
21,0.49625
22,0.1985
23,-0.48632
