time,value
0,0.46616
1,2.4722e-09
2,-0.81577
3,-1.1654
4,-1.2819
5,-1.1071
6,-0.9905799999999999
7,-1.6315
8,-0.7575
9,0.05827
10,0.5827
11,0.9905799999999999
12,0.69923
13,2.4722e-09
14,-0.29135
15,0.05827
16,-0.34962
17,-0.29135
18,-0.5244300000000001
19,0.11654
20,0.6409600000000001
21,2.3308
22,1.8646
23,1.3985
