time,value
0,-0.85345
1,-1.235
2,-1.4734
3,-1.4496
4,-1.4973
5,-1.4257
6,-1.5449
7,-0.66269
8,0.52955
9,1.1257
10,1.1257
11,1.3164
12,1.1495
13,0.8156899999999999
14,0.64878
15,0.83954
16,0.9349200000000001
17,0.69647
18,0.3388
19,0.12419000000000001
20,0.10035
21,0.36264
22,0.21957
23,-0.18579
