time,value
0,1.2522
1,0.14875
2,-0.24070999999999998
3,-0.69507
4,-0.82489
5,-0.8898
6,-1.7985
7,-1.7985
8,-1.0196
9,-0.43543999999999994
10,0.27857
11,0.79785
12,0.4733
13,0.14875
14,-0.11089
15,-0.37053
16,-0.50034
17,-0.43543999999999994
18,-0.37053
19,0.083842
20,1.5768
21,1.382
22,1.7066
23,1.6417
