time,value
0,-0.94394
1,-1.1081
2,-1.5596
3,-1.6622
4,-1.5801
5,-1.6416
6,-1.2312
7,-0.14364000000000002
8,0.45145
9,1.0055
10,1.1286
11,1.1491
12,1.0671
13,0.55405
14,0.57457
15,0.71822
16,0.73874
17,0.5130100000000001
18,0.73874
19,0.94394
20,0.59509
21,0.26677
22,-0.18467999999999998
23,-0.38989
