time,value
0,-0.021442
1,-0.75049
2,-1.0936
3,-1.1365
4,-1.3938
5,-1.3938
6,-1.0936
7,-0.7076
8,-1.0507
9,0.10720999999999999
10,0.75049
11,0.9220299999999999
12,0.7076
13,0.064327
14,-0.32164
15,-0.36451999999999996
16,-0.49318
17,-0.27875
18,0.9220299999999999
19,1.7797
20,1.8655
21,1.4366
22,0.8791399999999999
23,0.66472
