time,value
0,0.61274
1,-0.22759000000000001
2,-0.8278200000000001
3,-1.188
4,-1.308
5,-1.1279
6,-2.1483
7,-1.4281
8,0.13255
9,1.4531
10,1.6932
11,1.8732
12,1.0929
13,0.2526
14,-0.22759000000000001
15,0.012505
16,0.2526
17,-0.10754000000000001
18,0.072528
19,0.012505
20,-0.10754000000000001
21,0.012505
22,0.91285
23,0.31262
