time,value
0,-1.0561
1,-1.1913
2,-1.3536
3,-1.4889
4,-1.5430000000000001
5,-1.5159
6,-1.2184
7,-0.19047999999999998
8,0.64808
9,1.2161
10,1.4055
11,1.4325
12,1.135
13,0.81038
14,0.5939800000000001
15,0.56693
16,0.53988
17,0.21527
18,-0.0011270999999999998
19,0.21527
20,0.81038
21,0.5939800000000001
22,-0.10933
23,-0.51508
