time,value
0,-0.80378
1,-1.1948
2,-1.4033
3,-1.4816
4,-1.4555
5,-1.3251
6,-1.5598
7,-0.77771
8,0.57785
9,1.3078
10,1.3599
11,1.4381
12,0.94281
13,0.65605
14,0.7864
15,0.7864
16,0.81247
17,0.55178
18,0.3693
19,0.18682
20,0.030413
21,0.21289
22,0.26503000000000004
23,-0.28241
