time,value
0,-0.9429
1,-1.2949
2,-1.4458
3,-1.4961
4,-1.5966
5,-1.5715
6,-1.1692
7,-0.54059
8,0.5908800000000001
9,1.3201
10,1.2446
11,1.2446
12,1.0435
13,0.74174
14,0.76689
15,0.81718
16,0.7166
17,0.33944
18,0.3143
19,0.13829
20,0.11315
21,0.6663100000000001
22,0.26400999999999997
23,-0.26400999999999997
