time,value
0,-0.89935
1,-1.2424
2,-1.4799
3,-1.6646
4,-1.6646
5,-1.4799
6,-1.1368
7,-0.7146399999999999
8,0.41999
9,1.2907
10,1.2116
11,1.1324
12,0.9477200000000001
13,0.63108
14,0.60469
15,0.7894
16,0.71024
17,0.60469
18,0.41999
19,0.34083
20,0.28805
21,0.8421700000000001
22,0.23528000000000002
23,-0.18691
