time,value
0,-0.90597
1,-1.3997
2,-1.5437
3,-1.6054
4,-1.6877
5,-1.482
6,-0.9676899999999999
7,-0.10371
8,0.53399
9,1.0483
10,0.9659700000000001
11,0.9454
12,0.69855
13,0.34885
14,0.43113
15,0.49283999999999994
16,0.76026
17,0.8631200000000001
18,1.2128
19,1.1305
20,0.67798
21,0.30771
22,-0.10371
23,-0.61798
