time,value
0,-0.85705
1,-1.0843
2,-1.4253
3,-1.5389
4,-1.4821
5,-1.4253
6,-1.0275
7,-0.80023
8,0.10890999999999999
9,1.1317
10,1.5294
11,1.4158
12,1.2453
13,0.9044
14,0.73393
15,0.33619
16,0.79076
17,0.44983
18,0.27937
19,0.052086
20,-0.57294
21,0.8475799999999999
22,0.39300999999999997
23,-0.004735100000000001
