time,value
0,0.063917
1,-0.46505
2,-0.9940200000000001
3,-0.9940200000000001
4,-1.3114
5,-1.0469
6,-0.6766399999999999
7,-0.35925999999999997
8,-1.0998
9,-0.8353299999999999
10,0.80447
11,0.75157
12,1.069
13,0.43418999999999996
14,-0.20057
15,-0.20057
16,-0.57084
17,-0.51795
18,-0.46505
19,0.01102
20,1.4392
21,2.4443
22,1.7566
23,0.96316
