time,value
0,-1.0155
1,-1.2432
2,-1.5166
3,-1.5849
4,-1.6305
5,-1.4709999999999999
6,-1.1294
7,-0.35494000000000003
8,0.62447
9,0.89779
10,0.9889
11,0.85224
12,0.71558
13,0.3967
14,0.32837
15,0.44225
16,0.51058
17,1.1256
18,1.285
19,1.1711
20,0.6928
21,0.44225
22,0.0094904
23,-0.5371600000000001
