time,value
0,1.1291
1,0.28226999999999997
2,0.09409
3,-0.09409
4,-0.09409
5,-0.09409
6,-0.09409
7,-1.5995
8,-1.2232
9,-0.75272
10,-0.09409
11,-0.28226999999999997
12,-1.3402999999999998e-09
13,-0.47045
14,-0.75272
15,-0.75272
16,-0.5645399999999999
17,-0.5645399999999999
18,-0.5645399999999999
19,-0.18818
20,0.09409
21,2.3523
22,2.2582
23,1.9759
