time,value
0,-0.91771
1,-1.1808
2,-1.5634
3,-1.659
4,-1.6351
5,-1.5395
6,-1.0612
7,-0.46334
8,0.6128
9,0.9954299999999999
10,1.1389
11,1.1867
12,0.80411
13,0.54106
14,0.5171399999999999
15,0.63672
16,0.54106
17,0.32583
18,0.42149
19,1.2585
20,0.9476
21,0.5171399999999999
22,-0.0089678
23,-0.41551000000000005
