time,value
0,-0.8410700000000001
1,-1.3051
2,-1.5661
3,-1.5661
4,-1.5081
5,-1.5371
6,-1.1311
7,-0.58005
8,0.31903000000000004
9,1.1311
10,1.2761
11,1.2761
12,1.1021
13,0.8410700000000001
14,0.69606
15,0.7540600000000001
16,0.8410700000000001
17,0.29002
18,0.029001999999999997
19,-5.0885e-17
20,0.31903000000000004
21,0.81207
22,0.49304
23,-0.14501
