time,value
0,-1.0451
1,-1.2187
2,-1.508
3,-1.5659
4,-1.7974
5,-1.508
6,-1.2477
7,-0.43758
8,0.25676
9,1.1826
10,1.2115
11,0.95111
12,0.95111
13,0.31463
14,0.6618
15,0.77753
16,0.89325
17,0.7196600000000001
18,0.40142
19,0.51715
20,0.48821000000000003
21,0.6618
22,0.37249
23,-0.032548
