time,value
0,-0.95573
1,-1.3512
2,-1.5594
3,-1.5594
4,-1.6842
5,-1.4761
6,-1.1222
7,-0.20640999999999998
8,0.60536
9,1.1049
10,1.1257
11,1.0841
12,1.0425
13,0.5012800000000001
14,0.45965
15,0.5221
16,0.5221
17,0.45965
18,0.73024
19,1.1465
20,0.70943
21,0.45965
22,-0.16477999999999998
23,-0.39374000000000003
