time,value
0,-0.9379299999999999
1,-1.3634
2,-1.5052
3,-1.5458
4,-1.5659999999999998
5,-1.4039
6,-1.2216
7,-0.30983
8,0.8045399999999999
9,1.0274
10,1.0477
11,0.9666299999999999
12,0.8045399999999999
13,0.43983999999999995
14,0.37905
15,0.54114
16,0.70323
17,1.1287
18,1.1287
19,0.9666299999999999
20,0.48036
21,0.1967
22,-0.22878
23,-0.5327
