time,value
0,-0.18867
1,-1.0665
2,-1.3438
3,-1.621
4,-1.6672
5,-1.5286
6,-0.9741299999999999
7,-0.41968999999999995
8,0.78162
9,1.2899
10,1.6595
11,1.5671
12,0.9202299999999999
13,0.31958000000000003
14,-0.14246
15,-0.050054
16,-0.0038503
17,-0.14246
18,-0.09625800000000001
19,0.13476
20,0.73541
21,1.2437
22,0.73541
23,-0.14246
