time,value
0,-1.0085
1,-1.3027
2,-1.4917
3,-1.5758
4,-1.5758
5,-1.4287
6,-1.1556
7,-0.18909
8,0.65133
9,1.1976
10,1.1766
11,1.0085
12,0.75638
13,0.42021000000000003
14,0.3992
15,0.44122
16,0.44122
17,0.42021000000000003
18,1.1556
19,1.2606
20,0.7773899999999999
21,0.31516
22,-0.14707
23,-0.54627
