time,value
0,-0.94278
1,-1.2707
2,-1.5601
3,-1.6179
4,-1.5986
5,-1.4829
6,-1.1743
7,-0.22906999999999997
8,0.6582600000000001
9,1.1019
10,1.1598
11,1.0826
12,0.88974
13,0.40749
14,0.42678
15,0.46536000000000005
16,0.56181
17,0.73542
18,1.1598
19,0.98619
20,0.5811
21,0.23389000000000001
22,-0.22906999999999997
23,-0.3448
