time,value
0,-0.9781799999999999
1,-1.33
2,-1.4942
3,-1.6114
4,-1.6583
5,-1.4003
6,-1.0016
7,-0.29805
8,0.71043
9,0.99187
10,0.92151
11,0.8746
12,0.64007
13,0.42899
14,0.26482
15,0.40554
16,0.42899
17,0.49935
18,1.3202
19,1.5313
20,0.89805
21,0.38209
22,-0.040066000000000004
23,-0.48567
