time,value
0,-1.0744
1,-1.3646
2,-1.5511
3,-1.5718
4,-1.5926
5,-1.406
6,-1.0744
7,-0.39036
8,0.56309
9,1.2056
10,1.2264
11,0.97764
12,0.97764
13,0.5009100000000001
14,0.58382
15,0.58382
16,0.60455
17,0.16927
18,0.33509
19,1.2264
20,0.8740000000000001
21,0.52164
22,0.024182
23,-0.34891
