time,value
0,-0.96145
1,-1.2672
2,-1.5118
3,-1.5934
4,-1.5934
5,-1.5322
6,-1.1653
7,-0.20724
8,0.7508199999999999
9,1.1993
10,1.2604
11,1.0362
12,0.7712
13,0.36351999999999995
14,0.36351999999999995
15,0.42467
16,0.42467
17,0.62851
18,1.1381
19,1.0566
20,0.6081300000000001
21,0.32275
22,-0.08493400000000001
23,-0.43146
