time,value
0,0.44638
1,-0.3375
2,-0.80783
3,-1.0691
4,-1.1736
5,-1.1736
6,-0.8600899999999999
7,-0.5465399999999999
8,-0.9646100000000001
9,-0.023952
10,0.55089
11,0.81218
12,0.65541
13,0.080565
14,-0.18073
15,-0.5465399999999999
16,-0.80783
17,-0.75557
18,-0.49428
19,0.34186
20,2.3277
21,2.0664
22,1.4915
23,0.96896
