time,value
0,1.5222
1,0.6428699999999999
2,-0.076611
3,-0.31644
4,-0.5562600000000001
5,-0.31644
6,-1.5955
7,-1.9153
8,-1.1159
9,-0.31644
10,0.56293
11,0.56293
12,0.80275
13,0.083273
14,-0.47631999999999997
15,-0.39638
16,-1.1159
17,-0.5562600000000001
18,-0.47631999999999997
19,-0.15655
20,0.40304
21,0.88269
22,1.7621
23,2.1618
