time,value
0,0.15446
1,-0.43651
2,-1.0812
3,-1.1887
4,-1.2424
5,-1.0275
6,-1.0275
7,-1.5647
8,-0.9737600000000001
9,-0.06044
10,0.42308
11,1.0678
12,1.014
13,0.36935999999999997
14,0.047008999999999995
15,0.10073
16,-0.32905999999999996
17,-0.49023999999999995
18,-0.22161
19,0.20818000000000003
20,1.1215
21,1.8736
22,1.8736
23,1.3901
