time,value
0,0.72173
1,0.10530999999999999
2,-0.51112
3,-0.88097
4,-1.0043
5,-0.9426200000000001
6,-1.5590000000000002
7,-1.744
8,-0.88097
9,-0.017979
10,0.47516
11,0.8450200000000001
12,1.0299
13,0.35188
14,-0.26455
15,-0.26455
16,-0.32619000000000004
17,-0.44948
18,-0.44948
19,-0.14126
20,0.78337
21,0.8450200000000001
22,2.2012
23,2.0779
