time,value
0,-1.1569
1,-1.3669
2,-1.3669
3,-1.556
4,-1.556
5,-1.535
6,-1.0729
7,-0.44281000000000004
8,0.56533
9,0.8383700000000001
10,1.0484
11,1.1114
12,1.1114
13,0.54432
14,0.52332
15,0.60733
16,0.6703399999999999
17,0.6703399999999999
18,1.1114
19,1.0064
20,0.58633
21,0.29229
22,-0.12777
23,-0.5058199999999999
