time,value
0,-0.9166200000000001
1,-1.2836
2,-1.5079
3,-1.5894
4,-1.6098
5,-1.4671
6,-1.1001
7,-0.080703
8,0.59211
9,1.0407
10,1.1018
11,1.061
12,0.81638
13,0.38823
14,0.32706
15,0.44938999999999996
16,0.429
17,0.81638
18,1.2853
19,1.163
20,0.65327
21,0.2659
22,-0.14187
23,-0.69235
