time,value
0,-0.29986999999999997
1,-0.7207399999999999
2,-1.1837
3,-1.31
4,-1.4362
5,-1.31
6,-0.847
7,-0.847
8,-1.0574
9,-0.17361
10,0.4577
11,0.54187
12,0.4577
13,-0.13152
14,-0.34196
15,-0.25778
16,-0.089435
17,0.54187
18,1.3836
19,1.7624
20,1.6782
21,1.594
22,0.9627399999999999
23,0.62605
