time,value
0,-0.7340800000000001
1,-1.3122
2,-1.5324
3,-1.67
4,-1.615
5,-1.3948
6,-1.0094
7,-0.48633000000000004
8,0.69738
9,1.3856
10,1.4406
11,1.2755
12,0.9726600000000001
13,0.5322100000000001
14,0.7249
15,0.7249
16,0.77996
17,0.39457
18,0.17434000000000002
19,0.11929000000000001
20,0.06423200000000001
21,0.66985
22,0.14682
23,-0.34869
