time,value
0,-0.7379399999999999
1,-1.1571
2,-1.4366
3,-1.4715
4,-1.5064
5,-1.4366
6,-0.98246
7,-0.9126
8,0.37989
9,1.1484
10,1.3929
11,1.2881
12,1.1135
13,0.86893
14,0.9038700000000001
15,0.9388
16,1.0087
17,0.7641399999999999
18,0.41481999999999997
19,0.10042999999999999
20,-0.28381999999999996
21,-0.21395999999999998
22,0.10042999999999999
23,-0.28381999999999996
