time,value
0,-0.18666
1,-0.59058
2,-1.2515
3,-1.7289
4,-1.3984
5,-1.5453
6,-1.1414
7,-0.0765
8,0.54774
9,1.2454
10,1.6493
11,1.3189
12,0.9516600000000001
13,-0.03978
14,-0.22338000000000002
15,-0.14994000000000002
16,-0.33354
17,-0.37026
18,-0.0030600000000000002
19,1.5759
20,1.3189
21,0.73134
22,0.03366
23,-0.33354
