time,value
0,-0.45496000000000003
1,-0.88679
2,-1.2569
3,-1.6271
4,-1.6888
5,-1.6888
6,-1.0102
7,-0.88679
8,0.34701
9,0.96391
10,1.334
11,1.3957
12,1.5808
13,0.8405299999999999
14,0.59377
15,0.59377
16,0.59377
17,0.4087
18,0.28531999999999996
19,0.10025
20,-0.64003
21,0.65546
22,0.34701
23,0.10025
