time,value
0,-0.78366
1,-1.1715
2,-1.4761
3,-1.5038
4,-1.6146
5,-1.4484
6,-1.5038
7,-0.7005600000000001
8,0.5182100000000001
9,1.2107
10,1.2384
11,1.1553
12,1.0445
13,0.54591
14,0.6290100000000001
15,0.8229
16,0.8229
17,0.60131
18,0.43511000000000005
19,0.21352
20,-0.008079000000000001
21,0.7398
22,0.43511000000000005
23,-0.20197
