time,value
0,-1.1731
1,-1.4537
2,-1.4225
3,-1.3914
4,-1.4225
5,-1.4537
6,-1.329
7,-0.5807100000000001
8,0.51055
9,1.2588
10,1.5083
11,1.1653
12,0.94706
13,0.60409
14,0.51055
15,0.63527
16,0.75998
17,0.41702
18,0.16759000000000002
19,0.011692000000000001
20,0.54173
21,0.8535200000000001
22,0.32348000000000005
23,0.011692000000000001
