time,value
0,-1.1835
1,-1.3923
2,-1.4759
3,-1.6012
4,-1.6221
5,-1.6012
6,-0.9328700000000001
7,0.027847000000000004
8,0.57086
9,0.98856
10,0.9676799999999999
11,0.86325
12,0.69617
13,0.34112
14,0.27847
15,0.40378000000000003
16,0.54998
17,0.61263
18,1.281
19,1.2601
20,0.8423700000000001
21,0.50821
22,0.0069617
23,-0.38986
