time,value
0,-0.63849
1,-1.0737
2,-1.3223
3,-1.4156
4,-1.4156
5,-1.4156
6,-1.5088
7,-0.8871600000000001
8,0.13858
9,1.1021
10,1.2265
11,1.3197
12,1.1021
13,0.7602399999999999
14,0.8845700000000001
15,1.0089
16,1.0711
17,0.8845700000000001
18,0.60482
19,0.26291
20,-0.20332999999999998
21,-0.17225
22,0.014246
23,-0.32766999999999996
