time,value
0,-0.073624
1,-0.6258100000000001
2,-0.73624
3,-1.2332
4,-1.5645
5,-1.5645
6,-0.8466799999999999
7,-0.73624
8,-0.18406
9,-0.23928000000000002
10,0.6442100000000001
11,1.1964
12,0.47856000000000004
13,0.42333999999999994
14,-0.9019
15,-0.9019
16,-0.79146
17,0.9203
18,1.4173
19,1.4173
20,1.7486
21,0.9203
22,0.97552
23,0.25768
