time,value
0,-0.41058
1,-1.0114
2,-1.2117
3,-1.3719
4,-1.6924
5,-1.412
6,-1.1717
7,0.47066
8,0.711
9,1.3118
10,1.432
11,0.91128
12,0.59083
13,0.15020999999999998
14,-0.29041
15,-0.41058
16,-0.33047
17,-0.2103
18,-0.13018
19,1.5922
20,1.6724
21,0.8311700000000001
22,0.19027
23,-0.2103
