time,value
0,-0.82683
1,-1.2017
2,-1.6234
3,-1.764
4,-1.6702
5,-1.4828
6,-1.1079999999999999
7,-0.10055
8,0.6023
9,1.2114
10,1.1412
11,1.0474
12,0.9068700000000001
13,0.36801999999999996
14,0.43831000000000003
15,0.46173000000000003
16,0.50859
17,0.32116
18,0.46173000000000003
19,1.3286
20,0.78973
21,0.50859
22,-0.030262
23,-0.28797
