time,value
0,-0.53492
1,-0.8882700000000001
2,-1.3201
3,-1.3594
4,-1.5557
5,-1.3987
6,-0.9667899999999999
7,-0.024538
8,0.5251100000000001
9,1.4281
10,1.5851
11,1.1533
12,0.91771
13,0.28955
14,-0.14232
15,-0.37788
16,-0.41713999999999996
17,-0.33862
18,-0.2601
19,1.6637
20,1.4281
21,0.64289
22,0.28955
23,-0.33862
