time,value
0,-1.0942
1,-1.3465
2,-1.5529
3,-1.5759
4,-1.6447
5,-1.4612
6,-1.0483
7,-0.47496000000000005
8,0.48833999999999994
9,1.1076
10,1.1993
11,1.0847
12,0.92411
13,0.4654
14,0.41953
15,0.58008
16,0.60301
17,0.44246
18,0.48833999999999994
19,1.1993
20,0.8782399999999999
21,0.4654
22,0.052561000000000004
23,-0.19973
