time,value
0,-0.8959299999999999
1,-1.1474
2,-1.5246
3,-1.6504
4,-1.7133
5,-1.3989
6,-1.1474
7,-0.77018
8,0.047154
9,0.67588
10,0.99024
11,1.1789
12,1.0531
13,0.80162
14,0.613
15,0.67588
16,0.55013
17,0.55013
18,0.29864
19,0.1729
20,-0.14146
21,1.1789
22,1.1159999999999999
23,0.48726
