time,value
0,-0.70297
1,-0.93134
2,-1.2739
3,-1.5594
4,-1.6736
5,-1.8163
6,-1.2168
7,-0.70297
8,0.32472
9,1.381
10,1.1811
11,1.3239
12,1.0384
13,0.72438
14,0.6958300000000001
15,0.72438
16,0.8385600000000001
17,0.66728
18,0.35327
19,0.12489000000000001
20,0.32472
21,0.41036000000000006
22,0.15344000000000002
23,-0.38895
