time,value
0,-1.0444
1,-1.325
2,-1.5194
3,-1.5841
4,-1.6273
5,-1.5409
6,-1.1523
7,-0.18081
8,0.48846000000000006
9,1.0498
10,1.1577
11,1.1146
12,0.94184
13,0.57482
14,0.63958
15,0.66117
16,0.48846000000000006
17,0.4021
18,0.46687
19,1.093
20,0.8338899999999999
21,0.46687
22,0.078261
23,-0.48306000000000004
