time,value
0,-0.80765
1,-1.2168
2,-1.4469999999999998
3,-1.5237
4,-1.5492
5,-1.5237
6,-1.4725
7,-0.55193
8,0.7266699999999999
9,1.1103
10,1.3148
11,1.1614
12,0.7266699999999999
13,0.7266699999999999
14,0.8801100000000001
15,0.93125
16,0.9568200000000001
17,0.62439
18,0.41981
19,0.2408
20,-0.040489
21,0.061799
22,0.39424000000000003
23,-0.14278
