time,value
0,-0.7156
1,-1.1905
2,-1.3751
3,-1.5334
4,-1.5862
5,-1.4015
6,-1.6126
7,-0.63645
8,0.33966
9,0.9992
10,1.1311
11,1.2366
12,1.052
13,0.76177
14,0.81453
15,0.94644
16,0.97282
17,0.78815
18,0.5771
19,0.26052
20,-0.029679
21,-0.056061
22,0.41881
23,-0.16159
