time,value
0,-0.87503
1,-1.2124
2,-1.3811
3,-1.4935
4,-1.5216
5,-1.2967
6,-1.5779
7,-0.84691
8,0.50253
9,1.1772
10,1.1772
11,1.2897
12,1.0648
13,0.72743
14,0.72743
15,0.95234
16,0.98045
17,0.58687
18,0.33385
19,0.19328
20,0.16517
21,0.24950999999999998
22,0.24950999999999998
23,-0.17219
