time,value
0,1.8226
1,0.7317600000000001
2,-0.031816000000000004
3,-0.57723
4,-0.46813999999999995
5,-0.46813999999999995
6,0.077266
7,-0.7953899999999999
8,-1.3408
9,-0.031816000000000004
10,-0.1409
11,-0.031816000000000004
12,-0.1409
13,-0.35906
14,-0.7953899999999999
15,-0.57723
16,-0.7953899999999999
17,-0.7953899999999999
18,-0.7953899999999999
19,-0.46813999999999995
20,-0.1409
21,2.1498
22,2.2589
23,1.7135
