time,value
0,-0.58905
1,-0.66346
2,-1.1843
3,-1.4075
4,-1.5563
5,-1.5191
6,-1.2215
7,-0.51465
8,0.41544
9,1.3083
10,1.4571
11,1.1967
12,0.82468
13,0.22941999999999999
14,-0.32863000000000003
15,-0.14261
16,-0.10540999999999999
17,0.043404000000000005
18,0.37824
19,1.8292
20,1.2711
21,0.75027
22,0.11780999999999998
23,-0.58905
