time,value
0,0.2828
1,-0.28712
2,-0.5979899999999999
3,-1.1161
4,-1.2197
5,-0.96067
6,-0.85705
7,-0.49437
8,-0.28712
9,-0.90886
10,-0.33893
11,-0.23531
12,0.23099
13,0.075558
14,-0.85705
15,-0.80524
16,-0.49437
17,-0.079876
18,1.7853
19,1.9408
20,1.889
21,1.7335
22,1.1636
23,0.43823999999999996
