time,value
0,-1.0267
1,-1.2845
2,-1.4779
3,-1.5208
4,-1.6068
5,-1.5208
6,-1.2845
7,-0.10294
8,0.7349100000000001
9,1.1861
10,1.315
11,1.1431
12,0.9497399999999999
13,0.7349100000000001
14,0.62749
15,0.58453
16,0.52008
17,0.39118
18,0.30524
19,0.9712200000000001
20,0.60601
21,0.26228
22,-0.081458
23,-0.42518999999999996
