time,value
0,-0.5977899999999999
1,-1.0989
2,-1.389
3,-1.389
4,-1.4417
5,-1.2308
6,-1.4417
7,-0.5977899999999999
8,0.40439
9,1.3538
10,1.4329
11,1.4593
12,1.2483
13,0.8527399999999999
14,0.90548
15,0.74724
16,0.8527399999999999
17,0.6681199999999999
18,0.37801999999999997
19,-0.043955
20,-0.38681
21,-0.41318
22,-0.017582
23,-0.25494
