time,value
0,-1.0567
1,-1.3842
2,-1.5684
3,-1.5889
4,-1.6503
5,-1.4661
6,-1.0976
7,-0.17654
8,0.5194
9,1.1335
10,1.0925
11,1.1539
12,0.9083100000000001
13,0.5194
14,0.56034
15,0.72409
16,0.66268
17,0.5194
18,0.47846000000000005
19,0.9287799999999999
20,0.7855
21,0.47846000000000005
22,-0.012793
23,-0.46311
