time,value
0,-0.97649
1,-1.4036
2,-1.4593
3,-1.6265
4,-1.5522
5,-1.385
6,-1.1251
7,-0.27082
8,0.49057
9,1.1034
10,1.2705
11,1.252
12,0.95483
13,0.47200000000000003
14,0.45343
15,0.6019899999999999
16,0.6577
17,0.5834199999999999
18,1.0105
19,0.95483
20,0.49057
21,0.21201
22,-0.19654000000000002
23,-0.51223
