time,value
0,-1.0193
1,-1.3402
2,-1.5206
3,-1.5407
4,-1.6009
5,-1.4805
6,-1.1196
7,-0.47791999999999996
8,0.56481
9,1.006
10,1.1463
11,1.0661
12,0.9057
13,0.54476
14,0.58486
15,0.7653399999999999
16,0.82549
17,0.62497
18,0.6650699999999999
19,1.0862
20,0.68513
21,0.20387
22,-0.13702999999999999
23,-0.43781000000000003
