time,value
0,-0.77293
1,-1.1716
2,-1.3576
3,-1.4639
4,-1.5436
5,-1.3842
6,-1.7031
7,-0.66662
8,0.47616
9,1.114
10,1.1937
11,1.1671
12,1.0343
13,0.63562
14,0.7685
15,1.0343
16,1.0343
17,0.71535
18,0.34328000000000003
19,0.47616
20,0.10409000000000002
21,-0.10852
22,0.2104
23,-0.1351
