time,value
0,-0.9174100000000001
1,-1.1096
2,-1.3841
3,-1.4939
4,-1.4665
5,-1.4116
6,-1.5488
7,-0.8076
8,0.42782
9,1.1142
10,1.1965
11,1.2789
12,1.0867
13,0.70236
14,0.8945299999999999
15,0.8396299999999999
16,0.94944
17,0.78472
18,0.51018
19,0.20819000000000001
20,-0.066346
21,-0.066346
22,0.29055
23,-0.011439
