time,value
0,-0.42856000000000005
1,-0.9333600000000001
2,-1.2804
3,-1.6906
4,-1.5328
5,-1.5328
6,-1.0596
7,-0.27081
8,0.77035
9,1.3383
10,1.3698
11,1.3698
12,0.8019
13,0.13935
14,-0.20770999999999998
15,-0.27081
16,-0.11306
17,0.1709
18,1.1805
19,1.3383
20,0.9912
21,0.39175
22,-0.018404
23,-0.5232100000000001
