time,value
0,-1.0336
1,-1.2812
2,-1.4717
3,-1.6432
4,-1.6623
5,-1.3574
6,-1.0145
7,-0.27149
8,0.75731
9,1.005
10,1.0431
11,0.8906700000000001
12,0.8716200000000001
13,0.50963
14,0.41436999999999996
15,0.5858399999999999
16,0.70015
17,1.0431
18,1.0812
19,1.024
20,0.54774
21,0.24291
22,-0.29054
23,-0.69062
