time,value
0,-0.9858
1,-1.0503
2,-1.4586
3,-1.6734
4,-1.6519
5,-1.5875
6,-1.1792
7,-0.16922
8,0.56139
9,1.2061
10,1.2705
11,1.1416
12,1.0127
13,0.49693000000000004
14,0.45395
15,0.49693000000000004
16,0.5828800000000001
17,0.45395
18,0.51842
19,1.1416
20,0.69033
21,0.34651
22,-0.23369
23,-0.38411
