time,value
0,0.97395
1,0.35062
2,-0.39737
3,-0.70904
4,-0.77137
5,-1.27
6,-2.1427
7,-1.4569999999999999
8,-0.77137
9,0.038958
10,-0.023375
11,0.53762
12,0.53762
13,0.038958
14,-0.33504
15,-0.27271
16,-0.39737
17,-0.27271
18,-0.085708
19,0.10128999999999999
20,1.0363
21,1.3479
22,2.1583
23,1.7843
