time,value
0,-0.79504
1,-1.2624
2,-1.5099
3,-1.6199
4,-1.6474
5,-1.4274
6,-1.0425
7,-0.7125600000000001
8,0.60717
9,1.2945
10,1.2395
11,1.1845
12,1.0196
13,0.60717
14,0.57967
15,0.66215
16,0.8546100000000001
17,0.7996300000000001
18,0.52468
19,0.41471
20,-0.025203
21,0.57967
22,0.11227000000000001
23,-0.43762
