time,value
0,-0.9686
1,-1.2708
2,-1.4866
3,-1.5514
4,-1.5730000000000002
5,-1.4219
6,-1.1197
7,-0.5153300000000001
8,0.56389
9,1.2329999999999999
10,1.3409
11,1.2329999999999999
12,1.0603
13,0.43438000000000004
14,0.45597
15,0.62864
16,0.5423100000000001
17,0.52072
18,0.36963
19,1.0172
20,0.77973
21,0.34805
22,-0.10522000000000001
23,-0.5153300000000001
