time,value
0,-1.0304
1,-1.4422
2,-1.2363
3,-1.6275
4,-1.5658
5,-1.4628
6,-1.0922
7,-0.06263099999999999
8,0.41096000000000005
9,1.0699
10,1.0905
11,0.9463299999999999
12,0.74042
13,0.3286
14,0.34919
15,0.39037
16,0.53451
17,0.9669200000000001
18,1.4199
19,1.1522
20,0.65805
21,0.28742
22,-0.14499
23,-0.6803600000000001
