time,value
0,0.54977
1,-0.2042
2,-0.6889
3,-0.9581799999999999
4,-1.1197
5,-1.1197
6,-1.8199
7,-1.766
8,-1.0659
9,0.11893
10,0.8729
11,0.8729
12,0.98062
13,0.6574800000000001
14,0.2805
15,-0.15035
16,-0.2042
17,-0.47348
18,-0.25806
19,0.01122
20,0.92676
21,1.4653
22,1.6807
23,1.4115
