time,value
0,-0.89646
1,-1.2156
2,-1.5347
3,-1.6677
4,-1.6145
5,-1.5347
6,-1.1624
7,0.0077567999999999995
8,0.75241
9,1.2843
10,1.2577
11,1.1513
12,0.9651700000000001
13,0.43327
14,0.38008000000000003
15,0.5928399999999999
16,0.45987
17,0.22050999999999998
18,0.3003
19,0.8056
20,0.9917600000000001
21,0.56625
22,-0.072027
23,-0.47095
