time,value
0,-0.76047
1,-1.1518
2,-1.3474
3,-1.4592
4,-1.5151
5,-1.3195
6,-1.4872
7,-0.56482
8,0.69293
9,1.2519
10,1.2799
11,1.3078
12,1.1122
13,0.80472
14,0.9165200000000001
15,0.8885700000000001
16,0.86062
17,0.66498
18,0.38548000000000004
19,0.21778000000000003
20,-0.0058229
21,-0.11762
22,-0.14557
23,-0.5089199999999999
