time,value
0,-0.7468
1,-1.1036
2,-1.3506
3,-1.4879
4,-1.5428
5,-1.3506
6,-1.5977
7,-0.6370100000000001
8,0.37855
9,1.3118
10,1.3118
11,1.2569
12,1.0098
13,0.76281
14,0.7902600000000001
15,0.98239
16,0.9274899999999999
17,0.68047
18,0.48833000000000004
19,0.18641
20,-0.14296
21,-0.11550999999999999
22,0.13152
23,-0.14296
