time,value
0,-0.8074600000000001
1,-1.1209
2,-1.3774
3,-1.4914
4,-1.4914
5,-1.2919
6,-1.2634
7,-0.60797
8,0.24699000000000002
9,1.2159
10,1.3014
11,1.5579
12,1.3299
13,0.93095
14,0.78846
15,0.7599600000000001
16,0.93095
17,0.6459699999999999
18,0.41798
19,0.07599600000000001
20,-0.12349
21,-0.23749
22,-0.15199000000000001
23,-0.23749
