time,value
0,-0.97955
1,-1.2933
2,-1.5622
3,-1.6071
4,-1.6519
5,-1.4502
6,-1.1364
7,-0.28481
8,0.70128
9,1.2167
10,1.1719
11,1.0823
12,0.85816
13,0.52199
14,0.40993999999999997
15,0.45476000000000005
16,0.61164
17,0.40993999999999997
18,0.43235
19,1.0375
20,1.015
21,0.47717
22,-0.015875
23,-0.41928000000000004
