time,value
0,-0.39885
1,-1.2805
2,-1.4694
3,-1.5324
4,-1.5954
5,-1.4065
6,-0.9656299999999999
7,-1.0916
8,0.10496
9,1.2385
10,1.2385
11,1.3645
12,1.3015
13,0.86067
14,0.60877
15,0.60877
16,0.60877
17,0.67174
18,0.23091
19,-0.083968
20,-0.33587
21,0.7977
22,0.54579
23,-0.020992
