time,value
0,0.037116
1,-0.64407
2,-0.9060600000000001
3,-1.1681
4,-1.2205
5,-1.1681
6,-0.59167
7,-0.64407
8,-0.9584600000000001
9,-0.27728
10,0.6135
11,0.5087
12,0.40391
13,-0.22488000000000002
14,-0.015283000000000001
15,-0.17248
16,-0.38206999999999997
17,-0.48686999999999997
18,-0.32968000000000003
19,0.35151
20,2.1855
21,2.2903
22,1.8187
23,0.98029
