time,value
0,-0.59936
1,-1.026
2,-1.3308
3,-1.6051
4,-1.6051
5,-1.7879
6,-1.0565
7,-0.35555
8,0.89397
9,1.0768
10,1.1683
11,1.2292
12,0.83301
13,0.31492
14,0.010159
15,0.040635000000000004
16,0.19302
17,0.43682
18,1.2597
19,1.2292
20,0.86349
21,0.40635
22,0.010159
23,-0.59936
