time,value
0,-1.0021
1,-1.34
2,-1.499
3,-1.499
4,-1.5785
5,-1.5189
6,-1.1214
7,-0.2468
8,0.40912
9,1.0452
10,1.1247
11,1.0054
12,0.78677
13,0.46875
14,0.44887
15,0.58801
16,0.64764
17,0.92591
18,1.1644
19,1.0452
20,0.70727
21,0.25011
22,-0.2468
23,-0.56482
