time,value
0,-0.64769
1,-1.0506
2,-1.3192
3,-1.4199
4,-1.6549
5,-1.5877
6,-1.1177
7,-0.21123000000000003
8,0.99741
9,1.2996
10,1.4674
11,1.031
12,0.89669
13,0.42666000000000004
14,-0.17765999999999998
15,-0.14409
16,-0.11051
17,0.057354999999999996
18,0.39309
19,1.6017
20,1.031
21,0.5273800000000001
22,0.090928
23,-0.3791
