time,value
0,-0.29284
1,-1.0046
2,-1.227
3,-1.5384
4,-1.4494
5,-1.3604
6,-1.138
7,0.018534000000000002
8,0.24095
9,1.2196
10,1.3975
11,1.1306
12,0.8192200000000001
13,0.018534000000000002
14,-0.20388
15,-0.070431
16,-0.33733
17,-0.42628999999999995
18,-0.42628999999999995
19,0.46336000000000005
20,1.8868
21,1.6644
22,0.50784
23,0.1075
