time,value
0,0.15635
1,-0.49882
2,-1.0349
3,-1.1540000000000001
4,-1.4518
5,-1.4518
6,-1.7496
7,-1.0944
8,0.15635
9,1.6453
10,1.8836
11,1.6453
12,1.4071
13,0.57327
14,0.037225
15,0.27547
16,0.45415
17,0.096785
18,0.096785
19,0.096785
20,-0.32014000000000004
21,-0.20102
22,0.27547
23,0.15635
