time,value
0,-0.9583799999999999
1,-1.3361
2,-1.4753
3,-1.5747
4,-1.6343
5,-1.4554
6,-1.0777
7,-0.18306
8,0.71154
9,1.1887
10,1.2085
11,1.1489
12,0.9103399999999999
13,0.33382
14,0.41334
15,0.41334
16,0.53262
17,0.53262
18,1.1489
19,1.0296
20,0.57238
21,0.2543
22,-0.1433
23,-0.5607800000000001
