time,value
0,-1.1398
1,-1.3178
2,-1.4512
3,-1.6514
4,-1.5847
5,-1.3623
6,-0.98416
7,-0.094524
8,0.50598
9,1.1065
10,1.0398
11,0.9063200000000001
12,0.75063
13,0.43926000000000004
14,0.26133
15,0.41702
16,0.37254
17,0.5504600000000001
18,1.4401
19,1.3067
20,0.8396
21,0.3503
22,-0.11677
23,-0.5838300000000001
