time,value
0,-0.8869799999999999
1,-1.3925
2,-1.5329
3,-1.5329
4,-1.7295
5,-1.4487
6,-0.9993200000000001
7,-0.38147
8,0.65763
9,1.4159
10,1.2755
11,1.2474
12,0.96655
13,0.60146
14,0.62955
15,0.7699699999999999
16,0.7699699999999999
17,0.37679
18,0.20829
19,0.26446
20,0.20829
21,0.65763
22,0.15212
23,-0.29722
