time,value
0,0.9935700000000001
1,0.010918
2,-0.44765
3,-0.64418
4,-0.7752
5,-0.8407100000000001
6,-1.8889
7,-1.7579
8,-1.1028
9,-0.25111999999999995
10,0.40398
11,0.535
12,0.66602
13,0.14194
14,-0.25111999999999995
15,-0.18561
16,-0.18561
17,-0.1201
18,-0.18561
19,-0.054591999999999995
20,0.535
21,0.9935700000000001
22,2.3693
23,2.0417
