time,value
0,-0.87992
1,-1.3649
2,-1.5266
3,-1.6277
4,-1.567
5,-1.5064
6,-1.1831
7,-0.17262
8,0.99949
9,1.0399
10,1.0197
11,0.91866
12,0.7772
13,0.43365
14,0.45386000000000004
15,0.45386000000000004
16,0.49427
17,0.61553
18,1.2218
19,1.0601
20,0.67615
21,0.3326
22,-0.21303000000000002
23,-0.45553999999999994
