time,value
0,-1.0182
1,-1.3705
2,-1.5215
3,-1.597
4,-1.6725
5,-1.4712
6,-0.9678700000000001
7,-0.54004
8,0.54213
9,1.3223
10,1.1713
11,1.1713
12,0.8944700000000001
13,0.5924699999999999
14,0.69313
15,0.6428
16,0.76863
17,0.69313
18,0.39113000000000003
19,0.4918
20,0.038799
21,0.7183
22,0.3408
23,-0.31354
