time,value
0,-0.985
1,-1.3499
2,-1.5121
3,-1.6135
4,-1.5730000000000002
5,-1.4513
6,-1.0255
7,-0.07265
8,0.61668
9,1.083
10,1.1033
11,0.98162
12,0.73833
13,0.39366
14,0.33284
15,0.45448999999999995
16,0.51531
17,0.8397
18,1.2857
19,1.1844
20,0.61668
21,0.27202
22,-0.1943
23,-0.6403300000000001
