time,value
0,-0.6092
1,-1.1017
2,-1.4711
3,-1.625
4,-1.6557
5,-1.4711
6,-1.1017
7,-0.17827
8,0.25266
9,0.99139
10,1.2069
11,1.1761
12,1.0222
13,0.37578
14,0.22188000000000002
15,-0.30139
16,-0.024368
17,0.89905
18,1.2376
19,1.33
20,0.83749
21,0.4989
22,-0.08592899999999999
23,-0.42451000000000005
