time,value
0,-0.78042
1,-1.3015
2,-1.4386
3,-1.5757
4,-1.6305
5,-1.466
6,-1.274
7,-0.67072
8,0.70043
9,1.2215
10,1.3037
11,1.194
12,1.0844
13,0.70043
14,0.67301
15,0.81013
16,0.81013
17,0.5633199999999999
18,0.4262
19,0.28909
20,0.097124
21,0.097124
22,0.31651
23,-0.14968
