time,value
0,-0.35789
1,-0.8371200000000001
2,-1.3163
3,-1.3901
4,-1.5007
5,-1.3532
6,-1.1689
7,-0.68966
8,-0.76339
9,0.010752
10,0.6005699999999999
11,0.71116
12,0.6743
13,0.15821
14,-0.099839
15,-0.1367
16,-0.24729
17,0.96921
18,1.4484
19,1.7434
20,1.5590000000000002
21,1.2641
22,0.6743
23,0.047616000000000006
