time,value
0,-0.75455
1,-1.1771
2,-1.3582
3,-1.4487
4,-1.5091
5,-1.328
6,-1.2677
7,-0.66401
8,0.63383
9,1.0866
10,1.328
11,1.2677
12,1.328
13,0.81492
14,0.72437
15,0.96583
16,0.9960100000000001
17,0.75455
18,0.54328
19,0.060364
20,-0.30182
21,-0.36219
22,-0.030182
23,-0.30182
