time,value
0,0.050085000000000005
1,-0.55093
2,-1.0317
3,-1.1519
4,-1.2721
5,-0.91154
6,-0.43073
7,-1.8732
8,-1.1519
9,0.29049
10,0.5309
11,0.89151
12,0.6511
13,0.29049
14,-1.0317
15,0.41068999999999994
16,0.5309
17,0.050085000000000005
18,0.41068999999999994
19,0.050085000000000005
20,0.050085000000000005
21,2.2137
22,1.7329
23,1.2521
