time,value
0,-0.71029
1,-1.226
2,-1.5293
3,-1.6809
4,-1.6203
5,-1.4686
6,-1.1956
7,-0.2553
8,0.44235
9,1.2309999999999999
10,1.3827
11,1.14
12,1.0187
13,0.62435
14,0.59402
15,0.7760100000000001
16,0.74568
17,0.44235
18,-0.10364000000000001
19,-0.042970999999999995
20,0.80635
21,0.80635
22,0.19969
23,-0.37663
