time,value
0,-1.0687
1,-1.2622
2,-1.5042
3,-1.6252
4,-1.6252
5,-1.5526
6,-1.238
7,-0.028229
8,0.60087
9,1.23
10,1.1574
11,1.23
12,0.91543
13,0.6734600000000001
14,0.6734600000000001
15,0.55248
16,0.62507
17,0.26213000000000003
18,0.14115
19,0.31051999999999996
20,0.9396200000000001
21,0.64927
22,0.21373000000000003
23,-0.27019
