time,value
0,-0.25090999999999997
1,-0.9283600000000001
2,-1.2295
3,-1.38
4,-1.5305
5,-1.3047
6,-1.0036
7,-1.38
8,-0.025091
9,1.1793
10,1.4051
11,1.5556
12,1.5556
13,0.87818
14,0.72763
15,0.35126999999999997
16,0.42654
17,0.35126999999999997
18,-0.025091
19,-0.17564000000000002
20,-0.7025399999999999
21,0.95345
22,0.57709
23,-0.025091
