time,value
0,-0.94885
1,-1.4754
2,-1.6597
3,-1.607
4,-1.607
5,-1.5544
6,-1.0542
7,-0.18538
8,0.60441
9,1.1046
10,1.2099
11,1.052
12,0.84135
13,0.57809
14,0.5254300000000001
15,0.6570699999999999
16,0.76237
17,0.36746999999999996
18,0.18319000000000002
19,0.42013
20,1.052
21,0.6833899999999999
22,0.15686
23,-0.1064
