time,value
0,0.29156
1,-0.52796
2,-1.0323
3,-1.4736
4,-1.4105
5,-1.1584
6,-1.9779
7,-1.1584
8,0.0394
9,1.4263
10,1.9306
11,1.5524
12,1.1111
13,0.48068
14,0.22851999999999997
15,0.16548
16,0.16548
17,0.16548
18,0.0394
19,0.16548
20,0.0394
21,-0.2758
22,0.92195
23,0.29156
