time,value
0,-0.98888
1,-1.2951
2,-1.5795
3,-1.5139
4,-1.5795
5,-1.492
6,-1.1639
7,-0.24516999999999997
8,0.65166
9,1.2641
10,1.1548
11,1.0454
12,0.8922700000000001
13,0.58604
14,0.38916999999999996
15,0.65166
16,0.76103
17,0.56417
18,0.52042
19,1.0235
20,0.73916
21,0.3673
22,-0.17955
23,-0.57328
