time,value
0,-0.76695
1,-1.1732
2,-1.4271
3,-1.3763
4,-1.5794
5,-1.4778
6,-1.5794
7,-0.71617
8,0.37554
9,0.88331
10,1.1118
11,1.3657
12,1.061
13,0.78176
14,0.75637
15,0.88331
16,1.0356
17,0.78176
18,0.62943
19,0.37554
20,0.17243
21,-0.13223
22,0.14704
23,-0.13223
