time,value
0,-0.9144700000000001
1,-1.1896
2,-1.4647
3,-1.4952
4,-1.587
5,-1.4952
6,-0.94504
7,-0.9144700000000001
8,0.33879000000000004
9,1.103
10,1.2558
11,1.2252
12,1.0113
13,0.82786
14,0.9195700000000001
15,1.0113
16,1.0418
17,0.73616
18,0.46106
19,0.12482
20,-0.02802
21,-0.058587
22,0.15538
23,-0.11972000000000001
