time,value
0,-1.0284
1,-1.1061
2,-1.5982
3,-1.5982
4,-1.6499
5,-1.4428
6,-1.1320000000000001
7,-0.43272
8,0.47373000000000004
9,0.68091
10,0.9399
11,0.8363
12,0.78451
13,0.47373000000000004
14,0.24064000000000002
15,0.42193
16,0.37013
17,1.1989
18,1.3802
19,1.3025
20,0.8363
21,0.21474000000000001
22,0.085249
23,-0.25143000000000004
