time,value
0,-0.0058192
1,-0.65757
2,-1.0766
3,-1.1231
4,-1.0766
5,-1.1697
6,-0.93689
7,-0.47135
8,-0.79723
9,0.087288
10,0.7390399999999999
11,0.92525
12,0.92525
13,0.22695
14,-0.28514
15,-0.61101
16,-0.70412
17,-0.84378
18,-0.47135
19,1.6236
20,2.0425
21,1.7167
22,1.1115
23,0.83214
