time,value
0,-0.92025
1,-1.2783
2,-1.5261
3,-1.6363
4,-1.6913
5,-1.3333
6,-1.0304
7,-0.56225
8,0.62192
9,1.4481
10,1.393
11,1.035
12,1.035
13,0.48422
14,0.67699
15,0.70453
16,0.59438
17,0.31899
18,0.1813
19,0.23636999999999997
20,0.071142
21,0.8697600000000001
22,0.59438
23,-0.28686
