time,value
0,-0.8177300000000001
1,-1.1448
2,-1.3827
3,-1.4422
4,-1.4124
5,-1.3232
6,-1.4719
7,-0.6987899999999999
8,0.3717
9,1.1448
10,1.2638
11,1.2935
12,1.1151
13,0.75826
14,0.90694
15,0.8474700000000001
16,1.0259
17,0.8772
18,0.66905
19,0.25275
20,-0.28249
21,-0.19328
22,-0.044603
23,-0.31222
