time,value
0,-1.1411
1,-1.4226
2,-1.5281
3,-1.5633
4,-1.5281
5,-1.4226
6,-1.0708
7,-0.26165
8,0.47713
9,1.1104
10,1.128
11,1.1104
12,0.9872299999999999
13,0.56507
14,0.5826600000000001
15,0.72338
16,0.72338
17,0.67061
18,0.9344600000000001
19,0.89928
20,0.47713
21,0.24846
22,-0.27924
23,-0.41996000000000006
