time,value
0,-0.81555
1,-1.2591
2,-1.5086
3,-1.6473
4,-1.675
5,-1.4809
6,-1.0928
7,-0.011552
8,0.54293
9,1.4301
10,1.4855
11,1.2638
12,1.0142
13,0.43203
14,0.57065
15,0.54293
16,0.5152
17,0.34886
18,0.23795999999999998
19,0.26569
20,0.737
21,0.54293
22,0.043896
23,-0.48286
