time,value
0,-0.8256700000000001
1,-1.2447
2,-1.5897
3,-1.6883
4,-1.5897
5,-1.5158
6,-1.1707
7,0.012323
8,0.89961
9,1.0228
10,1.2447
11,1.22
12,0.8503200000000001
13,0.43132
14,0.40667
15,0.40667
16,0.40667
17,0.2095
18,0.25879
19,1.1461
20,0.89961
21,0.60385
22,0.13555999999999999
23,-0.52991
