time,value
0,-0.32721999999999996
1,-0.75461
2,-1.182
3,-1.4491
4,-1.3957
5,-1.2354
6,-0.9148799999999999
7,-0.32721999999999996
8,0.15359
9,1.8631
10,1.4892
11,1.6495
12,1.0084
13,0.26044
14,-0.38064000000000003
15,-0.22036999999999998
16,-0.38064000000000003
17,-0.54091
18,-0.43406999999999996
19,-0.32721999999999996
20,1.4892
21,1.1686
22,0.58098
23,0.20701999999999998
