time,value
0,-0.9038299999999999
1,-1.2475
2,-1.389
3,-1.6316
4,-1.6923
5,-1.3486
6,-1.1666
7,-0.27713000000000004
8,0.99649
9,1.2189
10,1.2189
11,0.99649
12,0.7741100000000001
13,0.43044
14,0.36979
15,0.39
16,0.43044
17,0.59216
18,1.1178
19,1.1178
20,0.59216
21,0.26871
22,-0.25690999999999997
23,-0.60059
