time,value
0,-1.0006
1,-1.2071
2,-1.4912
3,-1.4912
4,-1.4912
5,-1.3879
6,-1.3362
7,-0.58743
8,0.29049
9,1.0909
10,1.2459
11,1.2717
12,0.9618399999999999
13,0.80691
14,0.83273
15,0.9618399999999999
16,1.0393
17,0.8843799999999999
18,0.47123999999999994
19,0.21302
20,-0.071008
21,-0.071008
22,0.16138
23,-0.09683
