time,value
0,-0.15342999999999998
1,-0.76713
2,-1.2392
3,-1.3336
4,-1.5697
5,-1.3336
6,-0.95596
7,-0.90875
8,0.6019
9,1.5461
10,1.6877
11,1.6405
12,0.97956
13,0.27144
14,0.035406
15,-0.24784
16,-0.43667
17,-0.34226
18,-0.29505
19,0.035406
20,0.88515
21,1.5461
22,0.36586
23,-0.011802
