time,value
0,-1.0616
1,-1.3878
2,-1.5328
3,-1.6053
4,-1.4784
5,-1.4603
6,-1.0616
7,-0.24616
8,0.69618
9,1.0224
10,1.1311
11,0.98613
12,0.98613
13,0.49683999999999995
14,0.6237
15,0.53309
16,0.73243
17,1.0767
18,1.0043
19,0.78679
20,0.47872
21,-0.028693
22,-0.19179000000000002
23,-0.49986
