time,value
0,0.57649
1,-0.17924
2,-0.76057
3,-0.9349700000000001
4,-1.0512
5,-1.2256
6,-1.1094
7,-1.9232
8,-0.87684
9,0.16955
10,0.69275
11,1.0416
12,0.9252799999999999
13,0.40209
14,-0.29551
15,-0.29551
16,-0.52804
17,-0.64431
18,-0.41178000000000003
19,0.75089
20,1.216
21,2.0298
22,1.4485
23,0.9834200000000001
