time,value
0,-0.34868000000000005
1,-1.0735
2,-1.37
3,-1.5018
4,-1.6336
5,-1.5347
6,-1.0405
7,-0.151
8,0.37613
9,1.1998
10,1.4963
11,1.068
12,0.67264
13,0.24435
14,-0.18395
15,-0.24984
16,-0.11805999999999998
17,-0.052164
18,1.2657
19,1.4963
20,1.2657
21,0.5079100000000001
22,0.07961900000000001
23,-0.41457
