time,value
0,-0.77112
1,-1.1307
2,-1.4074
3,-1.4627
4,-1.5734
5,-1.435
6,-1.6564
7,-0.74346
8,0.5014
9,1.2483
10,1.1377
11,1.1653
12,1.0547
13,0.7227100000000001
14,0.7227100000000001
15,0.9163600000000001
16,0.9440200000000001
17,0.69505
18,0.44608000000000003
19,0.28009
20,0.031122000000000004
21,0.11410999999999999
22,0.22476999999999997
23,-0.024206000000000002
