time,value
0,-0.75045
1,-1.0592
2,-1.2993
3,-1.6081
4,-1.6767
5,-1.5395
6,-1.1278
7,-0.68184
8,0.0042883
9,0.0042883
10,0.6561100000000001
11,0.6904100000000001
12,0.6904100000000001
13,0.34735
14,0.0042883
15,0.10720999999999999
16,0.38166
17,1.1021
18,1.1707
19,1.6853
20,1.2736
21,1.0335
22,0.58749
23,0.0042883
