time,value
0,-1.1518
1,-1.4172
2,-1.5830000000000002
3,-1.5167
4,-1.5333
5,-1.4006
6,-1.0358
7,-0.32268
8,0.44014
9,0.9044700000000001
10,1.0206
11,1.004
12,0.9708100000000001
13,0.62256
14,0.55623
15,0.7883899999999999
16,0.85472
17,1.0703
18,0.92106
19,0.85472
20,0.50648
21,0.17481
22,-0.22318000000000002
23,-0.5051
