time,value
0,-0.6823100000000001
1,-1.1271
2,-1.433
3,-1.5442
4,-1.5164
5,-1.433
6,-1.6276
7,-0.71011
8,0.5687800000000001
9,1.3472
10,1.2638
11,1.236
12,0.93021
13,0.7077899999999999
14,0.7077899999999999
15,0.87461
16,0.87461
17,0.45758000000000004
18,0.40197
19,0.17955
20,-0.070664
21,0.37417
22,0.31856999999999996
23,-0.098466
