time,value
0,-0.73552
1,-0.9331200000000001
2,-1.3942
3,-1.5259
4,-1.5259
5,-1.3942
6,-0.9989899999999999
7,-1.1307
8,-0.47205
9,0.6477
10,1.5698
11,1.504
12,1.4381
13,0.6477
14,0.45009
15,0.45009
16,0.7794300000000001
17,0.7135600000000001
18,0.38423
19,-0.010978
20,0.25249
21,0.97703
22,0.45009
23,-0.14271
