time,value
0,-1.1096
1,-1.3358
2,-1.5003
3,-1.6031
4,-1.5825
5,-1.5208
6,-1.1507
7,-0.12252
8,0.67945
9,0.9467700000000001
10,1.1113
11,1.0907
12,0.88508
13,0.6177600000000001
14,0.47381
15,0.65888
16,0.63832
17,0.6177600000000001
18,0.57663
19,1.1113
20,0.7822600000000001
21,0.371
22,-0.10196000000000001
23,-0.53379
