time,value
0,-0.83519
1,-1.2801
2,-1.444
3,-1.725
4,-1.6548
5,-1.6079
6,-1.1864
7,-0.085861
8,0.61663
9,1.1552
10,1.1552
11,1.1318
12,0.8273799999999999
13,0.40589000000000003
14,0.4293
15,0.45271999999999996
16,0.5698
17,0.38247
18,0.61663
19,1.2489
20,0.80397
21,0.38247
22,-0.062444000000000006
23,-0.29661
