time,value
0,-1.0759999999999998
1,-1.3437
2,-1.5496
3,-1.6114
4,-1.6526
5,-1.4879
6,-1.0966
7,-0.10811
8,0.55087
9,1.1687
10,1.1687
11,1.0863
12,0.4685
13,0.4685
14,0.50968
15,0.5714600000000001
16,0.59206
17,0.5714600000000001
18,0.71562
19,1.2716
20,0.7568
21,0.36553
22,0.015444999999999999
23,-0.35523000000000005
