time,value
0,-0.9148200000000001
1,-1.3163
2,-1.5421
3,-1.5672
4,-1.6174
5,-1.4669
6,-1.0403
7,-0.51335
8,0.69108
9,1.2933
10,1.2682
11,1.3184
12,1.1678
13,0.66599
14,0.6158100000000001
15,0.69108
16,0.69108
17,0.46525
18,0.23942
19,0.3147
20,0.18924000000000002
21,0.5907100000000001
22,0.063776
23,-0.28752
