time,value
0,-0.7407100000000001
1,-1.1198
2,-1.5622
3,-1.6675
4,-1.6675
5,-1.52
6,-1.2041
7,-0.19308
8,0.41775
9,1.0918
10,1.2392
11,1.176
12,1.0707
13,0.5441199999999999
14,0.5230600000000001
15,0.62838
16,0.56519
17,0.37562
18,0.502
19,1.2603
20,0.64944
21,0.24924000000000002
22,-0.19308
23,-0.42477
