time,value
0,-0.97321
1,-1.3759
2,-1.537
3,-1.6175
4,-1.6444
5,-1.5101
6,-1.188
7,-0.060405999999999994
8,0.7987
9,1.2819
10,1.1209
11,1.0403
12,0.7450100000000001
13,0.47653999999999996
14,0.50338
15,0.61077
16,0.6913100000000001
17,0.36915
18,0.26176
19,0.55708
20,1.094
21,0.63762
22,0.10067999999999999
23,-0.38256999999999997
