time,value
0,-1.0527
1,-1.3426
2,-1.521
3,-1.6325
4,-1.5656
5,-1.4987
6,-1.1196
7,-0.58444
8,0.44135
9,1.1103
10,1.2664
11,1.0657
12,1.0211
13,0.64205
14,0.6643399999999999
15,0.6643399999999999
16,0.82044
17,0.61975
18,0.44135
19,0.50825
20,0.55285
21,0.6643399999999999
22,0.062252999999999996
23,-0.22764
