time,value
0,-0.29672
1,-0.79984
2,-0.95465
3,-1.2643
4,-1.4191
5,-1.4965
6,-1.0321
7,-0.64503
8,-0.99335
9,-0.14190999999999998
10,0.32252
11,0.36122
12,0.59343
13,0.24511
14,-0.33542
15,-0.29672
16,-0.33542
17,0.94175
18,1.4449
19,1.7932
20,1.8319
21,1.3288
22,0.78694
23,0.36122
