time,value
0,-0.84285
1,-1.1722
2,-1.5839
3,-1.6937
4,-1.7486
5,-1.5565
6,-1.1173
7,0.28247
8,0.74907
9,1.3255
10,1.3804
11,1.2431
12,0.88631
13,0.5295
14,0.44716000000000006
15,0.74907
16,0.6392800000000001
17,0.25503000000000003
18,0.20013
19,0.062899
20,0.36482
21,0.6392800000000001
22,0.17269
23,-0.21156999999999998
