time,value
0,-1.0917
1,-1.0543
2,-1.5401
3,-1.6149
4,-1.6336
5,-1.4654
6,-1.1103
7,-0.23203000000000001
8,0.85183
9,1.0948
10,1.0574
11,1.0761
12,0.83314
13,0.47808
14,0.38465
15,0.47808
16,0.49677
17,0.57152
18,1.1882
19,1.1508
20,0.59021
21,0.27252
22,-0.19466
23,-0.58709
