time,value
0,-1.0026
1,-1.1982
2,-1.4916
3,-1.5406
4,-1.7117
5,-1.4183
6,-1.1493
7,-0.3668
8,0.56242
9,1.0026
10,1.3205
11,0.9047700000000001
12,0.8803200000000001
13,0.24453000000000003
14,0.31789
15,0.46461
16,0.53797
17,0.70914
18,1.2471
19,1.1982
20,0.6602399999999999
21,0.3668
22,-0.14672000000000002
23,-0.39125
