time,value
0,-0.67615
1,-1.0995
2,-1.2124
3,-1.297
4,-1.297
5,-1.4381
6,-1.2406
7,-0.9019299999999999
8,0.39628
9,1.1865
10,1.4123
11,1.3276
12,1.1865
13,0.76317
14,0.7913899999999999
15,0.98895
16,0.96072
17,1.0454
18,0.48095
19,0.33984000000000003
20,-0.36571
21,-0.45038
22,-0.28104
23,-0.61971
