time,value
0,0.38587
1,-0.085023
2,-1.0268
3,-1.2361
4,-1.2884
5,-1.1838
6,-0.97449
7,-1.3931
8,-0.60824
9,0.17659
10,0.38587
11,0.75213
12,0.54284
13,0.019621
14,-0.13734000000000002
15,-0.55592
16,-0.55592
17,-0.55592
18,0.07194199999999999
19,1.7986
20,2.1125
21,1.5893
22,1.1707
23,0.59516
