time,value
0,-0.18635
1,-0.52389
2,-0.98801
3,-1.2412
4,-1.2412
5,-1.3677
6,-0.9458200000000001
7,-1.1568
8,-0.9036200000000001
9,0.024612000000000002
10,0.36215
11,0.40434000000000003
12,0.48873
13,0.31995999999999997
14,-0.35512
15,-0.52389
16,-0.31293000000000004
17,-0.14415999999999998
18,1.3326
19,1.8389
20,1.8389
21,1.5435
22,1.1216
23,0.61531
