time,value
0,-0.050946
1,-0.89744
2,-1.1796
3,-1.0855
4,-1.1796
5,-0.99149
6,-1.4618
7,-1.0855
8,0.32527
9,1.2658
10,1.1718
11,1.1718
12,2.0183
13,0.9836600000000001
14,0.23121999999999998
15,-0.050946
16,0.32527
17,-0.145
18,-0.42717
19,-0.61527
20,-0.99149
21,1.3599
22,0.70149
23,0.60744
