time,value
0,-0.80967
1,-1.4769
2,-1.5603
3,-1.7827
4,-1.5325
5,-1.4491
6,-1.2267
7,-0.003475
8,0.6359199999999999
9,1.2197
10,1.3587
11,1.1641
12,0.9417200000000001
13,0.49692
14,0.66372
15,0.6359199999999999
16,0.69152
17,0.41352
18,0.10772000000000001
19,0.24672
20,0.49692
21,0.71932
22,0.16332
23,-0.11467000000000001
