time,value
0,-1.0706
1,-1.4155
2,-1.5664
3,-1.6526
4,-1.6526
5,-1.5233
6,-0.96283
7,-0.10059
8,0.65386
9,1.1281
10,1.1281
11,1.0634
12,0.7831899999999999
13,0.35208
14,0.37363
15,0.65386
16,0.5676399999999999
17,0.41675
18,0.6323
19,1.0634
20,0.89097
21,0.54608
22,0.071853
23,-0.38082
