time,value
0,-0.7125100000000001
1,-1.0615
2,-1.4687
3,-1.3523
4,-1.7013
5,-1.4105
6,-0.9451700000000001
7,-1.1778
8,0.39261
9,1.2069
10,1.3232
11,1.2651
12,1.2069
13,0.97425
14,0.62527
15,0.79976
16,0.62527
17,0.45077
18,-0.13087000000000001
19,0.10178999999999999
20,-0.36353
21,0.97425
22,0.33445
23,0.043623
