time,value
0,-0.8903700000000001
1,-1.2706
2,-1.5368
3,-1.4987
4,-1.6128
5,-1.5177
6,-1.3086
7,-0.33904
8,0.83967
9,1.1629
10,0.9537399999999999
11,0.80165
12,0.68758
13,0.30735
14,0.40241
15,0.5354899999999999
16,0.80165
17,1.0868
18,1.1248
19,0.9917600000000001
20,0.49746999999999997
21,0.28834
22,-0.034854
23,-0.47212
