time,value
0,-0.8887
1,-1.2778
2,-1.4481
3,-1.6426
4,-1.5453
5,-1.521
6,-1.1562
7,-0.47526
8,0.54619
9,0.9596399999999999
10,0.93532
11,0.86235
12,0.66779
13,0.37595
14,0.61915
15,0.27867
16,0.5705100000000001
17,0.49755
18,1.3974
19,1.3244
20,0.91099
21,0.52187
22,-0.013172999999999999
23,-0.49958
