time,value
0,-0.5069600000000001
1,-1.1074
2,-1.455
3,-1.5183
4,-1.5499
5,-1.4234
6,-1.2022
7,-0.19093
8,0.5043300000000001
9,1.168
10,1.3259999999999998
11,1.1364
12,0.85196
13,0.2199
14,-0.19093
15,-0.25414000000000003
16,-0.15933
17,0.59914
18,1.2628
19,1.4524
20,1.1364
21,0.37792
22,-0.19093
23,-0.28574
