time,value
0,-0.87003
1,-1.186
2,-1.6073
3,-1.6073
4,-1.6336
5,-1.581
6,-1.1597
7,-0.63305
8,0.57819
9,1.0522
10,1.2365
11,1.0522
12,0.89417
13,0.39387
14,0.47286999999999996
15,0.63085
16,0.94683
17,0.81517
18,0.65718
19,0.68352
20,0.44653000000000004
21,0.63085
22,-0.0010970999999999997
23,-0.21175
