time,value
0,-0.79709
1,-1.3033
2,-1.5698
3,-1.6763
4,-1.5431
5,-1.5165
6,-1.2234
7,-0.21093
8,0.61502
9,1.3344
10,1.4943
11,1.2278
12,0.98803
13,0.53509
14,0.4818
15,0.64167
16,0.61502
17,0.50845
18,0.13544
19,0.24201
20,0.21536999999999998
21,0.7216
22,0.24201
23,-0.15764
