time,value
0,-0.45333999999999997
1,-0.93824
2,-1.2109999999999999
3,-1.5747
4,-1.4838
5,-1.4232
6,-1.5747
7,-0.81702
8,0.39525
9,1.3045
10,1.3045
11,1.3045
12,1.0923
13,0.66801
14,0.75893
15,1.0014
16,1.0014
17,0.84985
18,0.33464
19,0.1528
20,-0.2715
21,-0.42303
22,-0.029044
23,0.031569
