time,value
0,-0.20468
1,-0.8385299999999999
2,-1.4328
3,-1.4328
4,-1.5119999999999998
5,-1.4724
6,-1.3931
7,-0.12545
8,0.46878000000000003
9,1.2611
10,1.4988
11,1.3403
12,0.8649399999999999
13,-0.006602600000000001
14,-0.48199
15,-0.046218
16,-0.046218
17,-0.16505999999999998
18,0.27071
19,1.6573
20,1.0234
21,0.8649399999999999
22,0.31032
23,-0.40276
