time,value
0,-0.77651
1,-1.3845
2,-1.6183
3,-1.5481
4,-1.4078
5,-1.5248
6,-1.1273
7,-0.54268
8,0.6030800000000001
9,1.1175
10,1.0006
11,1.1643
12,0.81353
13,0.8836799999999999
14,0.41602
15,0.5797
16,0.6030800000000001
17,0.55632
18,0.64985
19,1.2344
20,0.74338
21,0.36926
22,-0.26208000000000004
23,-0.54268
