time,value
0,-0.86003
1,-1.1957
2,-1.6511
3,-1.6991
4,-1.5313
5,-1.5073
6,-1.0758
7,-0.47646000000000005
8,0.69821
9,1.2736
10,1.0818
11,0.9619200000000001
12,0.77013
13,0.48246000000000006
14,0.29067
15,0.48246000000000006
16,0.60232
17,0.55438
18,0.50643
19,1.3455
20,0.89
21,0.45848
22,-0.044949
23,-0.3566
