time,value
0,-0.6708
1,-1.1687
2,-1.556
3,-1.5007
4,-1.6113
5,-1.4453
6,-1.0027
7,-1.1134
8,0.38035
9,0.82294
10,1.2655
11,1.3209
12,1.0996
13,0.71229
14,0.9335899999999999
15,0.9889100000000001
16,0.6569699999999999
17,0.2697
18,0.2697
19,0.10372999999999999
20,-0.28353
21,0.9889100000000001
22,0.43567
23,0.10372999999999999
