time,value
0,-0.84849
1,-1.3591
2,-1.5225
3,-1.5225
4,-1.5225
5,-1.5225
6,-1.1957
7,-0.27659
8,0.64254
9,1.2349
10,1.2144
11,1.0715
12,0.80594
13,0.51999
14,0.51999
15,0.56084
16,0.56084
17,0.56084
18,1.0919
19,1.0715
20,0.56084
21,0.091061
22,-0.25616
23,-0.48084
