time,value
0,0.19842
1,-0.30286
2,-1.0548
3,-1.0548
4,-1.3054
5,-1.2052
6,-0.8542700000000001
7,-0.60363
8,-1.0047
9,-0.15247
10,0.44906999999999997
11,0.95035
12,0.90022
13,0.39894
14,-0.25273
15,-0.15247
16,-0.50337
17,-0.5535
18,-0.60363
19,-0.15247
20,1.8527
21,2.1033
22,1.7524
23,1.1509
