time,value
0,-0.8491200000000001
1,-1.3155
2,-1.5667
3,-1.6026
4,-1.6385
5,-1.4232
6,-1.1362
7,-0.59797
8,0.40662
9,1.0524
10,1.2677
11,1.3036
12,1.1959
13,0.65777
14,0.65777
15,0.65777
16,0.8730399999999999
17,0.6218899999999999
18,0.37074
19,0.11959000000000002
20,0.011959000000000001
21,0.72953
22,0.15547
23,0.047838
