time,value
0,-0.9803299999999999
1,-1.285
2,-1.5027
3,-1.6333
4,-1.655
5,-1.3939
6,-1.1109
7,-0.5232600000000001
8,0.71733
9,1.2397
10,1.3703
11,1.2397
12,1.0656
13,0.60851
14,0.69557
15,0.8043899999999999
16,0.71733
17,0.41263
18,0.23851
19,0.23851
20,0.21674000000000002
21,0.5432100000000001
22,0.10792
23,-0.1315
