time,value
0,-0.7893899999999999
1,-1.29
2,-1.4481
3,-1.6326
4,-1.6589
5,-1.5008
6,-1.1846
7,-0.68399
8,0.42268999999999995
9,1.0551
10,1.3449
11,1.2132
12,1.1341
13,0.68619
14,0.50174
15,0.68619
16,0.7915800000000001
17,0.52809
18,0.44903999999999994
19,0.50174
20,0.44903999999999994
21,0.5807899999999999
22,0.1592
23,-0.3151
