time,value
0,-1.1004
1,-1.3755
2,-1.5506
3,-1.6506
4,-1.6256
5,-1.5756
6,-1.2005
7,-0.20008
8,0.47518
9,1.0004
10,1.1504
11,1.0754
12,0.65025
13,0.5001899999999999
14,0.6752600000000001
15,0.72528
16,0.7753
17,0.60023
18,0.42516000000000004
19,0.47518
20,0.9753700000000001
21,0.6752600000000001
22,0.15006
23,-0.050019
