time,value
0,-1.1038
1,-1.3687
2,-1.5958
3,-1.6147
4,-1.5958
5,-1.3687
6,-1.1606
7,-0.19552999999999998
8,0.9587399999999999
9,1.0533
10,1.0155
11,0.88305
12,0.76951
13,0.42891
14,0.35322
15,0.39105999999999996
16,0.5424399999999999
17,0.93981
18,1.0912
19,1.0155
20,0.6749
21,0.25861
22,-0.006307500000000001
23,-0.36583000000000004
