time,value
0,-1.014
1,-1.3646
2,-1.5491
3,-1.6414
4,-1.6414
5,-1.4753
6,-1.1247
7,-0.27599
8,0.49893999999999994
9,0.96021
10,0.99711
11,0.96021
12,0.83106
13,0.64655
14,0.6281
15,0.75725
16,0.8679600000000001
17,0.7019
18,0.9786600000000001
19,0.90486
20,0.5912
21,0.29598
22,-0.12839
23,-0.40515
