time,value
0,-1.0245
1,-1.3517
2,-1.5263
3,-1.6572
4,-1.5917
5,-1.4827
6,-1.0463
7,-0.21725999999999998
8,0.65542
9,1.1354
10,1.0699
11,0.9826799999999999
12,0.76451
13,0.30635
14,0.34998
15,0.43725
16,0.45907
17,0.5463399999999999
18,1.3536
19,1.1572
20,0.69905
21,0.32816
22,-0.086359
23,-0.2609
