time,value
0,-0.47338
1,-0.55173
2,-1.061
3,-1.4136
4,-1.4528
5,-1.1394
6,-1.1786
7,-0.6300899999999999
8,-0.9435
9,-0.042441
10,0.34931999999999996
11,0.7802600000000001
12,0.7802600000000001
13,0.27097
14,-0.12079000000000001
15,-0.15997
16,-0.4342
17,-0.39503
18,0.7802600000000001
19,1.7988
20,1.7205
21,1.5638
22,1.3679
23,0.58438
