time,value
0,-0.8216100000000001
1,-1.2135
2,-1.6055
3,-1.5319999999999998
4,-1.8014
5,-1.4585
6,-1.238
7,-0.18474000000000002
8,0.5501199999999999
9,1.285
10,1.1625
11,0.94205
12,0.77058
13,0.6726
14,0.35416
15,0.42765
16,0.52563
17,0.28068000000000004
18,0.42765
19,1.383
20,0.79508
21,0.5501199999999999
22,-0.037764
23,-0.23373000000000002
