time,value
0,-0.8412799999999999
1,-1.1828
2,-1.5029
3,-1.6096
4,-1.6096
5,-1.5243
6,-1.2468
7,-0.1583
8,0.61006
9,1.1436
10,1.0156
11,0.99424
12,0.80215
13,0.37529
14,0.50335
15,0.46066
16,0.58872
17,0.80215
18,1.229
19,1.1223
20,0.63141
21,0.24723
22,-0.32904
23,-0.52113
