time,value
0,-0.8475600000000001
1,-1.3371
2,-1.435
3,-1.7288
4,-1.6553
5,-1.6309
6,-1.2147
7,-0.06425499999999999
8,0.5966600000000001
9,1.1352
10,1.1352
11,0.9148700000000001
12,0.74353
13,0.40083
14,0.35186999999999996
15,0.49873999999999996
16,0.5477
17,0.57218
18,0.74353
19,1.2819999999999998
20,0.7924800000000001
21,0.44978999999999997
22,-0.015299
23,-0.2356
