time,value
0,-0.15475999999999998
1,-0.94501
2,-1.3401
3,-1.6562
4,-1.5772
5,-1.4192
6,-0.86598
7,-1.2611
8,-0.07573200000000001
9,0.7145199999999999
10,1.4257
11,1.5048
12,1.3467
13,1.1096
14,0.7935399999999999
15,0.55647
16,0.63549
17,0.47744
18,0.16134
19,-0.23378000000000002
20,-0.54988
21,0.16134
22,0.8725700000000001
23,0.31939
