time,value
0,-0.76098
1,-1.2409
2,-1.4949
3,-1.5514
4,-1.5796
5,-1.5231
6,-1.1279
7,-0.11174
8,0.67865
9,1.6102
10,1.4408
11,1.2714
12,1.0738
13,0.6221899999999999
14,0.5092800000000001
15,0.65042
16,0.65042
17,0.5092800000000001
18,-0.33755999999999997
19,0.057632
20,0.19877
21,0.5657300000000001
22,0.0011762
23,-0.11174
