time,value
0,-0.81717
1,-1.3187
2,-1.5826
3,-1.6882
4,-1.6882
5,-1.3187
6,-1.1339
7,-0.47402
8,0.37064
9,1.3209
10,1.0305
11,1.0305
12,0.81937
13,0.47622
14,0.39704
15,0.5554100000000001
16,0.50262
17,0.42343000000000003
18,0.29145
19,1.2945
20,0.9777399999999999
21,0.7401800000000001
22,0.053890999999999994
23,-0.26286
