time,value
0,0.0044605
1,-0.26316999999999996
2,-1.0125
3,-1.1731
4,-1.4943
5,-1.5478
6,-1.3337
7,-0.049065
8,0.64677
9,1.7173
10,1.6638
11,1.5567
12,1.1285
13,0.27209
14,-0.42375
15,-0.47726999999999997
16,-0.47726999999999997
17,-0.69138
18,-0.47726999999999997
19,-0.049065
20,1.3961
21,0.9144
22,0.27209
23,-0.10259000000000001
