time,value
0,1.103
1,0.41641000000000006
2,-0.27019
3,-0.42276
4,-0.8042100000000001
5,-0.72792
6,-1.9485
7,-1.6434
8,-0.72792
9,-0.1939
10,0.18754
11,0.34012
12,0.56898
13,0.26383
14,-0.11760999999999999
15,-0.34648
16,-0.49905
17,-0.27019
18,-0.34648
19,-0.1939
20,0.26383
21,0.56898
22,2.2473
23,2.5525
