time,value
0,-0.6158399999999999
1,-1.0447
2,-1.3746
3,-1.5396
4,-1.6716
5,-1.5396
6,-1.1767
7,-0.35191
8,0.17595
9,0.63783
10,1.0337
11,0.90176
12,0.5058699999999999
13,0.10997
14,-0.021994
15,-0.18695
16,0.14296
17,0.96775
18,1.4956
19,1.6936
20,1.1327
21,0.7698
22,0.10997
23,-0.15395999999999999
