time,value
0,-0.74074
1,-1.2762
2,-1.5707
3,-1.7314
4,-1.6511
5,-1.5172
6,-1.1691
7,-0.6872
8,0.59795
9,1.187
10,1.1602
11,1.1334
12,0.73182
13,0.59795
14,0.73182
15,0.73182
16,0.86569
17,0.59795
18,0.35698
19,0.19634000000000001
20,0.089246
21,0.81214
22,0.41053
23,0.14279
