time,value
0,-0.68362
1,-1.1989
2,-1.3345
3,-1.6057
4,-1.6599
5,-1.5243
6,-1.3074
7,-0.059888
8,0.40113000000000004
9,1.3774
10,1.4859
11,1.3232
12,1.2689
13,0.53673
14,0.50961
15,0.75368
16,0.50961
17,0.31978
18,0.26554
19,0.048588
20,0.69944
21,0.37401999999999996
22,-0.16835999999999998
23,-0.33108000000000004
