time,value
0,-0.019618
1,-0.7651100000000001
2,-1.3144
3,-1.7068
4,-1.746
5,-1.3537
6,-1.2359
7,-0.8435799999999999
8,-0.29427
9,0.37275
10,1.1575
11,1.3144
12,0.7651100000000001
13,0.2158
14,-0.25504
15,-0.058855
16,-0.019618
17,0.92205
18,1.2359
19,1.4321
20,1.079
21,0.92205
22,0.41198
23,-0.2158
