time,value
0,-0.98144
1,-0.9519299999999999
2,-1.3947
3,-1.2471
4,-1.6013
5,-1.5128
6,-1.2766
7,-0.6272399999999999
8,0.34683
9,1.1733
10,1.2914
11,1.439
12,1.2028
13,0.8191
14,0.90765
15,0.90765
16,0.9371700000000001
17,0.73055
18,0.40586
19,0.08117200000000001
20,-0.27303
21,-0.30255
22,-0.007379300000000001
23,-0.066414
