time,value
0,-0.36838000000000004
1,-0.8724799999999999
2,-1.1439
3,-1.4154
4,-1.4929
5,-1.4541
6,-1.2215
7,-0.79493
8,-0.98882
9,0.019389
10,0.44593999999999995
11,0.75615
12,0.95004
13,0.36838000000000004
14,-0.058165999999999995
15,-0.13572
16,-0.058165999999999995
17,0.8337100000000001
18,1.3378
19,1.5705
20,1.5705
21,1.2603
22,0.6786
23,0.21327
