time,value
0,-0.8557299999999999
1,-1.3823
2,-1.4613
3,-1.5403
4,-1.5666
5,-1.4087
6,-1.119
7,-0.6450899999999999
8,0.48711000000000004
9,1.435
10,1.119
11,1.119
12,0.9083899999999999
13,0.27647
14,0.25014000000000003
15,0.53977
16,0.5661
17,0.32913000000000003
18,0.25014000000000003
19,1.4613
20,0.9083899999999999
21,0.46078
22,0.013165000000000001
23,-0.14482
