time,value
0,-0.6058100000000001
1,-0.98911
2,-1.3468
3,-1.5002
4,-1.5257
5,-1.6024
6,-1.6024
7,-0.63137
8,0.74848
9,1.4129
10,1.3618
11,1.3618
12,1.1062
13,0.59517
14,0.74848
15,0.69738
16,0.64627
17,0.49296
18,0.26298
19,0.18632
20,-0.14586
21,0.084111
22,0.21188
23,0.033006
