time,value
0,-0.69291
1,-1.2431
2,-1.5181
3,-1.5932
4,-1.6432
5,-1.4181
6,-1.2931
7,-0.36780999999999997
8,0.55745
9,1.0326
10,1.1826
11,1.3077
12,1.1326
13,0.60747
14,0.7325
15,0.7325
16,0.78252
17,0.63247
18,0.3824
19,0.45742
20,0.6824899999999999
21,0.35739
22,-0.16776
23,-0.64289
