time,value
0,-0.99315
1,-1.2684
2,-1.5437
3,-1.6814
4,-1.6355
5,-1.452
6,-1.1308
7,-0.16727999999999998
8,0.63565
9,1.1403
10,1.0945
11,1.0945
12,1.0027
13,0.6127100000000001
14,0.65859
15,0.63565
16,0.72741
17,0.68153
18,0.68153
19,1.0486
20,0.19977999999999999
21,0.19977999999999999
22,-0.2361
23,-0.30491999999999997
