time,value
0,-0.8659
1,-1.3291
2,-1.6028
3,-1.5397
4,-1.6239
5,-1.5397
6,-1.1817
7,-0.15002000000000001
8,0.69219
9,1.1133
10,0.9869700000000001
11,0.86064
12,0.75536
13,0.35531
14,0.52375
15,0.46058000000000004
16,0.56586
17,0.8395799999999999
18,1.1975
19,1.1133
20,0.67114
21,0.3132
22,-0.12896
23,-0.4869
