time,value
0,-0.48951999999999996
1,-0.86131
2,-0.9356700000000001
3,-1.2703
4,-1.6421
5,-1.419
6,-1.01
7,-0.67542
8,0.58867
9,1.3694
10,1.5925
11,1.4066
12,0.7002
13,0.14252
14,-0.26645
15,-0.22926999999999997
16,-0.41516000000000003
17,-0.30363
18,0.068161
19,1.704
20,1.3322
21,0.8489200000000001
22,0.25406
23,-0.48951999999999996
