time,value
0,-0.7732
1,-1.2253
2,-1.4965
3,-1.5417
4,-1.6321
5,-1.3835
6,-1.2705
7,-0.728
8,0.17611
9,1.035
10,1.0576
11,1.1254
12,0.9446100000000001
13,0.53776
14,0.44735
15,0.6055699999999999
16,0.71858
17,0.67337
18,1.035
19,1.1932
20,0.67337
21,0.42473999999999995
22,-0.14032999999999998
23,-0.45676000000000005
