time,value
0,-0.39086
1,-0.94266
2,-1.1935
3,-1.2938
4,-1.344
5,-1.344
6,-0.9928299999999999
7,-0.8925
8,0.26127
9,1.2645
10,1.6659
11,1.716
12,1.4652
13,0.9134
14,0.61242
15,0.71275
16,0.81307
17,0.6625800000000001
18,0.11077999999999999
19,-0.19021
20,-0.7921699999999999
21,-0.29053
22,0.060614999999999995
23,-0.5915199999999999
