time,value
0,-0.2056
1,-0.63844
2,-1.2444
3,-1.5474
4,-1.6340000000000001
5,-1.4175
6,-1.028
7,-0.8981399999999999
8,-0.81157
9,-0.11903
10,0.48694
11,1.0064
12,1.0929
13,0.44366000000000005
14,0.22724
15,0.010820999999999999
16,0.010820999999999999
17,-0.16230999999999998
18,0.27052
19,1.2661
20,1.7422
21,1.4825
22,1.2661
23,0.40038
