time,value
0,-0.9733700000000001
1,-1.2421
2,-1.5315
3,-1.5315
4,-1.6142
5,-1.5522
6,-1.2008
7,-0.22913000000000003
8,0.7631899999999999
9,1.1146
10,1.0733
11,0.94925
12,0.6804899999999999
13,0.26703000000000005
14,0.32905
15,0.43241999999999997
16,0.5564600000000001
17,0.63915
18,1.1973
19,1.218
20,0.84588
21,0.30838000000000004
22,-0.12575999999999998
23,-0.37384
