time,value
0,-0.47718
1,-0.9079999999999999
2,-1.4106
3,-1.5183
4,-1.5901
5,-1.4465
6,-1.1593
7,-0.83619
8,0.27674
9,1.2819999999999998
10,1.7846
11,1.3897
12,1.3897
13,0.67165
14,0.16902999999999999
15,-0.010471
16,-0.010471
17,0.20493000000000003
18,0.34854
19,0.63575
20,0.67165
21,0.70755
22,0.24084
23,-0.40538
