time,value
0,-0.18081
1,-1.0907
2,-1.3357
3,-1.5807
4,-1.6857
5,-1.4757
6,-1.3007
7,-0.70576
8,0.48412
9,0.79909
10,1.0091
11,1.0091
12,0.6241
13,0.13415
14,-0.14582
15,-0.11082
16,-0.11082
17,1.1840000000000002
18,1.359
19,1.3940000000000001
20,0.9740700000000001
21,0.7640899999999999
22,0.30914
23,-0.3208
