time,value
0,-0.99565
1,-1.2429999999999999
2,-1.4523
3,-1.5664
4,-1.5854
5,-1.4523
6,-1.2049
7,-0.27269
8,1.021
9,1.1161
10,1.1352
11,1.002
12,0.8497899999999999
13,0.50734
14,0.46929
15,0.5453899999999999
16,0.67856
17,0.9829700000000001
18,1.021
19,0.8497899999999999
20,0.33610999999999996
21,0.069759
22,-0.27269
23,-0.53905
