time,value
0,-0.91589
1,-1.3272
2,-1.6357
3,-1.6872
4,-1.6615
5,-1.4301
6,-1.2501
7,-0.067487
8,0.65237
9,1.218
10,1.2951
11,1.1666
12,0.88375
13,0.54953
14,0.54953
15,0.60095
16,0.57524
17,0.39528
18,0.18961
19,0.4467
20,0.85805
21,0.57524
22,0.11248
23,-0.093196
