time,value
0,-0.9263299999999999
1,-1.3998
2,-1.5233
3,-1.6262
4,-1.585
5,-1.3792
6,-1.1733
7,-0.22644
8,1.091
9,1.1733
10,1.0293
11,0.8851600000000001
12,0.59697
13,0.32936
14,0.39111999999999997
15,0.4117
16,0.5352100000000001
17,0.9263299999999999
18,1.1939
19,0.94691
20,0.6793100000000001
21,0.24702
22,-0.22644
23,-0.37053
