time,value
0,-0.91017
1,-1.285
2,-1.4213
3,-1.5577
4,-1.5236
5,-1.5577
6,-1.1487
7,-0.73978
8,0.31664000000000003
9,1.1004
10,1.2368
11,1.2027
12,1.0664
13,0.62335
14,0.72558
15,0.89597
16,0.93005
17,0.72558
18,0.14625
19,-0.024138999999999997
20,0.11217
21,0.89597
22,0.28257
23,-0.092295
