time,value
0,-0.7854300000000001
1,-1.2277
2,-1.5647
3,-1.67
4,-1.6279
5,-1.3752
6,-1.1645
7,-0.23781999999999998
8,0.85739
9,1.0048
10,1.0891
11,1.068
12,0.87845
13,0.5204
14,0.28872
15,0.43615
16,0.47828000000000004
17,0.5204
18,1.2154
19,1.1523
20,0.66783
21,0.33084
22,-0.23781999999999998
23,-0.61693
