time,value
0,-0.31543000000000004
1,-1.0197
2,-1.2661
3,-1.3718
4,-1.5478
5,-1.4422
6,-1.0901
7,-0.59712
8,0.49441999999999997
9,1.4803
10,1.5155
11,1.4099
12,0.9873799999999999
13,0.84654
14,0.8113199999999999
15,0.9873799999999999
16,0.88175
17,0.7056899999999999
18,0.35358
19,-0.13938
20,-0.66755
21,-0.59712
22,-0.2098
23,-0.2098
