time,value
0,-0.84819
1,-0.95793
2,-1.3419999999999999
3,-1.2323
4,-1.5066
5,-1.4518
6,-1.5066
7,-1.5066
8,0.44123999999999997
9,1.2369
10,1.2369
11,1.182
12,0.9625100000000001
13,0.60585
14,0.55098
15,0.77046
16,0.9899399999999999
17,0.8253299999999999
18,0.60585
19,0.41381
20,0.11202999999999999
21,0.22177
22,0.13946
23,0.05715599999999999
