time,value
0,-1.1511
1,-1.4006
2,-1.514
3,-1.6501
4,-1.5819999999999999
5,-1.4459
6,-1.0377
7,-0.47063999999999995
8,0.55002
9,1.0263
10,1.0263
11,1.1397
12,0.7087899999999999
13,0.4593
14,0.50466
15,0.64075
16,0.5727
17,0.43662
18,0.36857
19,1.2758
20,1.0036
21,0.59539
22,0.16444
23,-0.22114
