time,value
0,-1.117
1,-1.4017
2,-1.5989
3,-1.7084
4,-1.6646
5,-1.4674
6,-1.0075
7,-0.37234
8,0.5694600000000001
9,1.0732
10,1.117
11,0.85419
12,0.6570699999999999
13,0.45995
14,0.41613999999999995
15,0.50375
16,0.54755
17,0.50375
18,0.41613999999999995
19,1.2922
20,0.94179
21,0.59136
22,0.19712000000000002
23,0.19712000000000002
