time,value
0,-0.75546
1,-1.2874
2,-1.5091
3,-1.6864
4,-1.5756
5,-1.5312
6,-1.2653
7,-0.13484000000000002
8,0.77393
9,1.2172
10,1.0399
11,0.97341
12,0.6631
13,0.33063000000000003
14,0.26413000000000003
15,0.35279
16,0.41928999999999994
17,0.44145
18,1.2394
19,1.2837
20,0.77393
21,0.33063000000000003
22,-0.068342
23,-0.28999
