time,value
0,-0.49762
1,-1.0564
2,-1.4405
3,-1.5453
4,-1.6151
5,-1.4056
6,-1.1262
7,-0.4627
8,0.13095
9,0.41031999999999996
10,0.96906
11,0.75953
12,0.82937
13,0.13095
14,-0.2881
15,-0.11349000000000001
16,0.026191000000000002
17,0.3754
18,1.5976
19,1.7373
20,1.3532
21,0.89922
22,0.48016000000000003
23,-0.14841
