time,value
0,-0.80508
1,-1.3193
2,-1.5087
3,-1.4275
4,-1.5357
5,-1.6169
6,-1.3193
7,-0.61565
8,0.49387
9,0.71037
10,1.008
11,0.8456799999999999
12,0.6833100000000001
13,0.27738
14,0.41268999999999995
15,0.5479999999999999
16,0.6562399999999999
17,0.43975
18,1.2516
19,1.4952
20,0.8998
21,0.6562399999999999
22,-0.020296
23,-0.20973000000000003
