time,value
0,-0.6373800000000001
1,-1.1753
2,-1.5195
3,-1.7346
4,-1.5195
5,-1.5625
6,-1.2183
7,-0.25011
8,0.67503
9,1.2129
10,1.1699
11,1.0623
12,0.84715
13,0.41685
14,0.28776
15,0.39534
16,0.45988
17,0.5674600000000001
18,1.2344
19,1.0193
20,0.5244300000000001
21,0.37382
22,0.094128
23,-0.72344
