time,value
0,-0.8274100000000001
1,-1.3117
2,-1.5013
3,-1.6697
4,-1.5644
5,-1.5223
6,-1.1222
7,-0.069316
8,0.75195
9,1.2152
10,1.1942
11,1.0678
12,0.7730100000000001
13,0.33079000000000003
14,0.3729
15,0.43608
16,0.56243
17,0.7098300000000001
18,1.1099
19,1.0468
20,0.58348
21,0.2255
22,-0.2799
23,-0.51154
