time,value
0,-0.8885700000000001
1,-1.1999
2,-1.5557
3,-1.6002
4,-1.6224
5,-1.5335
6,-1.3778
7,-0.6884399999999999
8,0.33449
9,0.9793799999999999
10,1.224
11,1.0239
12,1.0239
13,0.69029
14,0.66805
15,0.62358
16,0.66805
17,0.71253
18,0.71253
19,0.62358
20,0.44568
21,0.62358
22,0.13435
23,-0.021311
