time,value
0,-0.76232
1,-1.3505
2,-1.5053
3,-1.6291
4,-1.5982
5,-1.6601
6,-1.1648
7,-0.32892
8,0.75458
9,1.2809
10,1.0951
11,1.157
12,1.0022
13,0.5998
14,0.53788
15,0.66171
16,0.7236199999999999
17,0.3831
18,0.16639
19,0.13544
20,0.94032
21,0.66171
22,0.042566
23,-0.14318
