time,value
0,-0.8753700000000001
1,-1.2047
2,-1.5119999999999998
3,-1.5779
4,-1.5559
5,-1.4242
6,-1.1827
7,-0.26069000000000003
8,1.0784
9,1.2541
10,1.3419
11,1.0784
12,0.815
13,0.55157
14,0.37594
15,0.50766
16,0.41985
17,1.0345
18,0.83696
19,0.7491399999999999
20,0.37594
21,0.024697
22,-0.3485
23,-0.50217
