time,value
0,-1.0977
1,-1.403
2,-1.5993
3,-1.6647
4,-1.6647
5,-1.4903
6,-1.0323
7,-0.15993
8,0.73423
9,1.0396
10,1.0614
11,1.0832
12,0.6688
13,0.49433
14,0.4071
15,0.6251899999999999
16,0.5161399999999999
17,0.58157
18,0.45072
19,1.1704
20,0.77785
21,0.647
22,0.05815700000000001
23,-0.20355
