time,value
0,-0.33616
1,-0.87659
2,-1.2626
3,-1.4556
4,-1.4942
5,-1.5714
6,-1.1854
7,-0.027343
8,0.47448
9,1.3623
10,1.6325
11,1.3237
12,1.0149
13,0.12707000000000002
14,-0.41336000000000006
15,-0.25895999999999997
16,-0.065945
17,-0.065945
18,0.32008000000000003
19,1.5553
20,1.2851
21,0.39728
22,-0.065945
23,-0.41336000000000006
