time,value
0,0.5411600000000001
1,0.15755
2,-0.66446
3,-0.8836700000000001
4,-1.1029
5,-1.1029
6,-0.7740600000000001
7,-1.8153
8,-0.8836700000000001
9,0.10275
10,0.59596
11,0.7055600000000001
12,0.48636
13,0.32195999999999997
14,-0.11645
15,-0.33566
16,-0.5000600000000001
17,-0.5000600000000001
18,-0.5000600000000001
19,-0.28086
20,0.76036
21,2.3496
22,2.0208
23,1.4180000000000001
