time,value
0,-0.35452
1,-0.8801399999999999
2,-1.1101
3,-1.5043
4,-1.5043
5,-1.6357
6,-1.3729
7,-0.15741
8,0.53246
9,1.1895
10,1.5509
11,1.2552
12,0.86098
13,0.26965
14,-0.09171
15,-0.32166999999999996
16,-0.25597
17,-0.058859
18,1.2223
19,1.4523
20,0.9923799999999999
21,0.49961000000000005
22,-0.09171
23,-0.48593000000000003
