time,value
0,-0.33908
1,-0.79971
2,-1.0684
3,-1.3371
4,-1.5290000000000001
5,-1.4139
6,-1.0684
7,-0.76132
8,-0.79971
9,-0.14715
10,0.77412
11,0.69734
12,0.77412
13,0.42863999999999997
14,-0.22391999999999998
15,-0.41585
16,-0.33908
17,0.12155999999999999
18,1.2347
19,1.7338
20,1.6186
21,1.4651
22,0.92766
23,0.46703
