time,value
0,-0.094248
1,-0.65974
2,-1.508
3,-1.306
4,-1.3464
5,-1.5484
6,-1.2656
7,-0.90209
8,0.35006
9,1.3599
10,1.1579
11,0.91555
12,0.6732
13,0.06732
14,-0.29621
15,-0.25582
16,-0.25582
17,-0.25582
18,1.1579
19,1.7234
20,1.4406
21,0.75398
22,0.26928
23,-0.17503
