time,value
0,-0.33966999999999997
1,-0.78272
2,-1.1372
3,-1.5802
4,-1.5802
5,-1.4916
6,-1.0485
7,-0.78272
8,-0.11815
9,0.059073
10,0.6793399999999999
11,0.72364
12,0.76795
13,0.19199000000000002
14,0.014768
15,-0.20676
16,-0.20676
17,0.45781000000000005
18,1.8756
19,1.9199
20,1.4768
21,0.81225
22,0.2806
23,0.014768
