time,value
0,-0.95294
1,-1.382
2,-1.5108
3,-1.5537
4,-1.6395
5,-1.382
6,-1.2104
7,-0.26639
8,0.74197
9,1.2569
10,1.3856
11,1.0852
12,0.8277899999999999
13,0.37724
14,0.3987
15,0.33433
16,0.50597
17,0.37724
18,0.93506
19,1.0423
20,0.6347
21,0.3987
22,-0.09475700000000001
23,-0.3093
