time,value
0,-0.5875
1,-0.90979
2,-1.3126
3,-1.2321
4,-1.3932
5,-1.2321
6,-0.74864
7,-1.0709
8,0.62107
9,1.7491
10,1.6685
11,1.5074
12,1.2656
13,1.1851
14,0.5405
15,0.45993
16,0.45993
17,0.13764
18,-0.18464
19,-0.34579
20,-0.90979
21,0.37936
22,0.13764
23,-0.18464
