time,value
0,-1.0511
1,-1.4595
2,-1.6183
3,-1.5729
4,-1.5729
5,-1.4141
6,-1.1419
7,-0.098307
8,0.67302
9,1.1494
10,1.2175
11,1.036
12,0.69571
13,0.40079000000000004
14,0.33273
15,0.49153
16,0.60497
17,0.46885
18,0.67302
19,1.2856
20,0.78646
21,0.42348
22,-0.052934
23,-0.25711
