time,value
0,-0.6816800000000001
1,-1.2489
2,-1.3086
3,-1.4579
4,-1.6967
5,-1.6369999999999998
6,-1.3385
7,-0.80109
8,0.66177
9,1.0499
10,1.3186
11,1.4081
12,1.02
13,0.45278999999999997
14,0.63192
15,0.90061
16,0.75134
17,0.42294
18,0.39308000000000004
19,0.1841
20,-0.11444000000000001
21,0.57221
22,0.36323
23,0.15425
