time,value
0,-0.81071
1,-1.1778
2,-1.5665
3,-1.7609
4,-1.6313
5,-1.5233
6,-1.2642
7,-0.07648200000000001
8,0.54977
9,0.98167
10,1.1112
11,0.9600799999999999
12,0.72253
13,0.4418
14,0.48499
15,0.5713699999999999
16,0.91689
17,0.65775
18,1.1112
19,1.0249
20,0.50658
21,0.24744000000000002
22,0.0098977
23,-0.48678999999999994
