time,value
0,-0.8279700000000001
1,-1.1786
2,-1.5585
3,-1.7339
4,-1.5878
5,-1.5001
6,-1.1494
7,-0.27274
8,0.8961600000000001
9,1.3345
10,1.3637
11,1.1884
12,0.92538
13,0.28249
14,0.51627
15,0.66238
16,0.72082
17,0.5454899999999999
18,0.077927
19,0.077927
20,0.31171
21,0.8961600000000001
22,0.22404000000000002
23,-0.2143
