time,value
0,-0.69177
1,-1.2012
2,-1.381
3,-1.4709
4,-1.2312
5,-1.4409999999999998
6,-1.7706
7,-0.63183
8,0.62683
9,1.3161
10,1.376
11,1.3161
12,1.1663
13,0.6568
14,0.6568
15,0.7167399999999999
16,0.9564799999999999
17,0.47698999999999997
18,0.20728000000000002
19,0.14734
20,-0.18231
21,-0.12237
22,0.32715
23,0.17731
