time,value
0,-0.73427
1,-1.2807
2,-1.4173
3,-1.6905
4,-1.5767
5,-1.4856
6,-1.1896
7,-0.16507
8,0.60905
9,1.2921
10,1.4287
11,1.2693
12,0.8595
13,0.3586
14,0.33583
15,0.49521000000000004
16,0.5179699999999999
17,0.3586
18,0.5179699999999999
19,1.1782
20,0.63181
21,0.3586
22,-0.11953
23,-0.55213
