time,value
0,0.83015
1,0.10419
2,-0.5411100000000001
3,-0.94442
4,-0.8637600000000001
5,-0.7831
6,-0.5411100000000001
7,-0.29912
8,-0.1378
9,0.74949
10,1.3948
11,1.2335
12,0.10419
13,-0.057136
14,-0.7831
15,-1.0251
16,-1.1864
17,-1.1057
18,-0.94442
19,-0.5411100000000001
20,0.18485
21,2.3627
22,1.7981
23,0.9914799999999999
