time,value
0,-0.86165
1,-1.285
2,-1.6025
3,-1.666
4,-1.5813
5,-1.3696
6,-1.158
7,-0.26899
8,0.5988399999999999
9,1.1915
10,0.91633
11,1.0433
12,0.85283
13,0.51417
14,0.34484000000000004
15,0.5353399999999999
16,0.51417
17,0.72583
18,1.2973
19,1.0857
20,0.62
21,0.26016999999999996
22,-0.26899
23,-0.43832
