time,value
0,0.8622200000000001
1,-0.19103
2,-0.43886000000000003
3,-0.87255
4,-0.99646
5,-0.9345
6,-1.9878
7,-1.8638
8,-0.9345
9,-0.005163
10,0.8622200000000001
11,1.11
12,1.11
13,0.5524399999999999
14,-0.06711900000000001
15,-0.19103
16,-0.3769
17,-0.3769
18,-0.6247199999999999
19,0.30462
20,0.8622200000000001
21,1.234
22,1.234
23,1.7296
