time,value
0,0.31424
1,-0.45171999999999995
2,-0.27496
3,-1.2177
4,-1.2766
5,-1.2177
6,-2.1015
7,-1.0409
8,0.37316
9,1.6694
10,1.964
11,1.7283
12,1.3159
13,0.54992
14,-0.098199
15,-0.33388
16,0.1964
17,-0.03928
18,-0.03928
19,-0.03928
20,-0.27496
21,-0.45171999999999995
22,0.37316
23,0.37316
