time,value
0,-1.0085
1,-1.2646
2,-1.6061
3,-1.6275
4,-1.4781
5,-1.4354
6,-1.1152
7,-0.1334
8,0.76305
9,1.3607
10,1.254
11,1.0405
12,0.86977
13,0.29348
14,0.37886
15,0.46423000000000003
16,0.44288999999999995
17,0.33616999999999997
18,1.0832
19,1.1046
20,0.57095
21,0.33616999999999997
22,-0.21878000000000003
23,-0.41086999999999996
