time,value
0,-0.76715
1,-1.1723
2,-1.5324
3,-1.6225
4,-1.5099
5,-1.5999
6,-1.1498
7,-0.22696
8,1.0335
9,1.1685
10,1.056
11,1.011
12,0.65086
13,0.2232
14,0.13317
15,0.42578
16,0.53832
17,0.65086
18,1.2811
19,1.146
20,0.6733600000000001
21,0.2232
22,0.020632
23,-0.65461
