time,value
0,-0.9968299999999999
1,-1.245
2,-1.5925
3,-1.5676
4,-1.5925
5,-1.4932
6,-1.1209
7,-0.42603
8,0.59148
9,1.1623
10,1.1375
11,0.98856
12,0.79002
13,0.34331
14,0.24404
15,0.49221000000000004
16,0.49221000000000004
17,0.4674
18,0.41776
19,1.3608
20,1.0382
21,0.7652100000000001
22,0.045499
23,-0.30195
