time,value
0,-1.1453
1,-1.4375
2,-1.5418
3,-1.5836
4,-1.6045
5,-1.4375
6,-1.0409
7,-0.22696999999999998
8,0.50351
9,1.1296
10,0.98355
11,0.8583200000000001
12,0.69135
13,0.2948
14,0.39916
15,0.46176999999999996
16,0.5452600000000001
17,0.60787
18,1.3175
19,1.1714
20,0.83745
21,0.46176999999999996
22,0.065222
23,-0.31046
