time,value
0,-0.9363
1,-1.3781
2,-1.4413
3,-1.5254
4,-1.5886
5,-1.4623
6,-1.1677
7,-0.24195999999999998
8,0.49445
9,1.0205
10,1.0836
11,0.95734
12,0.7890199999999999
13,0.32613000000000003
14,0.45237
15,0.49445
16,0.7890199999999999
17,1.2309
18,1.1257
19,1.0625
20,0.5365300000000001
21,0.1578
22,-0.26300999999999997
23,-0.51549
