time,value
0,-0.75456
1,-1.3532
2,-1.6226
3,-1.6226
4,-1.5927
5,-1.5927
6,-1.3233
7,-0.12597
8,0.6822199999999999
9,1.3408
10,1.251
11,1.1312
12,0.95162
13,0.6522899999999999
14,0.59243
15,0.59243
16,0.62236
17,0.38289
18,0.2033
19,0.26316
20,0.38289
21,0.71216
22,0.23323000000000002
23,-0.0062361000000000005
