time,value
0,-0.78228
1,-1.2563
2,-1.5459
3,-1.5986
4,-1.6249
5,-1.5722
6,-1.1509
7,-0.28197
8,0.45533
9,0.69231
10,1.0083
11,0.9819700000000001
12,0.79764
13,0.61332
14,0.16567
15,0.271
16,0.5079899999999999
17,1.0873
18,1.3243
19,1.1926
20,0.79764
21,0.37633
22,-0.044983999999999996
23,-0.41363
