time,value
0,-0.79105
1,-1.3335
2,-1.3335
3,-1.6475
4,-1.7046
5,-1.619
6,-1.3335
7,-0.16297
8,0.40802
9,1.2074
10,1.2645
11,1.1788
12,0.95045
13,0.43656000000000006
14,0.49366000000000004
15,0.77915
16,0.8648
17,0.55076
18,0.6078600000000001
19,0.35091999999999995
20,0.66496
21,0.43656000000000006
22,-0.10587
23,-0.16297
