time,value
0,-0.19222999999999998
1,-0.69621
2,-0.9288200000000001
3,-1.1614
4,-1.3165
5,-1.3165
6,-1.0451
7,-0.69621
8,-0.9288200000000001
9,-0.15345999999999999
10,0.3893
11,0.54437
12,0.46683
13,0.0016152999999999999
14,-0.3473
15,-0.42483999999999994
16,-0.50237
17,-0.075921
18,1.3585
19,1.9013
20,1.94
21,1.5523
22,1.0871
23,0.54437
