time,value
0,-0.49488999999999994
1,-1.0307
2,-1.2689
3,-1.2986
4,-1.4772
5,-1.5368
6,-1.6856
7,-0.88187
8,0.57675
9,1.1423
10,1.321
11,1.44
12,1.053
13,0.69582
14,0.6362899999999999
15,0.9339700000000001
16,0.9042
17,0.8446600000000001
18,0.45768000000000003
19,0.070699
20,-0.28652
21,-0.22698000000000002
22,0.16
23,-0.048373
