time,value
0,0.35239000000000004
1,-0.17290999999999998
2,-0.75075
3,-1.171
4,-1.171
5,-1.0134
6,-1.6963
7,-1.171
8,0.45745
9,2.0334
10,2.0859
11,1.5606
12,1.0878
13,0.8777
14,-0.015321000000000001
15,0.037209
16,-0.015321000000000001
17,0.037209
18,-0.17290999999999998
19,-0.067852
20,-0.75075
21,-0.69822
22,0.29986
23,0.037209
