time,value
0,-0.56862
1,-1.0819
2,-1.3536
3,-1.6253
4,-1.6857
5,-1.565
6,-1.2328
7,-0.7497699999999999
8,0.48811000000000004
9,1.3033
10,1.3637
11,1.2731
12,0.94099
13,0.5484899999999999
14,0.85041
15,0.85041
16,0.85041
17,0.72964
18,0.27676
19,0.095608
20,-0.14593
21,0.48811000000000004
22,0.035224
23,-0.08554400000000001
