time,value
0,-0.89012
1,-1.2233
2,-1.4977
3,-1.5761
4,-1.6153
5,-1.4977
6,-1.2429
7,-0.43933999999999995
8,0.8345799999999999
9,1.0502
10,1.0698
11,1.0306
12,0.81499
13,0.42301000000000005
14,0.5798
15,0.5798
16,0.67779
17,0.6582
18,1.1286
19,0.9129799999999999
20,0.71699
21,0.24661999999999998
22,-0.26295
23,-0.47853999999999997
