time,value
0,0.20965
1,-0.57509
2,-1.1752
3,-1.4521
4,-1.6829
5,-1.4983
6,-0.9905299999999999
7,0.25581
8,0.76358
9,1.7791
10,1.7791
11,1.5022
12,0.9020600000000001
13,0.25581
14,-0.2058
15,-0.25196
16,-0.34428000000000003
17,-0.4366
18,-0.52893
19,-0.29812
20,1.0405
21,0.9943799999999999
22,0.20965
23,-0.25196
