time,value
0,0.13
1,-0.78765
2,-1.2924
3,-1.43
4,-1.6135
5,-1.43
6,-1.1547
7,0.13
8,0.72647
9,1.6441
10,1.9194
11,1.5065
12,1.0018
13,0.17588
14,-0.65
15,-0.14529
16,-0.099412
17,-0.19118
18,-0.32882
19,-0.14529
20,0.72647
21,1.0476
22,0.40529
23,-0.14529
