time,value
0,-0.18616
1,-0.59233
2,-1.1203
3,-1.4859
4,-1.4453
5,-1.4047
6,-1.1203
7,-0.8360299999999999
8,-0.67356
9,-0.22678
10,0.5855600000000001
11,0.74802
12,0.66679
13,0.05754
14,-0.18616
15,-0.10493
16,-0.5110899999999999
17,0.26061999999999996
18,1.4385
19,1.6822
20,1.8853
21,1.1542
22,0.95111
23,0.46371
