time,value
0,-0.8407399999999999
1,-1.1956
2,-1.5504
3,-1.645
4,-1.716
5,-1.5504
6,-1.1483
7,0.15277000000000002
8,0.69684
9,1.2882
10,1.2172
11,1.099
12,0.88608
13,0.38932
14,0.41298
15,0.2947
16,0.43663
17,0.38932
18,0.6258699999999999
19,1.2172
20,0.72049
21,0.36567
22,-0.1784
23,-0.36764
