time,value
0,-1.0998
1,-1.3030000000000002
2,-1.5616
3,-1.617
4,-1.617
5,-1.4507
6,-1.1552
7,-0.23165999999999998
8,0.82119
9,1.0798
10,0.96895
11,0.91354
12,0.7473
13,0.4333
14,0.45177
15,0.5441199999999999
16,0.7473
17,0.82119
18,1.1537
19,1.0059
20,0.5625899999999999
21,0.24859
22,-0.15777
23,-0.30554000000000003
