time,value
0,0.14515999999999998
1,-0.64663
2,-1.1217
3,-1.2801
4,-1.2801
5,-1.4384
6,-1.8607
7,-1.1745
8,0.46188
9,1.5704
10,1.9399
11,1.5704
12,0.98974
13,0.51466
14,0.092375
15,-0.065982
16,-0.065982
17,-0.065982
18,0.039589
19,0.19795
20,0.19795
21,0.40909
22,0.8313799999999999
23,0.039589
