time,value
0,-0.9307700000000001
1,-1.3856
2,-1.5461
3,-1.7066
4,-1.5996
5,-1.5728
6,-0.9575299999999999
7,-0.2352
8,0.2731
9,1.2094
10,1.3432
11,1.1559
12,0.96867
13,0.64764
14,0.6208899999999999
15,0.7279
16,0.7814
17,0.56738
18,0.19284
19,0.2731
20,0.7814
21,0.51388
22,0.059079
23,-0.1817
