time,value
0,-0.8441
1,-1.3437
2,-1.6163
3,-1.48
4,-1.5481
5,-1.5254
6,-1.1621
7,-0.18547
8,0.47315
9,1.2226
10,1.1999
11,1.0409
12,0.72297
13,0.29146
14,0.40502
15,0.45043999999999995
16,0.49586
17,0.60942
18,1.2226
19,1.1545
20,0.72297
21,0.33688
22,-0.14005
23,-0.50343
