time,value
0,-0.48476
1,-0.96951
2,-1.385
3,-1.4543
4,-1.385
5,-1.2465
6,-0.83101
7,-1.2465
8,-0.20775
9,1.3158
10,1.1079999999999999
11,1.3158
12,1.4543
13,1.1079999999999999
14,1.2465
15,0.9002600000000001
16,0.96951
17,0.20775
18,0.20775
19,0.069251
20,-0.6925100000000001
21,-0.20775
22,0.27699999999999997
23,-0.069251
