time,value
0,0.16253
1,-0.56617
2,-0.95195
3,-1.2091
4,-1.3377
5,-1.252
6,-0.8662200000000001
7,-1.2091
8,-0.48044
9,0.16253
10,0.76263
11,0.8912200000000001
12,0.6340399999999999
13,0.16253
14,-0.22325
15,-0.5233
16,-0.5233
17,-0.6090300000000001
18,-0.13752
19,1.6628
20,2.0486
21,1.8342
22,1.0198
23,0.5483100000000001
