time,value
0,0.9267200000000001
1,0.057920000000000006
2,-0.98464
3,-0.98464
4,-1.0426
5,-0.9267200000000001
6,-1.5059
7,-1.7376
8,-0.81088
9,0.11584000000000001
10,0.98464
11,0.9267200000000001
12,0.81088
13,0.2896
14,-0.23168000000000002
15,-0.11584000000000001
16,-0.11584000000000001
17,-0.40544
18,-0.46336000000000005
19,0.057920000000000006
20,0.11584000000000001
21,0.98464
22,2.201
23,1.8534
