time,value
0,-0.79638
1,-1.36
2,-1.5394
3,-1.565
4,-1.6931
5,-1.5394
6,-1.0782
7,-0.41207
8,0.71525
9,1.2789
10,1.2789
11,0.99708
12,0.8177399999999999
13,0.4078
14,0.43341999999999997
15,0.58715
16,0.7921100000000001
17,0.8946
18,0.71525
19,0.61277
20,0.33094
21,0.58715
22,-0.0021351
23,-0.46331000000000006
