time,value
0,-0.29354
1,-0.48602
2,-1.0635
3,-1.3714
4,-1.4869
5,-1.3329
6,-1.1405
7,-0.7170000000000001
8,-0.56301
9,-0.52452
10,0.20692
11,0.20692
12,0.66888
13,-0.024059999999999998
14,-0.13955
15,-0.13955
16,-0.25504
17,0.28391
18,1.4388
19,2.0163
20,1.7468
21,1.4388
22,1.0154
23,0.51489
