time,value
0,-0.77556
1,-1.1663
2,-1.3895
3,-1.5290000000000001
4,-1.5848
5,-1.3895
6,-1.6965
7,-0.41278000000000004
8,0.48022
9,1.2616
10,1.4011
11,1.4011
12,1.0383
13,0.59185
14,0.53603
15,0.7034699999999999
16,0.78719
17,0.53603
18,0.42441
19,0.3686
20,0.005813800000000001
21,-0.022093
22,0.25697
23,0.17325
