time,value
0,0.9730700000000001
1,0.20486
2,-0.25606999999999996
3,-0.56335
4,-0.79382
5,-0.7170000000000001
6,-0.56335
7,-1.6388
8,-1.3316
9,-0.56335
10,-0.025606999999999998
11,0.66578
12,0.28168000000000004
13,-0.025606999999999998
14,-0.33289
15,-0.40971
16,-0.48653
17,-0.40971
18,-0.56335
19,-0.17925
20,0.3585
21,2.3558
22,2.2022
23,1.8181
