time,value
0,-0.38213
1,-1.2069
2,-1.4708
3,-1.5038
4,-1.6027
5,-1.4378
6,-1.0749
7,0.37663
8,0.5415800000000001
9,1.1024
10,1.5642
11,1.3003
12,0.8384799999999999
13,0.21168
14,-0.25017
15,0.046735000000000006
16,-0.21718
17,-0.18419000000000002
18,1.2344
19,1.2014
20,1.0034
21,0.4756
22,-0.019244
23,-0.54707
