time,value
0,-1.0997
1,-1.4333
2,-1.5222
3,-1.5667
4,-1.5667
5,-1.4555
6,-1.1887
7,-0.61056
8,0.41229
9,0.92371
10,0.96819
11,0.7903
12,0.65688
13,0.43453
14,0.52347
15,0.72359
16,0.67912
17,0.63465
18,0.67912
19,1.3017
20,1.0349
21,0.65688
22,0.21216999999999997
23,-0.18808
