time,value
0,-0.9077799999999999
1,-1.2777
2,-1.4216
3,-1.5859999999999999
4,-1.6888
5,-1.5449
6,-1.1955
7,-0.08563899999999999
8,0.65428
9,1.0242
10,1.0448
11,0.8803700000000001
12,0.69539
13,0.40764
14,0.53096
15,0.7159399999999999
16,0.7776
17,1.1681
18,1.1065
19,0.9625799999999999
20,0.4282
21,-0.065086
22,-0.16785
23,-0.4556
