time,value
0,-0.92835
1,-1.0959
2,-1.403
3,-1.6543
4,-1.6543
5,-1.6264
6,-1.2913
7,-0.1745
8,0.57935
9,1.4169999999999998
10,1.4169999999999998
11,1.1936
12,0.9702299999999999
13,0.57935
14,0.57935
15,0.52351
16,0.57935
17,0.49558
18,0.21638000000000002
19,0.16054000000000002
20,0.71895
21,0.55143
22,-0.0349
23,-0.11865999999999999
