time,value
0,-0.92709
1,-1.2815
2,-1.4080000000000001
3,-1.6865
4,-1.5346
5,-1.4587
6,-1.2815
7,-0.62333
8,0.46513000000000004
9,1.0473
10,1.0979999999999999
11,0.89545
12,0.79419
13,0.38919000000000004
14,0.54106
15,0.51575
16,0.51575
17,0.51575
18,0.79419
19,1.4523
20,0.92076
21,0.56638
22,-0.09176000000000001
23,-0.21832
