time,value
0,-0.10667
1,-0.5413899999999999
2,-0.97611
3,-1.2659
4,-1.2176
5,-1.1693
6,-1.121
7,-1.604
8,-0.7346
9,0.086542
10,0.8593799999999999
11,1.1975
12,1.0526
13,0.8593799999999999
14,-0.010062999999999999
15,-0.10667
16,-0.29988000000000004
17,-0.29988000000000004
18,-0.25158
19,0.23145
20,0.81108
21,2.1636
22,1.5839
23,0.8593799999999999
