time,value
0,-0.71677
1,-1.4536
2,-1.6236
3,-1.567
4,-1.5953
5,-1.567
6,-1.2552
7,-0.20665
8,0.7852600000000001
9,1.2387
10,1.3521
11,1.1537
12,0.8986200000000001
13,0.50185
14,0.55853
15,0.50185
16,0.5868800000000001
17,0.50185
18,0.19011
19,0.16177
20,0.36015
21,0.8986200000000001
22,0.36015
23,-0.064946
