time,value
0,-0.47846000000000005
1,-1.1815
2,-1.4451
3,-1.5916
4,-1.5037
5,-1.5330000000000001
6,-1.2987
7,-0.91786
8,0.40034000000000003
9,1.1034
10,1.3084
11,1.4549
12,1.1327
13,0.6054
14,0.8690399999999999
15,0.8690399999999999
16,0.7225699999999999
17,0.40034000000000003
18,0.19529000000000002
19,0.19529000000000002
20,-0.068351
21,0.63469
22,0.25388
23,-0.12694
