time,value
0,0.5414800000000001
1,-0.13951
2,-0.70699
3,-0.99074
4,-1.2177
5,-1.161
6,-0.76374
7,-0.5935
8,-1.2745
9,-0.30975
10,0.42798
11,0.76847
12,0.5414800000000001
13,0.087487
14,-0.30975
15,-0.42325
16,-0.48
17,-0.70699
18,-0.5935
19,0.20098
20,2.1304
21,2.1304
22,1.6764
23,1.1657
