time,value
0,-0.30062
1,-0.9499700000000001
2,-1.2025
3,-1.4911
4,-1.6715
5,-1.4911
6,-1.1303
7,-0.80567
8,-0.48100000000000004
9,0.31265
10,0.7094699999999999
11,0.63732
12,0.63732
13,0.3848
14,-0.12025
15,0.060125
16,0.0962
17,1.3588
18,1.4669999999999999
19,1.6835
20,1.431
21,0.78162
22,0.2405
23,-0.15632000000000001
