time,value
0,0.90938
1,-0.11367000000000001
2,-0.68203
3,-0.7957
4,-1.1367
5,-0.5683600000000001
6,-0.5683600000000001
7,-1.4777
8,-0.7957
9,0.34102
10,0.7957
11,0.34102
12,0.34102
13,-3.1944e-09
14,-0.45469
15,-0.7957
16,-0.34102
17,-0.5683600000000001
18,-0.11367000000000001
19,-0.45469
20,-3.1944e-09
21,2.6145
22,2.3871
23,1.1367
