time,value
0,-0.7579899999999999
1,-1.0282
2,-1.0282
3,-1.2083
4,-1.4785
5,-1.3584
6,-1.6886
7,-0.99815
8,0.35273000000000004
9,1.2233
10,1.3434
11,1.2833
12,1.2833
13,0.71296
14,0.773
15,1.0732
16,1.0132
17,0.773
18,0.35273000000000004
19,0.082553
20,-0.21764
21,-0.42778
22,0.022515
23,-0.097563
