time,value
0,-1.0087
1,-1.4349
2,-1.5414
3,-1.6693
4,-1.6266
5,-1.4988
6,-1.03
7,-0.028413
8,0.5043300000000001
9,1.0371
10,0.97314
11,0.8879
12,0.69612
13,0.37646999999999997
14,0.35516
15,0.33385
16,0.52564
17,0.61088
18,1.3141
19,1.2715
20,0.73874
21,0.52564
22,-0.07103200000000001
23,-0.24151
