time,value
0,-0.7993399999999999
1,-1.1797
2,-1.5363
3,-1.6789
4,-1.465
5,-1.5838
6,-1.2748
7,-0.56162
8,0.5319
9,1.0787
10,1.0787
11,1.0311
12,0.6745399999999999
13,0.5319
14,0.38927
15,0.43681000000000003
16,0.50813
17,0.34171999999999997
18,1.1738
19,1.2451
20,0.81717
21,0.55567
22,0.080231
23,-0.39521
