time,value
0,-0.6052
1,-1.1512
2,-1.5335
3,-1.6427
4,-1.6973
5,-1.4243
6,-0.82362
7,-0.9328299999999999
8,0.21386999999999998
9,0.9783299999999999
10,1.2514
11,1.3606
12,1.306
13,0.81452
14,0.81452
15,0.81452
16,0.7599100000000001
17,0.15925999999999998
18,0.15925999999999998
19,-0.05915499999999999
20,-0.11375999999999999
21,0.9237299999999999
22,0.43228999999999995
23,-0.0045504
