time,value
0,0.45181000000000004
1,-0.46571
2,-0.9661799999999999
3,-1.3832
4,-1.4666
5,-1.2164
6,-0.88277
7,-1.6335
8,-0.29889
9,0.8688600000000001
10,1.4527
11,1.2025
12,1.0357
13,0.034755
14,-0.13207
15,-0.29889
16,-0.13207
17,-0.21548
18,-0.13207
19,-0.048656
20,0.034755
21,2.12
22,1.4527
23,0.61863
