time,value
0,-0.76995
1,-1.2019
2,-1.3699
3,-1.7299
4,-1.5859
5,-1.5619
6,-1.1059
7,-0.50597
8,0.50197
9,1.1259
10,1.0539
11,0.88594
12,0.54996
13,0.30998000000000003
14,0.33398
15,0.35798
16,0.45397
17,0.54996
18,1.4139
19,1.4139
20,0.83794
21,0.47797
22,-0.025998
23,-0.40997
