time,value
0,-0.9194399999999999
1,-1.31
2,-1.6224
3,-1.4662
4,-1.5639
5,-1.4272
6,-1.1538
7,-0.27502
8,0.89666
9,1.1505
10,1.0529
11,0.95524
12,0.8185399999999999
13,0.48657
14,0.40846
15,0.54515
16,0.52563
17,1.17
18,1.0334
19,0.97477
20,0.44751
21,0.11554
22,-0.3336
23,-0.50935
