time,value
0,-0.78694
1,-1.284
2,-1.4579
3,-1.5325
4,-1.5325
5,-1.4082
6,-1.5076
7,-0.73724
8,0.30649
9,1.0272
10,1.1266
11,1.1514
12,1.0023
13,0.7041
14,0.85321
15,0.97746
16,1.0272
17,0.7538100000000001
18,0.4059
19,0.23194
20,-0.06626900000000001
21,-0.041418
22,0.5053
23,0.28164
