time,value
0,-0.8075899999999999
1,-1.157
2,-1.2735
3,-1.6695
4,-1.6462
5,-1.4366
6,-1.1337
7,-0.83088
8,0.47368000000000005
9,1.1493
10,1.1726
11,1.0794
12,0.7532300000000001
13,0.28731
14,0.42708999999999997
15,0.45038
16,0.47368000000000005
17,0.40379
18,1.2424
19,1.2890000000000001
20,0.8231200000000001
21,0.47368000000000005
22,-0.062122000000000004
23,-0.48145
