time,value
0,1.7829
1,0.56303
2,0.46918999999999994
3,-0.093838
4,0.18767999999999999
5,0.18767999999999999
6,0.18767999999999999
7,-1.5014
8,-0.84454
9,-0.65686
10,-0.46918999999999994
11,-0.093838
12,-0.65686
13,-0.56303
14,-0.56303
15,-0.7507
16,-0.84454
17,-0.56303
18,-0.37535
19,-0.46918999999999994
20,-0.84454
21,2.2521
22,1.9706
23,1.6891
