time,value
0,0.19869
1,-0.72724
2,-0.81983
3,-1.0976
4,-1.6069
5,-1.6069
6,-1.2365
7,-1.0976
8,0.56906
9,1.495
10,1.9579
11,1.8191
12,1.2635
13,0.47646000000000005
14,0.013503
15,-0.17168
16,-0.12539
17,-0.26427
18,-0.40316
19,0.1061
20,0.013503
21,0.7542399999999999
22,0.52276
23,-0.032793
