time,value
0,-0.19804000000000002
1,-0.82578
2,-1.3638
3,-1.2742
4,-1.6329
5,-1.2742
6,-1.0051
7,-1.0948
8,-0.018683
9,1.2368
10,1.5955
11,1.8645
12,0.96777
13,0.96777
14,0.25035
15,0.25035
16,0.16067
17,0.34003
18,-0.018683
19,-0.018683
20,-0.91546
21,1.0574
22,0.78842
23,0.16067
