time,value
0,0.42098
1,-0.46776
2,-0.98229
3,-1.0758
4,-1.0758
5,-1.4968
6,-1.9646
7,-1.0291
8,0.5613100000000001
9,1.5436
10,2.0114
11,1.7307
12,1.3097
13,0.46776
14,-0.28065
15,-1.1316e-08
16,-0.046776
17,0.1871
18,-0.28065
19,-0.14032999999999998
20,0.093552
21,0.046776
22,0.51453
23,-0.046776
