time,value
0,-0.33852
1,-0.9106700000000001
2,-1.1777
3,-1.4065
4,-1.4447
5,-1.521
6,-1.1777
7,-0.8725299999999999
8,-1.0632
9,-0.10966
10,0.57692
11,0.9202
12,0.8820600000000001
13,0.46248999999999996
14,-0.071518
15,0.004767899999999999
16,-0.033375
17,0.99649
18,1.3779
19,1.4924
20,1.4161
21,1.0346
22,0.76763
23,0.19548
