time,value
0,1.0926
1,0.51274
2,-0.0026845
3,-0.45368
4,-0.5181
5,-0.58253
6,-1.7422
7,-1.6134
8,-0.71139
9,0.06174299999999999
10,0.57716
11,0.8348700000000001
12,0.38388
13,-0.067112
14,-0.5181
15,-0.6469600000000001
16,-0.6469600000000001
17,-0.77581
18,-0.38925
19,-0.32482
20,0.25503000000000003
21,0.57716
22,2.3811
23,2.3167
