time,value
0,-1.0095
1,-1.3547
2,-1.5273
3,-1.5489
4,-1.6136
5,-1.5273
6,-1.0958
7,-0.10338
8,0.7596
9,1.1479
10,1.2342
11,0.9537700000000001
12,0.73802
13,0.26339
14,0.43598000000000003
15,0.41441000000000006
16,0.39283
17,0.22024000000000002
18,1.2558
19,1.1479
20,0.80275
21,0.37126
22,-0.081803
23,-0.27597
