time,value
0,-0.7396199999999999
1,-1.0967
2,-1.4027
3,-1.6578
4,-1.6068
5,-1.5557
6,-1.0457
7,-0.99465
8,0.025504
9,0.8416299999999999
10,1.0457
11,1.3517
12,1.2497
13,0.89264
14,1.0457
15,0.99465
16,0.6376
17,0.5355800000000001
18,0.28054
19,0.076512
20,0.076512
21,0.6376
22,0.43356999999999996
23,-0.025504
