time,value
0,-0.7477
1,-1.2071
2,-1.3422
3,-1.3693
4,-1.5044
5,-1.4233
6,-1.6125
7,-0.66662
8,0.27926
9,1.1711
10,1.1981
11,1.1981
12,1.036
13,0.79274
14,0.95489
15,0.90084
16,1.1441
17,0.73869
18,0.41439
19,0.30629
20,-0.18017
21,-0.23421999999999998
22,0.14413
23,0.0090084
