time,value
0,-0.80855
1,-1.091
2,-1.5712
3,-1.6277
4,-1.7124
5,-1.5712
6,-1.3452
7,-0.4131
8,0.97096
9,1.0839
10,1.2534
11,1.2252
12,0.9144700000000001
13,0.49078
14,0.6037600000000001
15,0.6885
16,0.54727
17,0.43428
18,0.29305
19,0.29305
20,0.40604
21,0.82973
22,0.18007
23,-0.074146
