time,value
0,-0.9013
1,-1.1302
2,-1.5022
3,-1.7311
4,-1.6452
5,-1.4735
6,-1.3019
7,-0.12875999999999999
8,0.61517
9,1.3019
10,1.3019
11,1.2446
12,0.9013
13,0.41488
14,0.5007199999999999
15,0.61517
16,0.64378
17,0.35766
18,0.12875999999999999
19,0.35766
20,0.98713
21,0.64378
22,0.042919
23,-0.24320999999999998
