time,value
0,-0.61864
1,-0.9791700000000001
2,-1.3725
3,-1.5364
4,-1.5364
5,-1.4052
6,-1.2741
7,0.56128
8,0.62683
9,1.1840000000000002
10,1.479
11,1.0857
12,0.79071
13,0.069648
14,-0.22533000000000003
15,-0.19255999999999998
16,-0.22533000000000003
17,0.0040969
18,1.0857
19,1.3807
20,1.1840000000000002
21,0.62683
22,-0.15978
23,-0.55309
