time,value
0,-0.8223
1,-1.2813
2,-1.6205
3,-1.6404
4,-1.6005
5,-1.4608
6,-1.2413
7,-0.2037
8,0.77407
9,1.1532
10,1.1133
11,0.87385
12,0.61444
13,0.27521
14,0.4548
15,0.43483999999999995
16,0.59448
17,0.97362
18,1.253
19,0.93371
20,0.57453
21,0.31511999999999996
22,-0.12387999999999999
23,-0.34339000000000003
