time,value
0,0.58212
1,-0.12458
2,-0.88564
3,-1.2662
4,-1.4293
5,-0.94
6,-1.1031
7,-0.55947
8,-0.66819
9,0.09286799999999999
10,0.79957
11,1.2345
12,1.1801
13,0.69084
14,0.20159000000000002
15,-0.7225600000000001
16,-0.66819
17,-0.88564
18,-0.7769199999999999
19,-0.34202
20,1.0170000000000001
21,2.1042
22,1.615
23,0.85393
