time,value
0,-1.0463
1,-1.2716
2,-1.547
3,-1.4469
4,-1.547
5,-1.2466
6,-1.2716
7,-0.5455800000000001
8,0.5309699999999999
9,1.3822
10,1.2570000000000001
11,1.2570000000000001
12,0.85644
13,0.45587
14,0.35572
15,0.38076
16,0.5309699999999999
17,0.38076
18,0.43083
19,1.2821
20,0.85644
21,0.43083
22,-0.019819999999999997
23,-0.44543
