time,value
0,-0.5009899999999999
1,-0.9329799999999999
2,-1.365
3,-1.581
4,-1.581
5,-1.5090000000000001
6,-0.9329799999999999
7,-1.4369999999999998
8,0.0029999000000000002
9,1.155
10,1.2990000000000002
11,1.371
12,1.227
13,1.083
14,0.43499
15,0.21899000000000002
16,0.65098
17,0.5069899999999999
18,0.7229800000000001
19,0.43499
20,-0.141
21,0.65098
22,0.36299000000000003
23,-0.141
