time,value
0,-1.2122
1,-1.3759
2,-1.5396
3,-1.6098
4,-1.6332
5,-1.3525
6,-1.0485
7,-0.37028
8,0.21438000000000001
9,0.75226
10,0.9159700000000001
11,0.9627399999999999
12,0.9159700000000001
13,0.40147
14,0.54179
15,0.49501000000000006
16,0.5184
17,0.75226
18,1.3369
19,1.2434
20,0.72888
21,0.5184
22,0.07405700000000001
23,-0.22996999999999998
