time,value
0,-0.63648
1,-1.0321
2,-1.3363
3,-1.4276
4,-1.4885
5,-1.6406
6,-1.5798
7,-0.81905
8,0.7024100000000001
9,1.2197
10,1.4327
11,1.3414
12,0.9762700000000001
13,0.7024100000000001
14,0.76326
15,0.7024100000000001
16,0.85455
17,0.5502600000000001
18,0.24597
19,0.30683
20,0.032964999999999994
21,0.093823
22,0.21554
23,-0.18004
