time,value
0,0.18375999999999998
1,-0.2832
2,-1.2171
3,-1.4247
4,-1.0615
5,-1.6841
6,-1.2690000000000001
7,-1.1652
8,0.85825
9,1.8959
10,1.9478
11,1.5327
12,1.0139
13,0.33941
14,-0.23131999999999997
15,-0.17943
16,-0.23131999999999997
17,-0.23131999999999997
18,-0.12755
19,0.079988
20,-0.023780000000000003
21,0.44318
22,0.59883
23,0.23564000000000002
