time,value
0,-1.1497
1,-1.4486
2,-1.5607
3,-1.5046
4,-1.6354
5,-1.4299
6,-1.0189
7,-0.19693
8,0.83054
9,1.1481
10,1.1294
11,1.0734
12,0.7745
13,0.40087
14,0.4756
15,0.53164
16,0.60637
17,0.60637
18,1.0734
19,0.94263
20,0.569
21,0.32615
22,-0.15957000000000002
23,-0.38375
