time,value
0,-0.8838
1,-1.3253
2,-1.5355
3,-1.4724
4,-1.5985
5,-1.5355
6,-1.2412
7,-0.04292
8,0.69285
9,1.1553
10,1.2184
11,1.1133
12,0.77694
13,0.46161
14,0.41956000000000004
15,0.46161
16,0.56672
17,0.5457
18,0.9451200000000001
19,1.1133
20,0.7349
21,0.23037
22,-0.2111
23,-0.58949
