time,value
0,-0.40285
1,-1.0808
2,-1.3166
3,-1.5524
4,-1.4935
5,-1.464
6,-1.5819
7,-0.84499
8,0.6583100000000001
9,1.3363
10,1.3657
11,1.2773
12,1.012
13,0.59936
14,0.74674
15,0.86464
16,0.9530700000000001
17,0.59936
18,0.21616
19,-0.019651
20,-0.13756
21,-0.019651
22,0.4225
23,-0.13756
