time,value
0,-1.0102
1,-1.1284
2,-1.4832
3,-1.6725
4,-1.6488
5,-1.3413
6,-1.1284
7,-0.3479
8,0.409
9,1.1659
10,1.0476
11,1.0003
12,0.59822
13,0.10151
14,0.4563
15,0.4563
16,0.50361
17,0.5272600000000001
18,1.4497
19,1.3315
20,0.8111
21,0.409
22,-0.13502
23,-0.37155
