time,value
0,-0.9484299999999999
1,-1.2693
2,-1.4757
3,-1.659
4,-1.5673
5,-1.5673
6,-1.2235
7,-0.008596
8,0.56447
9,1.0917
10,1.0459
11,0.88539
12,0.7478600000000001
13,0.26648
14,0.31232
15,0.49571000000000004
16,0.44986000000000004
17,0.65617
18,1.2751
19,1.3209
20,0.72493
21,0.35817
22,-0.14612999999999998
23,-0.32952
