time,value
0,-0.9367
1,-1.2297
2,-1.425
3,-1.6398
4,-1.5812
5,-1.5031
6,-1.2883
7,-0.27263000000000004
8,0.66489
9,1.0555
10,1.1336
11,1.1727
12,0.84067
13,0.37191
14,0.37191
15,0.62583
16,0.60629
17,0.78208
18,1.0946
19,0.97739
20,0.56723
21,0.29379
22,-0.21403000000000003
23,-0.46793999999999997
