time,value
0,-0.62538
1,-1.1953
2,-1.2496
3,-1.4396
4,-1.7924
5,-1.6296
6,-1.4396
7,-0.27254
8,0.48741
9,1.3016
10,1.4645
11,1.3831
12,1.0574
13,0.5688300000000001
14,0.62311
15,0.51455
16,0.32456
17,0.27028
18,0.18886
19,0.37884
20,0.9216700000000001
21,0.40599
22,0.026010000000000002
23,-0.27254
