time,value
0,0.34972
1,-0.35665
2,-0.9383600000000001
3,-1.1046
4,-0.9799100000000001
5,-1.1046
6,-1.0215
7,-0.89681
8,-0.85526
9,-0.14889000000000002
10,0.51593
11,0.51593
12,0.26661999999999997
13,-0.19044
14,-0.5644
15,-0.6475
16,-0.73061
17,-0.3982
18,2.2195
19,1.804
20,1.7209
21,1.3469
22,0.8483299999999999
23,0.34972
