time,value
0,-0.65913
1,-1.3158
2,-1.465
3,-1.6441
4,-1.4948
5,-1.6142
6,-1.3158
7,-0.30096
8,0.47507
9,1.3705
10,1.2511
11,1.1616
12,1.0123
13,0.53476
14,0.65415
15,0.65415
16,0.8033899999999999
17,0.47507
18,0.1169
19,-0.06218200000000001
20,0.8929299999999999
21,0.5646100000000001
22,0.20644
23,-0.30096
