time,value
0,-0.99165
1,-1.2593
2,-1.4652
3,-1.6093
4,-1.5475
5,-1.3828
6,-1.2387
7,-0.2299
8,0.6142
9,1.1289
10,0.9436100000000001
11,1.2113
12,0.75832
13,0.51126
14,0.40833
15,0.53185
16,0.67597
17,1.1289
18,1.1083
19,0.86126
20,0.53185
21,0.22303
22,-0.29166
23,-0.62107
