time,value
0,1.203
1,0.42502
2,0.07924199999999999
3,-0.18009
4,-0.18009
5,0.07924199999999999
6,0.07924199999999999
7,-1.5632
8,-0.9581
9,-0.43943000000000004
10,-0.52588
11,-0.0072038
12,-0.18009
13,-0.69877
14,-0.87166
15,-1.0445
16,-0.35298
17,-0.26654
18,-0.52588
19,-0.35298
20,-0.18009
21,2.1539
22,2.6726
23,1.6353
