time,value
0,-1.1543
1,-1.4552
2,-1.4953
3,-1.5756
4,-1.5154
5,-1.4151
6,-1.1543
7,-0.63274
8,0.53077
9,0.81161
10,1.0724
11,1.1326
12,0.99216
13,0.73137
14,0.51071
15,0.71131
16,0.65113
17,0.59095
18,0.67119
19,1.0523
20,0.75143
21,0.45052
22,-0.071047
23,-0.19141
