time,value
0,-0.89161
1,-1.287
2,-1.5341
3,-1.5093
4,-1.5835
5,-1.4599
6,-1.4846
7,-0.81748
8,0.29446
9,1.2087
10,1.2087
11,0.9863299999999999
12,0.93691
13,0.51684
14,0.7145199999999999
15,0.76394
16,0.8133600000000001
17,0.51684
18,0.46742
19,0.51684
20,0.36859000000000003
21,0.56626
22,0.54155
23,0.1462
