time,value
0,-0.5806100000000001
1,-1.1742
2,-1.3929
3,-1.3929
4,-1.4867
5,-1.6429
6,-1.2055
7,-0.20569
8,0.41918
9,1.169
10,1.5752
11,1.3252
12,0.82535
13,0.41918
14,-0.018225
15,-0.049469
16,0.044262
17,0.45043
18,1.2003
19,1.2003
20,0.88784
21,0.3567
22,-0.1432
23,-0.5806100000000001
