time,value
0,-0.6322
1,-1.187
2,-1.3559
3,-1.5971
4,-1.6212
5,-1.5006
6,-1.1629
7,-0.55983
8,0.52566
9,1.3940000000000001
10,1.4664
11,1.3217
12,1.1769
13,0.83924
14,0.76688
15,0.74275
16,0.52566
17,0.42917
18,0.21206999999999998
19,0.16383
20,0.019097
21,0.45328999999999997
22,-0.0050254
23,-0.4151
