time,value
0,-0.20481
1,-0.65167
2,-0.89541
3,-1.3017
4,-1.4235
5,-1.3423
6,-1.1798
7,-0.81417
8,-1.0173
9,-0.0016926999999999999
10,0.6076600000000001
11,0.68891
12,0.48578999999999994
13,0.24205
14,-0.042316
15,-0.36730999999999997
16,-0.36730999999999997
17,-0.24544000000000002
18,1.2983
19,1.9076
20,1.7858
21,1.4608
22,0.85141
23,0.52642
