time,value
0,-0.76071
1,-1.1124
2,-1.656
3,-1.56
4,-1.4961
5,-1.5919999999999999
6,-1.2723
7,-0.76071
8,0.5502100000000001
9,1.4135
10,1.0618
11,1.2217
12,0.9658700000000001
13,0.39035
14,0.77403
15,0.74206
16,0.86995
17,0.67811
18,0.3264
19,0.1985
20,0.3264
21,0.61416
22,0.16652999999999998
23,-0.08926
