time,value
0,-1.0799
1,-1.3906
2,-1.5115
3,-1.5633
4,-1.5115
5,-1.4597
6,-1.1144
7,-0.35468
8,0.4741
9,1.0439
10,1.182
11,1.0784
12,0.85396
13,0.6295
14,0.5777
15,0.68129
16,0.76763
17,0.95755
18,0.95755
19,0.81942
20,0.4741
21,0.14604
22,-0.19927999999999998
23,-0.45826999999999996
