time,value
0,-0.41836999999999996
1,-1.0699
2,-1.2998
3,-1.3381
4,-1.4148
5,-1.2998
6,-0.80161
7,-0.57167
8,0.9229700000000001
9,1.6894
10,1.4595
11,1.1912
12,1.0379
13,0.30979
14,-0.26507
15,-0.45669
16,-0.38005
17,-0.38005
18,-0.07345399999999999
19,1.4978
20,1.1912
21,0.8079999999999999
22,0.11817000000000001
23,-0.45669
