time,value
0,-0.80092
1,-1.2008
2,-1.3341
3,-1.4941
4,-1.5208
5,-1.4941
6,-1.5474
7,-0.7742600000000001
8,0.55876
9,1.1986
10,1.2519
11,1.3319
12,1.092
13,0.6120800000000001
14,0.6654
15,0.8520200000000001
16,0.932
17,0.5854199999999999
18,0.45211999999999997
19,0.18550999999999998
20,0.02555
21,0.13219
22,0.26549
23,0.02555
