time,value
0,-0.41978999999999994
1,-0.8704200000000001
2,-1.2889
3,-1.7395
4,-1.5786
5,-1.6429
6,-1.2245
7,-0.25885
8,0.61024
9,1.0931
10,0.9321200000000001
11,1.3506
12,1.0287
13,0.38492
14,-0.13009
15,-0.09790599999999999
16,-0.033529
17,0.06303500000000001
18,1.3828
19,1.3506
20,0.8999299999999999
21,0.61024
22,0.030847000000000003
23,-0.45198
