time,value
0,-0.85785
1,-1.1353
2,-1.3573
3,-1.496
4,-1.5515
5,-1.3296
6,-1.607
7,-0.8856
8,0.50176
9,1.1954
10,1.2787
11,1.1399
12,0.9457200000000001
13,0.7237399999999999
14,0.8624700000000001
15,0.8902200000000001
16,1.0012
17,0.7237399999999999
18,0.19654000000000002
19,0.27978000000000003
20,0.030059
21,0.0023123
22,0.36303
23,0.08555399999999999
