time,value
0,-0.8343299999999999
1,-1.1733
2,-1.5607
3,-1.7544
4,-1.706
5,-1.4639
6,-1.1733
7,-0.059523
8,0.5458
9,1.1269
10,1.0543
11,0.95741
12,0.57001
13,0.23103
14,0.37631
15,0.37631
16,0.40052
17,0.49737
18,1.3448
19,1.2964
20,0.7395
21,0.27946
22,0.27946
23,-0.35008
