time,value
0,-0.47786999999999996
1,-0.95573
2,-1.4898
3,-1.6023
4,-1.4898
5,-1.6585
6,-1.7147
7,-0.67464
8,0.5622
9,1.1806
10,1.3493
11,1.1806
12,1.1244
13,0.61842
14,0.50598
15,0.7027399999999999
16,0.7027399999999999
17,0.50598
18,0.36543000000000003
19,0.33732
20,0.33732
21,0.47786999999999996
22,0.19677
23,-0.084329
