time,value
0,-0.90853
1,-1.2624
2,-1.5346
3,-1.5619
4,-1.6435
5,-1.5346
6,-1.1263
7,-0.44576000000000005
8,0.6703399999999999
9,1.3237
10,1.3509
11,1.242
12,1.0242
13,0.56145
14,0.64312
15,0.7247899999999999
16,0.7247899999999999
17,0.45257
18,0.31645999999999996
19,0.5070100000000001
20,0.18035
21,0.47978999999999994
22,0.017013999999999998
23,-0.20076
