time,value
0,-0.58604
1,-1.2367
2,-1.6372
3,-1.6121
4,-1.5371
5,-1.462
6,-1.3118
7,-0.68615
8,0.51513
9,1.1908
10,1.341
11,1.2409
12,1.1658
13,0.64026
14,0.6652899999999999
15,0.74037
16,0.81545
17,0.51513
18,0.33994
19,0.46508
20,0.16476
21,0.28989000000000004
22,-0.035454
23,0.014599
