time,value
0,-0.58636
1,-1.4079
2,-1.3549
3,-1.5139
4,-1.5139
5,-1.5404
6,-1.4079
7,-0.74537
8,0.5002300000000001
9,1.0303
10,1.1363
11,1.0568
12,0.81825
13,0.44722
14,0.47373000000000004
15,0.5002300000000001
16,0.55323
17,0.52673
18,0.34121
19,1.3218
20,1.0568
21,0.6592399999999999
22,0.1557
23,-0.50685
