time,value
0,-0.28246
1,-1.0119
2,-1.3551
3,-1.4409
4,-1.3980000000000001
5,-1.5696
6,-1.1406
7,-1.0119
8,-0.025028
9,1.0476
10,1.6054
11,1.348
12,1.2192
13,0.8759899999999999
14,0.79018
15,1.0047
16,0.96181
17,0.53275
18,0.27531
19,-0.025028
20,-0.5828
21,-0.32537
22,0.23240999999999998
23,0.27531
