time,value
0,-0.79589
1,-1.1791
2,-1.5219999999999998
3,-1.6027
4,-1.6632
5,-1.4817
6,-1.1388
7,-0.3118
8,0.49501999999999996
9,1.0396
10,1.1808
11,1.0396
12,0.87826
13,0.27314
14,0.43451000000000006
15,0.39416999999999996
16,0.5353600000000001
17,0.8580899999999999
18,1.2212
19,1.1405
20,0.69672
21,0.2328
22,-0.1101
23,-0.61436
