time,value
0,0.15033
1,-0.32783
2,-0.84946
3,-1.0233
4,-0.97987
5,-1.0233
6,-0.84946
7,-1.4146
8,-1.0233
9,-0.11048
10,0.10686
11,0.49809
12,0.41115
13,-0.023546
14,-0.32783
15,-0.54518
16,-0.63212
17,-0.6755899999999999
18,1.3675
19,1.8891
20,1.8891
21,1.6718
22,1.1936
23,0.6285
