time,value
0,-0.70155
1,-1.0333
2,-1.3927
3,-1.4204
4,-1.4757
5,-1.5033
6,-1.6692
7,-0.70155
8,0.65317
9,1.3167
10,1.2614
11,1.2891
12,0.95729
13,0.73611
14,0.76376
15,0.9849399999999999
16,0.81906
17,0.59788
18,0.40434000000000003
19,0.12787
20,-0.038015
21,-0.28684
22,0.12787
23,0.18316
