time,value
0,-0.67511
1,-1.1708
2,-1.4186
3,-1.2018
4,-1.5735
5,-1.5116
6,-1.0469
7,-0.70609
8,0.4092
9,1.1217
10,1.4006
11,1.4315
12,1.3386
13,0.8429200000000001
14,0.81194
15,0.99782
16,0.99782
17,0.68802
18,0.16136
19,0.09939500000000001
20,-0.27237
21,-0.33433
22,-0.17943
23,-0.21040999999999999
