time,value
0,-0.77791
1,-1.2289
2,-1.5671
3,-1.5446
4,-1.5896
5,-1.4995
6,-1.1838
7,-0.23676
8,0.82301
9,1.2289
10,1.1387
11,0.98085
12,0.64262
13,0.43968999999999997
14,0.41713999999999996
15,0.39459
16,0.43968999999999997
17,0.46224
18,1.1612
19,1.3191
20,0.71027
21,0.2593
22,-0.23676
23,-0.55243
