time,value
0,-0.8696799999999999
1,-1.1785
2,-1.4359
3,-1.5131
4,-1.4874
5,-1.4616
6,-1.5388
7,-0.50937
8,0.44288
9,1.0348
10,0.98335
11,1.1635
12,0.98335
13,0.85467
14,0.90614
15,1.0863
16,0.98335
17,0.9318799999999999
18,0.5200899999999999
19,0.3142
20,-0.071848
21,-0.12332
22,0.082571
23,-0.097584
