time,value
0,0.89931
1,-0.254
2,-0.47368000000000005
3,-1.5171
4,-1.2426
5,-0.91304
6,-2.1213
7,-1.1876
8,0.24026999999999998
9,1.5583
10,1.7231
11,1.8329
12,1.1739
13,0.5148699999999999
14,0.24026999999999998
15,0.020595
16,-0.089244
17,-0.30892
18,-0.254
19,-0.14415999999999998
20,-0.254
21,-0.254
22,0.6796300000000001
23,0.13043
