time,value
0,-0.38532
1,-0.80887
2,-1.4795
3,-1.4795
4,-1.5501
5,-1.4795
6,-1.2677
7,-0.032355
8,0.3912
9,1.0265
10,1.203
11,1.0265
12,0.60297
13,0.17942
14,-0.31472
15,-0.24413
16,-0.35002
17,0.0029413
18,1.556
19,1.6619
20,1.3089
21,0.53238
22,0.10883
23,-0.20884
