time,value
0,-0.28215999999999997
1,-0.7336199999999999
2,-1.3732
3,-1.4861
4,-1.5989
5,-1.2979
6,-0.99697
7,-0.43265
8,0.43265
9,1.3732
10,1.2979
11,1.0346
12,0.65838
13,0.018811
14,-0.39503
15,-0.47026999999999997
16,-0.31978
17,-0.24454
18,1.4484
19,1.6742
20,1.2227
21,0.696
22,0.1693
23,-0.39503
