time,value
0,-0.49148000000000003
1,-1.0228
2,-1.3416
3,-1.4744
4,-1.4744
5,-1.501
6,-1.5276
7,-0.70401
8,0.38521
9,1.315
10,1.2885
11,1.2885
12,1.0759
13,0.83685
14,0.78371
15,0.83685
16,0.9696799999999999
17,0.81028
18,0.43835
19,0.25238
20,0.03985
21,-0.43835
22,-0.11955
23,-0.22582
