time,value
0,-0.83116
1,-1.3237
2,-1.57
3,-1.4879
4,-1.4605
5,-1.5426
6,-1.2416
7,-0.55753
8,0.5643699999999999
9,1.1664
10,1.1937
11,0.97482
12,0.9474600000000001
13,0.45492
14,0.42755
15,0.50964
16,0.48228000000000004
17,0.37283
18,0.48228000000000004
19,1.44
20,0.92009
21,0.48228000000000004
22,-0.010261
23,-0.39335
