time,value
0,-0.81304
1,-1.0907
2,-1.2493
3,-1.5269
4,-1.5269
5,-1.5666
6,-1.1303
7,-0.7733800000000001
8,0.25779
9,1.1303
10,1.2493
11,1.2493
12,1.2097
13,1.0113
14,0.9716899999999999
15,0.9716899999999999
16,1.0113
17,0.57508
18,0.37678
19,0.01983
20,-0.33712
21,-0.21813000000000002
22,0.29746
23,-0.099152
