time,value
0,-0.86145
1,-1.3195
2,-1.4444
3,-1.5693
4,-1.5693
5,-1.5693
6,-1.2570000000000001
7,-0.17437
8,0.9082899999999999
9,1.1373
10,1.1165
11,1.0749
12,0.78337
13,0.32532
14,0.36696
15,0.47106000000000003
16,0.5127
17,0.47106000000000003
18,1.1165
19,1.0957
20,0.72091
21,0.34614
22,-0.21600999999999998
23,-0.46586000000000005
