time,value
0,-0.08896799999999999
1,-0.72954
2,-1.0285
3,-1.242
4,-1.5836
5,-1.2847
6,-0.94306
7,-0.9857600000000001
8,-0.85765
9,0.039146
10,0.59431
11,0.80783
12,0.72242
13,0.33808
14,-0.08896799999999999
15,-0.25979
16,-0.30249000000000004
17,-0.3879
18,0.12455999999999999
19,1.79
20,1.8327
21,1.6192
22,1.1922
23,0.72242
