time,value
0,-0.7359100000000001
1,-1.0518
2,-1.0781
3,-1.3676
4,-1.5519
5,-1.4992
6,-1.4992
7,-0.9728100000000001
8,0.71178
9,1.1329
10,1.2382
11,1.3172
12,1.2909
13,0.71178
14,0.76443
15,0.975
16,0.94868
17,0.6328199999999999
18,0.47489
19,0.21166999999999997
20,-0.13051
21,-0.26211999999999996
22,-0.051547
23,-0.20948000000000003
