time,value
0,-0.3286
1,-0.9407700000000001
2,-1.3369
3,-1.4089
4,-1.5530000000000002
5,-1.3729
6,-1.1928
7,-0.90476
8,-0.50865
9,-0.14854
10,0.39161
11,0.7157100000000001
12,1.0398
13,0.31959
14,0.24756999999999998
15,-0.11252999999999999
16,-0.18455
17,0.3556
18,1.2559
19,1.5439
20,1.6159999999999999
21,1.3999
22,0.85975
23,0.24756999999999998
