time,value
0,0.47668
1,-0.48672
2,-1.0888
3,-1.2695
4,-1.5103
5,-1.1491
6,-0.9082100000000001
7,-0.9684200000000001
8,0.23583
9,1.7412
10,1.982
11,1.8014
12,1.0186
13,0.11540999999999998
14,-0.54693
15,-0.30608
16,-0.36629
17,-0.48672
18,-0.42651000000000006
19,-0.0050177
20,0.29605
21,1.3197
22,0.5369
23,-0.0050177
