time,value
0,-0.73125
1,-1.0638
2,-1.4732
3,-1.5755
4,-1.7034
5,-1.4732
6,-1.3708
7,-0.68008
8,0.44556999999999997
9,1.4945
10,1.341
11,1.1619
12,0.93165
13,0.49673999999999996
14,0.5734899999999999
15,0.7014
16,0.26649
17,0.77815
18,0.52232
19,0.59907
20,0.36882
21,0.49673999999999996
22,0.11299000000000001
23,-0.21959
