time,value
0,-1.0055
1,-1.1924
2,-1.6130000000000002
3,-1.6130000000000002
4,-1.5195
5,-1.4961
6,-1.1924
7,-0.094422
8,0.67653
9,1.1905
10,1.0036
11,0.88679
12,0.67653
13,0.37282
14,0.30273
15,0.48963
16,0.58308
17,0.72325
18,1.3073
19,1.1905
20,0.65317
21,0.27937
22,-0.07106
23,-0.5383
