time,value
0,0.5544100000000001
1,-0.17468
2,-0.72149
3,-1.1468
4,-1.2076
5,-1.2683
6,-1.0253
7,-1.5721
8,-0.72149
9,0.25062
10,0.7974399999999999
11,1.162
12,1.2835
13,0.31138000000000005
14,-0.11392000000000001
15,-0.053163
16,0.0075947
17,-0.5999800000000001
18,-0.72149
19,-0.41771
20,0.37214
21,1.2227
22,2.0733
23,1.7088
