time,value
0,0.10472999999999999
1,-0.50967
2,-0.9565
3,-1.3475
4,-1.515
5,-1.3475
6,-1.1799
7,-1.4592
8,-0.90064
9,0.43985
10,0.7749699999999999
11,0.94253
12,0.6632600000000001
13,0.43985
14,-0.3421
15,0.16058
16,-0.2304
17,-0.062836
18,0.048872000000000006
19,0.7749699999999999
20,1.3335
21,2.1155
22,1.2218
23,0.83083
