time,value
0,-0.44323999999999997
1,-1.1644
2,-1.495
3,-1.3748
4,-1.4349
5,-1.4048
6,-1.7654
7,0.067613
8,0.7287100000000001
9,1.3297
10,1.4499
11,1.3297
12,0.99916
13,0.5484100000000001
14,0.78881
15,0.84891
16,0.93906
17,0.39816
18,0.24791
19,0.12771
20,-0.23289
21,-0.41318999999999995
22,0.037563
23,-0.11269000000000001
