time,value
0,-1.1696
1,-1.4291
2,-1.5290000000000001
3,-1.5689
4,-1.6088
5,-1.5090000000000001
6,-1.0897
7,-0.13143
8,0.5473600000000001
9,0.98659
10,0.98659
11,1.1064
12,0.76698
13,0.44753999999999994
14,0.56733
15,0.5274
16,0.62722
17,0.5473600000000001
18,1.1862
19,1.0465
20,0.62722
21,0.42758
22,-0.07153999999999999
23,-0.29115
