time,value
0,-0.9866299999999999
1,-1.3528
2,-1.5237
3,-1.6457
4,-1.719
5,-1.4504
6,-1.0599
7,-0.083406
8,0.50247
9,1.3813
10,1.3569
11,1.1616
12,0.9418799999999999
13,0.52688
14,0.60011
15,0.60011
16,0.67335
17,0.40481999999999996
18,0.1363
19,0.18512
20,0.72217
21,0.72217
22,0.063063
23,-0.15664
