time,value
0,-0.33416999999999997
1,-1.058
2,-1.4344
3,-1.3765
4,-1.4923
5,-1.5792
6,-1.5213
7,-0.79743
8,0.50548
9,1.1714
10,1.403
11,1.2583
12,1.1135
13,0.70816
14,0.8239700000000001
15,0.9687399999999999
16,0.76607
17,0.73711
18,0.41862
19,0.2449
20,-0.10254
21,-0.47894
22,0.013269999999999999
23,0.042224
