time,value
0,-0.4471
1,-1.0119
2,-1.3199
3,-1.5509
4,-1.4996
5,-1.4739
6,-1.5766
7,-0.75515
8,0.3487
9,1.2472
10,1.2985
11,1.1958
12,1.0161
13,0.7851
14,0.81077
15,0.9648
16,1.0675
17,0.81077
18,0.40004
19,0.16899999999999998
20,-0.24173000000000003
21,-0.19039
22,0.11765999999999999
23,-0.16472
