time,value
0,-0.64251
1,-0.95489
2,-1.6365
3,-1.4377
4,-1.4945
5,-1.6648
6,-1.2105
7,-0.67091
8,0.9193899999999999
9,1.5158
10,1.4022
11,1.3738
12,0.8626
13,0.69221
14,0.8058
15,0.63541
16,0.60701
17,0.35143
18,0.095844
19,-0.017749
20,-0.10294
21,0.46502
22,0.095844
23,0.010648999999999999
