time,value
0,-0.5667300000000001
1,-1.0661
2,-1.3599
3,-1.5068
4,-1.5655
5,-1.4480000000000002
6,-1.6537
7,-0.59611
8,0.7258600000000001
9,1.2546
10,1.3134
11,1.284
12,1.1078
13,0.69648
14,0.7552300000000001
15,0.9608700000000001
16,0.78461
17,0.5495899999999999
18,0.31458
19,-0.0085683
20,-0.15545
21,-0.12608
22,0.16769
23,0.13832
