time,value
0,-0.9293100000000001
1,-1.2588
2,-1.6089
3,-1.5471
4,-1.5677
5,-1.4236
6,-1.2794
7,-0.29089
8,0.67703
9,1.1301
10,1.0271
11,1.0477
12,0.84178
13,0.57406
14,0.49168
15,0.61525
16,0.71822
17,0.8005899999999999
18,1.1919
19,0.88297
20,0.34752
21,0.22396
22,-0.14673
23,-0.5174300000000001
