time,value
0,-0.8675799999999999
1,-1.1713
2,-1.5303
3,-1.5856
4,-1.696
5,-1.4199
6,-1.3094
7,-0.64666
8,0.73411
9,1.2588
10,1.2036
11,1.0931
12,0.67888
13,0.43033999999999994
14,0.5684100000000001
15,0.51318
16,0.48557
17,0.26465
18,0.34749
19,1.1207
20,0.9550299999999999
21,0.62365
22,0.043724
23,-0.09435199999999999
