time,value
0,-1.0199
1,-1.3105
2,-1.4223
3,-1.4447
4,-1.5341
5,-1.5341
6,-1.3552
7,-0.23751999999999998
8,0.5001800000000001
9,1.0590000000000002
10,1.0814
11,0.90256
12,0.7013699999999999
13,0.23193000000000003
14,0.43312
15,0.43312
16,0.65666
17,0.88021
18,1.3273
19,1.1485
20,0.7013699999999999
21,0.43312
22,-0.10339000000000001
23,-0.52812
