time,value
0,-0.8396600000000001
1,-1.3369
2,-1.3893
3,-1.4416
4,-1.3107
5,-1.4154
6,-1.4678
7,-0.63029
8,0.5212399999999999
9,1.2017
10,1.2017
11,1.2017
12,1.097
13,0.88764
14,0.80913
15,0.9923299999999999
16,1.0185
17,0.6782699999999999
18,0.5735899999999999
19,0.02399
20,-0.23772
21,-0.29006
22,0.15485
23,-0.0021809
