time,value
0,0.1187
1,-0.73169
2,-0.9442799999999999
3,-0.9442799999999999
4,-0.9017700000000001
5,-1.1144
6,-1.0718
7,-1.4969999999999999
8,-0.73169
9,-0.0088582
10,0.3313
11,0.28878000000000004
12,0.54389
13,0.16122
14,-0.09389700000000001
15,-0.34901
16,-0.56161
17,-0.6041300000000001
18,0.076181
19,1.8195
20,1.8195
21,1.8619999999999999
22,1.4368
23,1.0966
