time,value
0,-0.73168
1,-1.1713
2,-1.5132
3,-1.7086
4,-1.6598
5,-1.3423
6,-1.3667
7,-0.21879
8,0.41621
9,1.2466
10,1.1978
11,0.9779399999999999
12,0.68487
13,0.5139
14,0.48948
15,0.5139
16,0.46506000000000003
17,0.5139
18,0.7337100000000001
19,1.3443
20,0.85583
21,0.39179
22,-0.047829
23,-0.58514
