time,value
0,-0.9530299999999999
1,-1.1541
2,-1.5561
3,-1.6455
4,-1.5338
5,-1.4668
6,-1.2434
7,-0.10424000000000001
8,0.76689
9,1.1019
10,1.1689
11,1.1466
12,0.92325
13,0.32016
14,0.32016
15,0.43183999999999995
16,0.49885
17,0.4095
18,1.2136
19,1.0573
20,0.72222
21,0.25315
22,-0.23826
23,-0.43928999999999996
