time,value
0,-0.59244
1,-0.9471700000000001
2,-1.2132
3,-1.5088
4,-1.4793
5,-1.4201
6,-1.5384
7,-0.7106899999999999
8,0.61954
9,1.5359
10,1.4768
11,1.2403
12,1.2403
13,0.7673399999999999
14,0.7673399999999999
15,0.8264600000000001
16,0.85603
17,0.47173999999999994
18,0.057888999999999996
19,-0.0012317
20,-0.20815999999999998
21,-0.23772
22,0.057888999999999996
23,-0.060353
