time,value
0,-0.7596
1,-1.0585
2,-1.4117
3,-1.4388
4,-1.6018
5,-1.4932
6,-1.5203
7,-0.97695
8,0.082639
9,0.97921
10,1.0607
11,1.0064
12,0.9248799999999999
13,0.43583
14,0.87054
15,0.89771
16,1.1694
17,1.0879
18,0.54451
19,0.32716
20,0.29999000000000003
21,0.59885
22,0.16415
23,-0.18905
