time,value
0,-0.6372899999999999
1,-0.94375
2,-1.3338
3,-1.5845
4,-1.3895
5,-1.4174
6,-1.5009
7,-0.8601700000000001
8,0.36566
9,1.0622
10,1.3408
11,1.3686
12,1.0343
13,0.8392799999999999
14,0.7557
15,1.0343
16,1.1457
17,0.69998
18,0.36566
19,0.17064000000000001
20,-0.13582
21,-0.38656
22,0.0034825000000000004
23,0.0034825000000000004
