time,value
0,-0.91191
1,-1.2327
2,-1.5041
3,-1.5534
4,-1.6521
5,-1.4547
6,-1.1340000000000001
7,-0.41843
8,0.5932
9,0.91396
10,1.136
11,0.96331
12,0.8399399999999999
13,0.34646
14,0.22309
15,0.22309
16,0.46983
17,1.1607
18,1.3334
19,1.1854
20,0.56853
21,0.34646
22,-0.072994
23,-0.36908
