time,value
0,-0.8509200000000001
1,-1.2252
2,-1.3321
3,-1.733
4,-1.5994
5,-1.4657
6,-1.2519
7,-0.55689
8,0.61926
9,1.2875
10,1.3944
11,1.2341
12,0.99349
13,0.80637
14,0.8598299999999999
15,0.67272
16,0.64599
17,0.51234
18,0.32522
19,0.27176
20,0.16484000000000001
21,0.40541
22,-0.022275
23,-0.15592999999999999
