time,value
0,0.45466000000000006
1,-0.067715
2,-0.8803
3,-1.1125
4,-1.2866
5,-1.1705
6,-0.82225
7,-1.1125
8,-0.067715
9,0.28053
10,0.5707399999999999
11,0.5707399999999999
12,0.62878
13,-0.067715
14,-0.29988000000000004
15,-0.35791999999999996
16,-0.64813
17,-0.7642100000000001
18,-0.41596000000000005
19,-0.24184
20,0.80291
21,2.312
22,2.312
23,1.3833
