time,value
0,2.0208
1,-0.17043
2,-0.6817
3,-1.0469
4,-1.266
5,-1.193
6,-0.9008200000000001
7,-1.4121
8,0.34085
9,1.3634
10,1.7286
11,1.6556
12,1.2173
13,0.77909
14,-0.24347
15,-0.3165
16,-0.024347
17,-0.097386
18,-0.097386
19,-0.24347
20,-0.9738600000000001
21,-0.6086600000000001
22,0.34085
23,-0.17043
