time,value
0,-0.7959999999999999
1,-0.94206
2,-1.1757
3,-1.4386
4,-1.4094
5,-1.4679
6,-1.5847
7,-0.82521
8,0.46008000000000004
9,1.1904
10,1.278
11,1.3364
12,1.1319
13,0.81061
14,0.8398200000000001
15,0.9566600000000001
16,0.98588
17,0.86903
18,0.34323000000000004
19,0.021908
20,-0.35784
21,-0.32863000000000003
22,0.051119
23,0.051119
