time,value
0,-0.93839
1,-1.1355
2,-1.6283
3,-1.6037
4,-1.6776
5,-1.4558
6,-1.1109
7,-0.44558000000000003
8,0.73716
9,1.23
10,1.23
11,1.0575
12,0.86036
13,0.44147
14,0.5154
15,0.41683000000000003
16,0.5154
17,0.31827
18,0.26899
19,1.3285
20,0.81108
21,0.5154
22,-0.026694
23,-0.22382
