time,value
0,0.7351800000000001
1,-0.44111000000000006
2,-1.0012
3,-1.1133
4,-1.0573
5,-1.3933
6,-1.8975
7,-0.9452299999999999
8,0.34308
9,1.3513
10,1.6874
11,1.9115
12,1.7434
13,0.45511
14,0.17504
15,-0.049012
16,0.11903
17,0.0070017
18,-0.16104000000000002
19,-0.049012
20,-0.44111000000000006
21,-0.49712
22,0.51112
23,0.0070017
