time,value
0,-0.8716299999999999
1,-1.2423
2,-1.3483
3,-1.5601
4,-1.4542
5,-1.3218
6,-1.4277
7,-0.79219
8,0.37292
9,1.1144
10,1.1673
11,1.1673
12,1.1408
13,0.77012
14,0.84956
15,1.0349
16,1.0084
17,0.84956
18,0.47884
19,0.31995999999999997
20,0.0022066
21,-0.18315
22,0.055166
23,-0.13019
