time,value
0,-0.19643
1,-0.71542
2,-1.0182
3,-1.2777
4,-1.3642
5,-1.4507
6,-1.0614
7,-0.71542
8,-0.9316700000000001
9,-0.023427
10,0.45232
11,0.66857
12,0.62532
13,0.23606999999999997
14,-0.28292
15,-0.19643
16,-0.54242
17,-0.10993
18,1.4471
19,1.8363
20,1.6633
21,1.6201
22,0.79832
23,0.53882
