time,value
0,-1.0672
1,-1.3645
2,-1.5131
3,-1.5874
4,-1.5874
5,-1.5131
6,-1.0672
7,-0.42318
8,0.44382
9,1.0631
10,0.93926
11,0.9888
12,0.8154
13,0.39428
14,0.54291
15,0.642
16,0.49337
17,0.41905
18,0.91448
19,1.4347
20,0.88971
21,0.44382
22,-0.15069000000000002
23,-0.15069000000000002
