time,value
0,-1.0329
1,-1.2618
2,-1.5593
3,-1.6738
4,-1.5822
5,-1.4678
6,-1.1473
7,-0.11731
8,0.5693699999999999
9,1.05
10,0.9584799999999999
11,0.86692
12,0.63803
13,0.2947
14,0.31759
15,0.36336
16,0.5693699999999999
17,0.66092
18,1.462
19,1.1416
20,0.84404
21,0.47781
22,0.020028
23,-0.39198
