time,value
0,0.7078800000000001
1,-0.64225
2,-0.75476
3,-0.75476
4,-0.9797799999999999
5,-1.4298
6,-1.0923
7,-1.8799
8,-0.1922
9,1.3829
10,1.8330000000000002
11,1.9455
12,1.1579
13,0.37035
14,-0.1922
15,-0.30471
16,0.7078800000000001
17,0.25784
18,-0.30471
19,-0.64225
20,-0.41722
21,-0.1922
22,1.0454
23,0.37035
