time,value
0,-0.43483
1,-0.9751
2,-1.4585
3,-1.4869
4,-1.3732
5,-1.2309999999999999
6,-1.6576
7,-0.8898
8,0.33293
9,1.0723
10,1.3566
11,1.4419
12,1.0154
13,0.7025899999999999
14,0.87321
15,0.9585100000000001
16,1.0154
17,0.84477
18,0.50355
19,0.16232
20,-0.12204000000000001
21,-0.23578000000000002
22,-0.12204000000000001
23,-0.29265
