time,value
0,0.062451
1,-0.9630700000000001
2,-1.1208
3,-1.2786
4,-1.5153
5,-1.1997
6,-0.9630700000000001
7,-1.8308
8,-0.41086999999999996
9,0.53577
10,1.1669
11,1.0091
12,1.6402
13,0.53577
14,0.85131
15,0.6935399999999999
16,0.53577
17,0.22021999999999997
18,-0.41086999999999996
19,-0.17421
20,-0.48975
21,1.0091
22,0.7724300000000001
23,1.3246
