time,value
0,-0.97935
1,-1.4245
2,-1.558
3,-1.6916
4,-1.6471
5,-1.3577
6,-1.0906
7,-0.11129000000000001
8,0.71225
9,1.0906
10,1.0684
11,0.97935
12,0.7567699999999999
13,0.28935
14,0.46741000000000005
15,0.37838
16,0.40064
17,0.35613
18,1.3132
19,1.2019
20,0.71225
21,0.37838
22,-0.044516
23,-0.20032
