time,value
0,-0.9846299999999999
1,-1.4533
2,-1.5273
3,-1.4780000000000002
4,-1.6506
5,-1.5026
6,-1.0586
7,-0.44195
8,0.54473
9,1.3587
10,1.1614
11,0.98874
12,0.76674
13,0.52007
14,0.3474
15,0.47073000000000004
16,0.54473
17,0.19939
18,0.32273
19,1.3341
20,0.89007
21,0.61873
22,0.15006
23,-0.12128
