time,value
0,-0.41297
1,-1.1731
2,-1.2901
3,-1.524
4,-1.4069999999999998
5,-1.5825
6,-1.7286
7,-0.79306
8,0.37643000000000004
9,1.2535
10,1.2828
11,1.2828
12,0.9027
13,0.75651
14,0.87346
15,0.78575
16,0.9319299999999999
17,0.6688
18,0.34719
19,0.11329000000000002
20,-0.032892000000000005
21,0.37643000000000004
22,0.025582
23,-0.032892000000000005
