time,value
0,1.2373
1,0.75707
2,0.19677
3,-0.52361
4,-0.28348
5,-0.44356999999999996
6,-1.4041
7,-1.9644
8,-1.1639
9,-0.76374
10,0.11673
11,0.4369
12,0.5969800000000001
13,-0.1234
14,-0.1234
15,-0.20344
16,-0.84378
17,-0.60365
18,-0.36353
19,-0.043356
20,0.27681
21,0.75707
22,2.1178
23,2.3579
