time,value
0,-1.006
1,-1.3971
2,-1.5274
3,-1.6057
4,-1.6317
5,-1.4231
6,-1.0581
7,-0.51059
8,0.5844699999999999
9,1.2102
10,1.3406
11,1.3406
12,1.0538
13,0.4541
14,0.63661
15,0.63661
16,0.76698
17,0.50625
18,0.21945
19,0.24552
20,0.11515999999999998
21,0.66268
22,0.34981
23,0.036937
