time,value
0,-0.010692
1,-0.86605
2,-1.2937
3,-1.0371
4,-1.2937
5,-1.5076
6,-1.2082
7,-0.99436
8,0.41698999999999997
9,1.1868
10,1.4007
11,1.1440000000000001
12,0.6736
13,0.20315
14,-0.3956
15,-0.43837
16,-0.43837
17,-0.48113999999999996
18,0.11760999999999999
19,1.8283
20,1.4862
21,1.1440000000000001
22,0.33145
23,0.032076
