time,value
0,-0.7631100000000001
1,-1.0625
2,-1.5523
3,-1.5251
4,-1.5251
5,-1.5795
6,-1.3346
7,-0.8175399999999999
8,0.40707
9,1.0058
10,1.2507
11,1.1963
12,1.0602
13,0.76084
14,0.76084
15,0.89691
16,1.033
17,0.57035
18,0.5159199999999999
19,0.40707
20,0.18936
21,0.35264
22,-0.055561
23,-0.19163
