time,value
0,-1.2599
1,-1.1703
2,-1.5511
3,-1.5287
4,-1.5735
5,-1.3271
6,-1.1479
7,-0.25198000000000004
8,0.86793
9,1.2263
10,1.1591
11,1.0471
12,0.75594
13,0.28558
14,0.30796999999999997
15,0.46476000000000006
16,0.55435
17,0.50956
18,1.1815
19,1.1815
20,0.55435
21,0.33037
22,-0.13999
23,-0.47596000000000005
