time,value
0,-0.75747
1,-1.2441
2,-1.3831
3,-1.5222
4,-1.6612
5,-1.4527
6,-1.1398
7,-0.7227100000000001
8,0.35484
9,1.1891
10,1.4672
11,1.3629
12,1.2238
13,0.66768
14,0.6329199999999999
15,0.6329199999999999
16,0.7719600000000001
17,0.45912
18,0.28531999999999996
19,-0.027518
20,-0.027518
21,0.80672
22,0.28531999999999996
23,-0.20132
