time,value
0,0.91295
1,0.59655
2,0.042845999999999995
3,-0.58996
4,-0.74816
5,-0.66906
6,-1.7765
7,-1.9347
8,-0.98546
9,-0.19446
10,0.28015
11,0.67565
12,0.51745
13,0.12195
14,0.12195
15,-0.58996
16,-0.5108600000000001
17,-0.5108600000000001
18,-0.27355999999999997
19,0.042845999999999995
20,0.43835
21,0.51745
22,2.495
23,2.0204
