time,value
0,-0.9521700000000001
1,-1.4082
2,-1.5349
3,-1.6362
4,-1.5602
5,-1.4082
6,-1.0535
7,-0.54681
8,0.59326
9,1.176
10,1.0746
11,0.74527
12,0.8972700000000001
13,0.41591000000000006
14,0.61859
15,0.64393
16,0.61859
17,0.36524
18,0.31456999999999996
19,1.328
20,1.0239
21,0.6692600000000001
22,0.010556
23,-0.3948
