time,value
0,-0.63902
1,-1.3784
2,-1.6408
3,-1.6408
4,-1.6408
5,-1.4977
6,-1.1876
7,-0.18584
8,0.55355
9,1.1021
10,1.1498
11,1.1737
12,0.8874700000000001
13,0.43428999999999995
14,0.43428999999999995
15,0.43428999999999995
16,0.5297
17,0.36274
18,0.72051
19,1.2691
20,0.79206
21,0.33889
22,-0.18584
23,-0.18584
