time,value
0,-0.47668
1,-1.0047
2,-1.3127
3,-1.4447
4,-1.6207
5,-1.3127
6,-1.1367
7,-0.65269
8,-0.21266999999999997
9,-0.52068
10,0.31534
11,0.75536
12,0.9753700000000001
13,0.35935
14,0.051335000000000006
15,-0.12467
16,-0.25668
17,0.57935
18,1.3714
19,1.4594
20,1.5474
21,1.3714
22,1.0194
23,0.27134
