time,value
0,0.27403
1,-0.15622
2,-0.83234
3,-0.9552700000000001
4,-1.0167
5,-1.2011
6,-0.83234
7,-1.3855
8,-0.7708699999999999
9,0.3355
10,1.1345
11,1.0731
12,1.0731
13,0.27403
14,0.089637
15,-0.46355
16,-0.64794
17,-0.7708699999999999
18,-0.7708699999999999
19,-0.09475900000000001
20,0.3355
21,2.2409
22,1.8107
23,1.2575
