time,value
0,0.45158000000000004
1,-0.48441999999999996
2,-0.97705
3,-1.6175
4,-1.716
5,-1.3219
6,-1.2234
7,-0.28736999999999996
8,0.69789
9,1.5354
10,1.8309
11,1.6339
12,1.1413
13,0.35305
14,-0.2381
15,-0.2381
16,-0.33663000000000004
17,-0.38589
18,-0.53368
19,-0.13957999999999998
20,0.156
21,1.1905
22,0.5501
23,-0.041052
