time,value
0,-0.32666999999999996
1,-0.81262
2,-1.2662
3,-1.6225
4,-1.6225
5,-1.5578
6,-1.1366
7,-0.16468
8,0.6128399999999999
9,1.2284
10,1.4876
11,1.1636
12,0.83962
13,0.22408000000000003
14,-0.16468
15,-0.29427
16,-0.13229000000000002
17,-0.06749400000000001
18,1.2932
19,1.4876
20,0.9044200000000001
21,0.51565
22,-0.035097
23,-0.55345
