time,value
0,-0.8779399999999999
1,-1.1167
2,-1.445
3,-1.4748
4,-1.6838
5,-1.3555
6,-1.1167
7,-0.7884
8,0.37555
9,1.3306
10,1.5097
11,1.45
12,1.0321
13,0.49493000000000004
14,0.55462
15,0.73369
16,0.8530700000000001
17,0.49493000000000004
18,0.13679000000000002
19,0.10694000000000001
20,0.077099
21,0.8232200000000001
22,0.077099
23,-0.1915
