time,value
0,-0.90556
1,-1.2818
2,-1.5133
3,-1.6001
4,-1.6869
5,-1.5133
6,-0.9923799999999999
7,-0.7608699999999999
8,0.19414
9,1.1781
10,1.236
11,1.207
12,0.8886799999999999
13,0.30989
14,0.9465600000000001
15,0.9176200000000001
16,0.8308
17,0.5414100000000001
18,0.39671
19,0.19414
20,0.30989
21,0.7729199999999999
22,0.28095
23,0.049438
