time,value
0,-0.048721
1,-1.1815
2,-1.5469
3,-1.5834
4,-1.7296
5,-1.4373
6,-0.96225
7,0.46285
8,0.71864
9,1.084
10,1.3033
11,1.1937
12,0.6821
13,0.024361
14,-0.19489
15,-0.30451
16,-0.30451
17,-0.085262
18,0.53593
19,1.5956
20,1.1571
21,0.7551800000000001
22,0.28015
23,-0.41413
