time,value
0,0.23076
1,-0.34883000000000003
2,-0.73522
3,-1.3148
4,-1.508
5,-0.92842
6,-1.186
7,-1.186
8,-0.09123200000000001
9,1.7119
10,1.7763
11,1.8407
12,1.3899
13,0.23076
14,-0.026833
15,-0.41323000000000004
16,-0.47763
17,-0.60643
18,-0.54203
19,-0.28443
20,0.35956
21,1.1968
22,0.55276
23,0.35956
