time,value
0,-0.46179
1,-0.8711899999999999
2,-1.2806
3,-1.3683
4,-1.4561
5,-1.1929
6,-1.4853
7,-0.63725
8,0.62019
9,1.1758
10,1.4975
11,1.2635
12,1.0588
13,0.94186
14,0.82489
15,0.64944
16,1.0881
17,0.70792
18,0.47398
19,-1.2806
20,-0.14012
21,-0.25709
22,0.064578
23,0.064578
