time,value
0,-1.0978
1,-1.4147
2,-1.5732
3,-1.5732
4,-1.5336
5,-1.4345
6,-1.0978
7,-0.06768099999999999
8,0.70487
9,1.0614
10,1.0812
11,0.96239
12,0.7841100000000001
13,0.5464
14,0.40774
15,0.42755
16,0.46716
17,0.40774
18,1.1209
19,1.2199
20,0.80392
21,0.38793
22,-0.028063
23,-0.56291
