time,value
0,-0.48817
1,-0.94291
2,-1.3709
3,-1.5046
4,-1.5314
5,-1.5046
6,-1.4511
7,-0.62192
8,0.44805
9,1.2505
10,1.4645
11,1.4913
12,1.2505
13,0.76904
14,0.90279
15,0.76904
16,0.68879
17,0.44805
18,0.3678
19,0.046811
20,-0.14043
21,-0.27418000000000003
22,0.07356
23,-0.14043
