time,value
0,-0.90044
1,-1.2615
2,-1.4282
3,-1.6226
4,-1.5949
5,-1.5393
6,-1.6226
7,0.15509
8,0.6550699999999999
9,1.0162
10,1.2662
11,1.0439
12,0.9050600000000001
13,0.5995199999999999
14,0.82173
15,0.87729
16,0.82173
17,0.5161899999999999
18,0.34953
19,0.3773
20,0.071757
21,0.5161899999999999
22,0.21064000000000002
23,-0.23379
