time,value
0,-0.67695
1,-1.0953
2,-1.4788
3,-1.6880000000000002
4,-1.6880000000000002
5,-1.5486
6,-0.9907299999999999
7,-0.46776
8,0.26439
9,0.61303
10,1.0314
11,1.0314
12,0.78735
13,0.33412
14,0.055202
15,0.055202
16,0.12493
17,1.1011
18,1.4149
19,1.38
20,0.96168
21,0.61303
22,0.1598
23,-0.29344000000000003
