time,value
0,-1.0932
1,-1.0672
2,-1.5358
3,-1.5358
4,-1.5878
5,-1.4837
6,-1.2494
7,-0.7028
8,0.39045
9,1.0412
10,0.98913
11,0.98913
12,0.85898
13,0.46853999999999996
14,0.46853999999999996
15,0.52059
16,0.57265
17,0.46853999999999996
18,0.98913
19,1.3535
20,0.9370700000000001
21,0.49456000000000006
22,-0.07808899999999999
23,-0.20824
