time,value
0,-0.34210999999999997
1,-0.8595799999999999
2,-1.2046
3,-1.4805
4,-1.722
5,-1.4805
6,-1.2391
7,-0.9285700000000001
8,-0.27310999999999996
9,-0.13512000000000002
10,0.69284
11,0.83083
12,0.72733
13,0.34786
14,-0.13512000000000002
15,-0.066121
16,-0.066121
17,0.83083
18,1.3138
19,1.6243
20,1.4173
21,1.1413
22,0.76183
23,0.24436
