time,value
0,-0.61659
1,-1.1681
2,-1.4744
3,-1.5664
4,-1.5664
5,-1.5357
6,-1.2906
7,-0.67786
8,0.39446
9,1.4668
10,1.4055
11,1.3136
12,1.1298
13,0.48638000000000003
14,0.63956
15,0.63956
16,0.79275
17,0.45574
18,0.11872
19,0.057446000000000004
20,0.27191
21,0.57829
22,0.27191
23,-0.12638
