time,value
0,-0.26682
1,-1.1113
2,-1.3576
3,-1.3224
4,-1.5335
5,-1.5335
6,-1.3224
7,-0.26682
8,0.22578
9,1.1054
10,1.2109999999999999
11,0.96468
12,0.75356
13,0.12022000000000001
14,-0.23164
15,-0.30201
16,-0.12608
17,0.36651999999999996
18,1.5276
19,1.598
20,1.2813
21,0.57763
22,0.049846
23,-0.40757
