time,value
0,0.43101999999999996
1,-0.51848
2,-1.1182
3,-1.2181
4,-1.368
5,-1.6679
6,-1.8178
7,-1.0182
8,0.48100000000000004
9,1.4805
10,1.5804
11,1.6304
12,1.1806
13,0.33108000000000004
14,0.13118
15,-0.11869
16,-0.21864
17,-0.31858000000000003
18,-0.11869
19,0.13118
20,0.5309699999999999
21,0.68089
22,0.88079
23,0.031233999999999998
