time,value
0,-0.61222
1,-1.0499
2,-1.3625
3,-1.425
4,-1.2375
5,-1.5501
6,-1.3
7,-0.67474
8,0.32565
9,1.1697
10,1.2948
11,1.2322
12,0.95089
13,0.38816999999999996
14,-0.20581
15,-0.08076
16,0.23185999999999998
17,0.63827
18,1.3573
19,1.5136
20,0.82584
21,0.29438000000000003
22,-0.08076
23,-0.64348
