time,value
0,-1.2627
1,-1.4498
2,-1.5199
3,-1.6602
4,-1.7069999999999999
5,-1.403
6,-1.099
7,-0.16368
8,0.65474
9,1.0523
10,1.0523
11,1.0289
12,0.91195
13,0.65474
14,0.7015
15,0.7015
16,0.74827
17,0.49105
18,0.30398000000000003
19,0.44428999999999996
20,0.5612
21,0.81842
22,0.2806
23,-0.1403
