time,value
0,0.71432
1,0.62903
2,0.11728
3,-0.30918
4,-0.30918
5,-0.30918
6,0.031985
7,-1.6739
8,-1.5886
9,-0.22389
10,-0.1386
11,0.28786
12,-0.1386
13,-0.47977
14,-0.47977
15,-0.56506
16,-0.56506
17,-0.82094
18,-0.47977
19,-0.30918
20,0.11728
21,2.4202
22,2.1643
23,1.9084
