time,value
0,-0.58214
1,-1.1312
2,-1.4973
3,-1.6803
4,-1.6803
5,-1.4668
6,-1.1923
7,-0.70417
8,0.57706
9,1.3702
10,1.4617
11,1.2482
12,1.0346
13,0.51605
14,0.6075699999999999
15,0.6685800000000001
16,0.63807
17,0.51605
18,0.27201
19,0.18049
20,-0.094058
21,0.72959
22,0.21100000000000002
23,-0.0025421
