d3mIndex,sunspots
180,94.33475078077706
181,136.04229920145133
182,179.34687990092038
183,184.70971604420308
184,160.58621133028493
185,112.48432413874015
186,69.33303932529094
187,36.707014836344584
188,14.304857873576001
189,27.243016614999135
190,57.21226242083824
191,103.37043863907124
192,142.7310799641628
193,168.08406222466223
194,163.93691915157552
195,136.33634866469117
196,98.71896248479574
197,58.116777459880566
198,32.0837009854
199,24.906092608111937
200,42.50232846031761
